term,document_frequency,total_frequency,idf
search,48,667,1.040005
term,47,295,1.060625
inform,47,1187,1.060625
develop,47,368,1.060625
gener,47,416,1.060625
project,47,247,1.060625
contact,47,140,1.060625
content,46,378,1.081678
english,46,151,1.081678
retriev,46,1739,1.081678
creat,46,216,1.081678
link,46,366,1.081678
wikimedia,46,127,1.081678
privaci,46,144,1.081678
text,46,348,1.081678
url,46,95,1.081678
organ,46,201,1.081678
wikipedia,46,413,1.081678
tool,46,239,1.081678
help,45,211,1.103184
main,45,270,1.103184
relat,45,202,1.103184
polici,45,159,1.103184
creativ,45,80,1.103184
use,45,964,1.103184
cooki,45,45,1.103184
avail,45,131,1.103184
donat,45,97,1.103184
recent,45,92,1.103184
legal,45,134,1.103184
mobil,44,95,1.125163
file,44,183,1.125163
chang,44,176,1.125163
account,44,124,1.125163
special,44,109,1.125163
code,44,118,1.125163
non,44,139,1.125163
histori,44,295,1.125163
wikidata,44,107,1.125163
add,44,82,1.125163
common,44,219,1.125163
version,44,94,1.125163
languag,44,514,1.125163
commun,44,179,1.125163
person,44,139,1.125163
print,44,69,1.125163
pdf,44,294,1.125163
portal,44,64,1.125163
navig,44,71,1.125163
page,44,416,1.125163
current,44,113,1.125163
menu,43,95,1.147636
read,43,158,1.147636
site,43,151,1.147636
foundat,43,146,1.147636
statist,43,214,1.147636
free,43,164,1.147636
categori,43,205,1.147636
topic,43,131,1.147636
view,43,203,1.147636
edit,43,862,1.147636
licens,43,90,1.147636
learn,43,955,1.147636
log,43,92,1.147636
action,43,109,1.147636
printabl,42,42,1.170626
conduct,42,62,1.170626
encyclopedia,42,80,1.170626
disclaim,42,44,1.170626
safeti,42,84,1.170626
random,42,75,1.170626
jump,42,44,1.170626
hide,42,165,1.170626
sidebar,42,164,1.170626
export,42,43,1.170626
articl,42,588,1.170626
appear,42,133,1.170626
contribut,42,97,1.170626
shorten,42,45,1.170626
upload,42,90,1.170626
statement,42,118,1.170626
parsoid,42,172,1.170626
refer,41,281,1.194156
talk,41,100,1.194156
event,41,96,1.194156
regist,41,56,1.194156
sharealik,41,44,1.194156
appli,41,140,1.194156
download,41,48,1.194156
addit,41,124,1.194156
perman,41,52,1.194156
cite,41,116,1.194156
hidden,41,73,1.194156
attribut,41,69,1.194156
agre,40,62,1.218254
parser,40,61,1.218254
profit,40,60,1.218254
new,39,514,1.242946
toggl,39,179,1.242946
item,39,128,1.242946
tabl,39,108,1.242946
utc,39,65,1.242946
render,39,57,1.242946
legaci,39,52,1.242946
trademark,38,77,1.268264
user,38,342,1.268264
switch,38,43,1.268264
data,38,816,1.268264
work,37,242,1.294239
research,37,634,1.294239
scienc,37,510,1.294239
time,36,310,1.320908
state,36,400,1.320908
descript,36,117,1.320908
includ,36,305,1.320908
base,36,347,1.320908
short,35,98,1.348307
archiv,35,873,1.348307
differ,35,159,1.348307
open,35,190,1.348307
librari,34,1347,1.376478
author,34,105,1.376478
sourc,34,247,1.376478
list,34,186,1.376478
system,34,446,1.376478
comput,34,693,1.376478
document,34,405,1.376478
book,33,1395,1.405465
engin,33,362,1.405465
number,33,149,1.405465
intern,32,247,1.435318
univers,32,1199,1.435318
access,32,152,1.435318
deutsch,31,36,1.46609
process,31,370,1.46609
august,31,257,1.46609
design,31,214,1.46609
like,31,158,1.46609
support,31,122,1.46609
origin,31,777,1.46609
media,30,92,1.497838
relev,30,131,1.497838
octob,30,282,1.497838
press,30,239,1.497838
espa,30,30,1.497838
unit,30,200,1.497838
digit,30,152,1.497838
need,30,199,1.497838
nation,30,270,1.497838
extern,30,82,1.497838
method,30,246,1.497838
isbn,30,458,1.497838
journal,30,206,1.497838
technolog,29,367,1.530628
requir,29,111,1.530628
citat,29,107,1.530628
databas,29,138,1.530628
ai,29,31,1.530628
associ,29,174,1.530628
type,29,134,1.530628
specif,29,139,1.530628
fran,29,36,1.530628
multipl,28,94,1.56453
control,28,109,1.56453
known,28,98,1.56453
group,28,156,1.56453
exampl,28,202,1.56453
simpl,28,58,1.56453
public,28,394,1.56453
larg,28,158,1.56453
oper,28,120,1.56453
web,28,156,1.56453
result,28,119,1.56453
doi,28,602,1.56453
set,28,201,1.56453
world,28,212,1.56453
american,27,162,1.599621
portugu,27,28,1.599621
allow,27,101,1.599621
natur,27,284,1.599621
human,27,271,1.599621
make,27,203,1.599621
decemb,27,173,1.599621
machin,27,670,1.599621
record,27,104,1.599621
network,27,297,1.599621
ad,27,53,1.599621
structur,27,110,1.599621
york,27,189,1.599621
standard,27,137,1.599621
provid,27,149,1.599621
import,27,99,1.599621
contain,27,91,1.599621
march,27,212,1.599621
peopl,27,131,1.599621
confer,27,202,1.599621
model,27,642,1.599621
major,26,94,1.635989
septemb,26,210,1.635989
art,26,139,1.635989
select,26,84,1.635989
collect,26,132,1.635989
improv,26,107,1.635989
issu,26,96,1.635989
subsect,26,89,1.635989
individu,26,84,1.635989
knowledg,26,227,1.635989
publish,26,173,1.635989
subject,25,100,1.673729
internet,25,127,1.673729
technic,25,75,1.673729
note,25,83,1.673729
index,25,221,1.673729
april,25,187,1.673729
catal,25,26,1.673729
follow,25,90,1.673729
italiano,25,25,1.673729
combin,25,66,1.673729
independ,25,62,1.673729
academ,25,143,1.673729
concept,25,137,1.673729
paper,25,99,1.673729
form,25,128,1.673729
novemb,25,211,1.673729
applic,25,181,1.673729
field,25,146,1.673729
polski,25,25,1.673729
studi,25,155,1.673729
activ,25,107,1.673729
indonesia,24,30,1.71295
question,24,80,1.71295
idea,24,77,1.71295
given,24,110,1.71295
manag,24,123,1.71295
institut,24,286,1.71295
onlin,24,132,1.71295
right,24,246,1.71295
year,24,189,1.71295
problem,24,197,1.71295
case,24,325,1.71295
report,24,145,1.71295
name,24,94,1.71295
servic,24,171,1.71295
educ,23,127,1.753772
imag,23,109,1.753772
limit,23,78,1.753772
doe,23,69,1.753772
introduct,23,61,1.753772
repres,23,94,1.753772
srpski,23,23,1.753772
perform,23,171,1.753772
way,23,86,1.753772
present,23,75,1.753772
video,23,82,1.753772
member,23,143,1.753772
mean,23,81,1.753772
call,23,115,1.753772
integr,23,76,1.753772
exist,23,58,1.753772
practic,23,83,1.753772
properti,23,349,1.753772
societi,23,96,1.753772
best,23,114,1.753772
place,23,77,1.753772
wide,23,84,1.753772
identifi,23,180,1.753772
industri,23,128,1.753772
june,23,248,1.753772
jame,23,68,1.753772
order,23,72,1.753772
rank,23,161,1.753772
automat,22,71,1.796331
formal,22,78,1.796331
gnd,22,27,1.796331
depend,22,66,1.796331
tina,22,23,1.796331
signific,22,43,1.796331
juli,22,246,1.796331
techniqu,22,126,1.796331
resourc,22,76,1.796331
googl,22,111,1.796331
norsk,22,36,1.796331
bokm,22,22,1.796331
queri,22,122,1.796331
involv,22,61,1.796331
advanc,22,73,1.796331
analysi,22,210,1.796331
experi,22,104,1.796331
earli,22,99,1.796331
class,22,96,1.796331
issn,22,100,1.796331
franc,22,53,1.796331
measur,22,77,1.796331
materi,22,56,1.796331
start,22,56,1.796331
similar,22,96,1.796331
bahasa,22,38,1.796331
februari,22,169,1.796331
svenska,22,22,1.796331
space,22,86,1.796331
effect,22,90,1.796331
real,22,83,1.796331
remov,21,57,1.840783
websit,21,58,1.840783
yale,21,34,1.840783
compar,21,61,1.840783
want,21,35,1.840783
scientif,21,99,1.840783
match,21,52,1.840783
valu,21,96,1.840783
israel,21,33,1.840783
discuss,21,64,1.840783
key,21,43,1.840783
suomi,21,21,1.840783
find,21,45,1.840783
nederland,21,21,1.840783
map,21,39,1.840783
program,21,221,1.840783
januari,21,204,1.840783
acm,21,139,1.840783
european,21,52,1.840783
locat,21,68,1.840783
templat,21,40,1.840783
variou,21,72,1.840783
evalu,21,151,1.840783
william,20,69,1.887303
post,20,50,1.887303
updat,20,83,1.887303
end,20,54,1.887303
point,20,51,1.887303
david,20,112,1.887303
factor,20,61,1.887303
annual,20,47,1.887303
vol,20,94,1.887303
build,20,121,1.887303
challeng,20,63,1.887303
principl,20,55,1.887303
republ,20,35,1.887303
purpos,20,43,1.887303
softwar,20,205,1.887303
understand,20,95,1.887303
continu,20,55,1.887303
complet,20,54,1.887303
titl,20,36,1.887303
innov,20,59,1.887303
goal,20,113,1.887303
introduc,19,55,1.936093
org,19,59,1.936093
charl,19,72,1.936093
popular,19,50,1.936093
busi,19,100,1.936093
semant,19,129,1.936093
word,19,178,1.936093
written,19,38,1.936093
initi,19,56,1.936093
news,19,114,1.936093
galego,19,19,1.936093
relationship,19,51,1.936093
social,19,109,1.936093
euskara,19,19,1.936093
approach,19,213,1.936093
review,19,129,1.936093
small,19,40,1.936093
function,19,76,1.936093
modern,19,72,1.936093
consid,19,77,1.936093
extend,19,33,1.936093
eesti,19,19,1.936093
impact,19,59,1.936093
particular,19,42,1.936093
later,19,65,1.936093
center,19,121,1.936093
john,19,146,1.936093
product,19,93,1.936093
transform,19,76,1.936093
cambridg,19,151,1.936093
theori,19,187,1.936093
consist,19,44,1.936093
share,19,62,1.936093
describ,19,48,1.936093
offer,19,80,1.936093
level,19,65,1.936093
connect,19,56,1.936093
abl,19,34,1.936093
scholar,19,34,1.936093
direct,19,48,1.936093
michael,19,52,1.936093
object,19,136,1.936093
electron,19,69,1.936093
jstor,18,30,1.987387
section,18,56,1.987387
czech,18,25,1.987387
rule,18,123,1.987387
featur,18,233,1.987387
focu,18,52,1.987387
springer,18,54,1.987387
detail,18,29,1.987387
predict,18,129,1.987387
lux,18,20,1.987387
altern,18,38,1.987387
high,18,73,1.987387
role,18,48,1.987387
error,18,52,1.987387
seri,18,50,1.987387
reason,18,92,1.987387
rbaycanca,18,18,1.987387
remain,18,40,1.987387
redirect,18,34,1.987387
cid,18,121,1.987387
element,18,38,1.987387
visual,18,46,1.987387
com,18,104,1.987387
proceed,18,94,1.987387
govern,18,80,1.987387
medic,18,84,1.987387
task,18,130,1.987387
singl,18,51,1.987387
address,18,24,1.987387
date,18,52,1.987387
defin,18,59,1.987387
tradit,18,61,1.987387
mechan,18,73,1.987387
meet,18,43,1.987387
mark,18,60,1.987387
produc,18,70,1.987387
come,18,42,1.987387
basi,18,34,1.987387
format,17,74,2.041454
mathemat,17,103,2.041454
van,17,41,2.041454
wayback,17,111,2.041454
interpret,17,59,2.041454
law,17,279,2.041454
test,17,146,2.041454
profession,17,34,2.041454
framework,17,64,2.041454
context,17,62,2.041454
concern,17,54,2.041454
accord,17,51,2.041454
plan,17,67,2.041454
act,17,57,2.041454
receiv,17,53,2.041454
multimedia,17,30,2.041454
dansk,17,17,2.041454
represent,17,93,2.041454
determin,17,39,2.041454
propos,17,60,2.041454
unsourc,17,40,2.041454
power,17,94,2.041454
instead,17,28,2.041454
fact,17,56,2.041454
intellig,17,445,2.041454
andrew,17,43,2.041454
achiev,17,46,2.041454
scale,17,72,2.041454
collabor,17,84,2.041454
possibl,17,68,2.041454
turn,17,29,2.041454
usual,17,38,2.041454
complex,17,57,2.041454
life,17,96,2.041454
washington,17,88,2.041454
algorithm,17,273,2.041454
magyar,17,17,2.041454
local,17,54,2.041454
domain,17,56,2.041454
precis,17,43,2.041454
effici,17,62,2.041454
environ,17,47,2.041454
award,17,107,2.041454
bnf,17,18,2.041454
explor,17,47,2.041454
guid,17,42,2.041454
weight,17,49,2.041454
memori,17,50,2.041454
webarch,17,18,2.041454
commerci,17,42,2.041454
establish,16,70,2.098612
overview,16,42,2.098612
classif,16,402,2.098612
ieee,16,59,2.098612
implement,16,61,2.098612
depart,16,75,2.098612
chapter,16,25,2.098612
focus,16,42,2.098612
success,16,49,2.098612
low,16,35,2.098612
esperanto,16,16,2.098612
london,16,46,2.098612
numer,16,39,2.098612
qualiti,16,41,2.098612
tri,16,28,2.098612
commonli,16,31,2.098612
robert,16,78,2.098612
enabl,16,43,2.098612
employ,16,42,2.098612
highli,16,32,2.098612
medicin,16,58,2.098612
aim,16,33,2.098612
rate,16,75,2.098612
countri,16,62,2.098612
serv,16,38,2.098612
think,16,50,2.098612
messag,16,33,2.098612
show,16,56,2.098612
rom,16,16,2.098612
extens,16,63,2.098612
appropri,16,28,2.098612
solut,16,44,2.098612
brief,16,19,2.098612
display,16,44,2.098612
begin,16,34,2.098612
lead,16,65,2.098612
express,16,50,2.098612
estim,16,47,2.098612
probabl,16,146,2.098612
increas,16,74,2.098612
lack,16,33,2.098612
look,16,40,2.098612
virtual,16,40,2.098612
posit,16,86,2.098612
actual,16,30,2.098612
experiment,16,26,2.098612
mine,16,245,2.098612
frequent,15,30,2.159237
rang,15,43,2.159237
interfac,15,39,2.159237
cost,15,34,2.159237
separ,15,34,2.159237
speech,15,80,2.159237
store,15,56,2.159237
comprehens,15,20,2.159237
feder,15,72,2.159237
higher,15,57,2.159237
oxford,15,58,2.159237
multi,15,66,2.159237
necessari,15,26,2.159237
overal,15,34,2.159237
adopt,15,35,2.159237
especi,15,42,2.159237
million,15,58,2.159237
mit,15,705,2.159237
respons,15,45,2.159237
live,15,108,2.159237
began,15,46,2.159237
hous,15,69,2.159237
suggest,15,38,2.159237
british,15,43,2.159237
incorpor,15,45,2.159237
autom,15,83,2.159237
age,15,29,2.159237
vari,15,22,2.159237
final,15,33,2.159237
littl,15,35,2.159237
artifici,15,390,2.159237
cover,15,42,2.159237
claim,15,30,2.159237
basic,15,39,2.159237
step,15,42,2.159237
congress,15,39,2.159237
long,15,72,2.159237
econom,15,100,2.159237
do,15,23,2.159237
period,15,37,2.159237
directli,15,27,2.159237
extract,15,84,2.159237
georg,15,60,2.159237
distribut,15,64,2.159237
capabl,15,36,2.159237
maintain,15,28,2.159237
canada,15,188,2.159237
allen,15,39,2.159237
total,15,45,2.159237
indic,15,32,2.159237
recognit,15,85,2.159237
peter,15,55,2.159237
box,15,41,2.159237
occur,15,31,2.159237
interact,15,72,2.159237
reflect,15,28,2.159237
reliabl,15,39,2.159237
ina,15,24,2.159237
sloven,15,24,2.159237
dictionari,15,47,2.159237
gaeilg,15,15,2.159237
melayu,15,15,2.159237
better,15,35,2.159237
centuri,15,62,2.159237
influenc,15,54,2.159237
core,15,31,2.159237
futur,15,68,2.159237
trust,14,32,2.223775
area,14,69,2.223775
unlik,14,22,2.223775
abstract,14,26,2.223775
nynorsk,14,14,2.223775
don,14,34,2.223775
approxim,14,36,2.223775
compani,14,113,2.223775
thing,14,44,2.223775
volum,14,33,2.223775
srpskohrvatski,14,14,2.223775
expect,14,29,2.223775
deep,14,142,2.223775
paul,14,47,2.223775
score,14,30,2.223775
decis,14,142,2.223775
definit,14,40,2.223775
europ,14,41,2.223775
fall,14,47,2.223775
school,14,160,2.223775
play,14,118,2.223775
risk,14,95,2.223775
shift,14,28,2.223775
lee,14,36,2.223775
adapt,14,32,2.223775
sound,14,58,2.223775
identif,14,33,2.223775
strong,14,38,2.223775
music,14,218,2.223775
recommend,14,370,2.223775
ask,14,29,2.223775
led,14,37,2.223775
literatur,14,34,2.223775
pmid,14,68,2.223775
global,14,73,2.223775
have,14,32,2.223775
respect,14,34,2.223775
write,14,35,2.223775
edward,14,42,2.223775
bay,14,125,2.223775
citi,14,110,2.223775
central,14,103,2.223775
cultur,14,64,2.223775
storag,14,43,2.223775
thoma,14,38,2.223775
today,14,27,2.223775
shown,14,23,2.223775
deriv,14,31,2.223775
abil,14,30,2.223775
care,14,25,2.223775
machineri,14,45,2.223775
harvard,14,58,2.223775
train,14,165,2.223775
handl,14,47,2.223775
disambigu,14,23,2.223775
architectur,14,67,2.223775
reduc,14,39,2.223775
assign,14,42,2.223775
mainten,14,18,2.223775
assist,14,33,2.223775
copyright,14,143,2.223775
discoveri,14,72,2.223775
answer,14,48,2.223775
hall,14,67,2.223775
philosophi,14,62,2.223775
second,14,38,2.223775
copi,14,34,2.223775
cross,14,42,2.223775
return,14,30,2.223775
hand,14,32,2.223775
construct,14,44,2.223775
transfer,13,24,2.292768
varieti,13,39,2.292768
late,13,34,2.292768
outlin,13,27,2.292768
vision,13,46,2.292768
workshop,13,30,2.292768
condit,13,46,2.292768
stanford,13,38,2.292768
did,13,35,2.292768
chicago,13,33,2.292768
old,13,36,2.292768
charact,13,50,2.292768
mind,13,58,2.292768
spain,13,20,2.292768
physic,13,98,2.292768
option,13,37,2.292768
informat,13,13,2.292768
recogn,13,30,2.292768
accept,13,16,2.292768
eric,13,29,2.292768
richard,13,60,2.292768
greater,13,27,2.292768
market,13,81,2.292768
line,13,48,2.292768
logic,13,100,2.292768
expand,13,24,2.292768
close,13,42,2.292768
size,13,31,2.292768
enter,13,19,2.292768
day,13,32,2.292768
green,13,30,2.292768
notabl,13,44,2.292768
team,13,66,2.292768
prepar,13,23,2.292768
oclc,13,27,2.292768
scientist,13,45,2.292768
offic,13,89,2.292768
util,13,26,2.292768
certain,13,39,2.292768
guidelin,13,22,2.292768
joseph,13,56,2.292768
master,13,28,2.292768
statu,13,20,2.292768
regard,13,23,2.292768
offici,13,34,2.292768
man,13,47,2.292768
potenti,13,54,2.292768
audio,13,44,2.292768
classic,13,24,2.292768
built,13,34,2.292768
secur,13,72,2.292768
target,13,52,2.292768
intellectu,13,287,2.292768
discov,13,33,2.292768
patent,13,140,2.292768
attempt,13,29,2.292768
platform,13,52,2.292768
theoret,13,38,2.292768
south,13,61,2.292768
comparison,13,23,2.292768
hrvatski,13,13,2.292768
aspect,13,36,2.292768
kind,13,35,2.292768
fair,13,51,2.292768
typic,13,62,2.292768
just,13,33,2.292768
french,13,36,2.292768
joint,13,31,2.292768
effort,13,22,2.292768
linguist,13,88,2.292768
explain,13,44,2.292768
health,13,66,2.292768
hill,13,37,2.292768
take,13,22,2.292768
give,13,36,2.292768
cluster,13,87,2.292768
output,13,69,2.292768
true,13,37,2.292768
correct,13,23,2.292768
emerg,12,50,2.366876
fix,12,20,2.366876
prefer,12,43,2.366876
doctor,12,23,2.366876
carlo,12,23,2.366876
piec,12,16,2.366876
perspect,12,32,2.366876
say,12,29,2.366876
categor,12,28,2.366876
past,12,38,2.366876
left,12,28,2.366876
seek,12,90,2.366876
privat,12,48,2.366876
choic,12,27,2.366876
histor,12,55,2.366876
symbol,12,70,2.366876
daniel,12,37,2.366876
christoph,12,32,2.366876
forc,12,30,2.366876
fund,12,58,2.366876
devic,12,24,2.366876
cooper,12,21,2.366876
observ,12,51,2.366876
simon,12,36,2.366876
dynam,12,28,2.366876
promot,12,47,2.366876
fulli,12,16,2.366876
german,12,26,2.366876
summar,12,51,2.366876
desir,12,20,2.366876
lectur,12,27,2.366876
martin,12,37,2.366876
launch,12,34,2.366876
pattern,12,100,2.366876
letter,12,26,2.366876
detect,12,66,2.366876
america,12,33,2.366876
committe,12,38,2.366876
japan,12,28,2.366876
compil,12,21,2.366876
fiction,12,26,2.366876
equal,12,19,2.366876
part,12,18,2.366876
great,12,32,2.366876
good,12,50,2.366876
arxiv,12,90,2.366876
graphic,12,34,2.366876
china,12,45,2.366876
newspap,12,17,2.366876
paramet,12,45,2.366876
averag,12,19,2.366876
assum,12,23,2.366876
demonstr,12,25,2.366876
aid,12,30,2.366876
fast,12,39,2.366876
strategi,12,48,2.366876
movement,12,29,2.366876
agent,12,93,2.366876
classifi,12,69,2.366876
cognit,12,66,2.366876
particip,12,39,2.366876
tag,12,42,2.366876
thought,12,27,2.366876
biolog,12,66,2.366876
valid,12,27,2.366876
caus,12,26,2.366876
quickli,12,20,2.366876
degre,12,42,2.366876
correspond,12,26,2.366876
convers,12,28,2.366876
move,12,17,2.366876
divers,12,23,2.366876
infer,12,75,2.366876
custom,12,34,2.366876
assess,12,36,2.366876
found,12,56,2.366876
assumpt,12,23,2.366876
competit,12,40,2.366876
refin,12,16,2.366876
optim,12,43,2.366876
sens,12,34,2.366876
track,12,102,2.366876
compon,12,26,2.366876
meta,12,31,2.366876
distinct,12,18,2.366876
critic,12,53,2.366876
broad,12,25,2.366876
essay,12,24,2.366876
union,12,42,2.366876
massachusett,12,134,2.366876
reli,12,25,2.366876
uniqu,12,25,2.366876
jone,12,89,2.366876
tech,12,104,2.366876
difficult,12,28,2.366876
wikiquot,11,18,2.446919
dataset,11,56,2.446919
park,11,25,2.446919
string,11,21,2.446919
expert,11,38,2.446919
entri,11,25,2.446919
vector,11,59,2.446919
chemistri,11,27,2.446919
far,11,21,2.446919
big,11,42,2.446919
creation,11,34,2.446919
corpor,11,52,2.446919
ultim,11,14,2.446919
protect,11,82,2.446919
interest,11,25,2.446919
head,11,37,2.446919
releas,11,64,2.446919
entir,11,17,2.446919
probabilist,11,42,2.446919
prior,11,28,2.446919
entiti,11,39,2.446919
analyz,11,29,2.446919
regular,11,14,2.446919
inspir,11,23,2.446919
background,11,18,2.446919
ensur,11,33,2.446919
chines,11,33,2.446919
seen,11,17,2.446919
decad,11,25,2.446919
pioneer,11,36,2.446919
rel,11,21,2.446919
addison,11,13,2.446919
profil,11,26,2.446919
know,11,34,2.446919
preserv,11,15,2.446919
merg,11,43,2.446919
consider,11,22,2.446919
wesley,11,15,2.446919
ed,11,34,2.446919
affect,11,28,2.446919
grant,11,37,2.446919
hold,11,19,2.446919
mid,11,29,2.446919
run,11,39,2.446919
sponsor,11,17,2.446919
consequ,11,21,2.446919
situat,11,44,2.446919
miss,11,20,2.446919
eugen,11,13,2.446919
behavior,11,113,2.446919
robertson,11,16,2.446919
film,11,30,2.446919
brown,11,39,2.446919
card,11,75,2.446919
sequenc,11,34,2.446919
survey,11,46,2.446919
viaf,11,11,2.446919
popul,11,20,2.446919
war,11,48,2.446919
systemat,11,25,2.446919
electr,11,54,2.446919
artist,11,34,2.446919
annot,11,31,2.446919
pre,11,31,2.446919
tree,11,64,2.446919
figur,11,20,2.446919
mari,11,35,2.446919
invent,11,54,2.446919
accuraci,11,30,2.446919
self,11,49,2.446919
capit,11,30,2.446919
divid,11,23,2.446919
accur,11,29,2.446919
matter,11,19,2.446919
evid,11,42,2.446919
financi,11,41,2.446919
tagalog,11,11,2.446919
itali,11,18,2.446919
earlier,11,15,2.446919
die,11,243,2.446919
realiti,11,20,2.446919
label,11,53,2.446919
investig,11,38,2.446919
england,11,44,2.446919
suit,11,17,2.446919
forum,11,14,2.446919
transact,11,31,2.446919
ontolog,11,24,2.446919
stephen,11,25,2.446919
colleg,11,315,2.446919
visit,11,18,2.446919
ibm,11,41,2.446919
neural,11,201,2.446919
enterpris,11,22,2.446919
intend,11,15,2.446919
join,11,30,2.446919
women,10,45,2.53393
usag,10,13,2.53393
let,10,14,2.53393
famili,10,29,2.53393
instruct,10,21,2.53393
mass,10,18,2.53393
progress,10,27,2.53393
break,10,15,2.53393
agenc,10,29,2.53393
roger,10,35,2.53393
game,10,88,2.53393
previou,10,21,2.53393
wrote,10,29,2.53393
partner,10,10,2.53393
convert,10,26,2.53393
reach,10,19,2.53393
robust,10,17,2.53393
enhanc,10,21,2.53393
normal,10,17,2.53393
characterist,10,24,2.53393
civil,10,27,2.53393
replac,10,26,2.53393
west,10,37,2.53393
variabl,10,28,2.53393
dimension,10,40,2.53393
administr,10,29,2.53393
fundament,10,20,2.53393
hard,10,20,2.53393
steven,10,17,2.53393
largest,10,33,2.53393
gain,10,22,2.53393
lower,10,17,2.53393
wiley,10,18,2.53393
embed,10,35,2.53393
street,10,38,2.53393
benefit,10,25,2.53393
calcul,10,16,2.53393
psycholog,10,19,2.53393
pass,10,29,2.53393
essenti,10,29,2.53393
distinguish,10,16,2.53393
dead,10,408,2.53393
editor,10,17,2.53393
domin,10,25,2.53393
outsid,10,15,2.53393
manual,10,23,2.53393
quantum,10,23,2.53393
asi,10,26,2.53393
semi,10,18,2.53393
get,10,17,2.53393
empir,10,21,2.53393
matrix,10,29,2.53393
japanes,10,15,2.53393
alexand,10,18,2.53393
fail,10,21,2.53393
aggreg,10,22,2.53393
mix,10,12,2.53393
lietuvi,10,10,2.53393
latvi,10,10,2.53393
disciplin,10,20,2.53393
oppos,10,13,2.53393
input,10,64,2.53393
leav,10,12,2.53393
longer,10,13,2.53393
newli,10,12,2.53393
sign,10,22,2.53393
instanc,10,40,2.53393
contrast,10,21,2.53393
shape,10,19,2.53393
speed,10,20,2.53393
previous,10,19,2.53393
phrase,10,23,2.53393
significantli,10,16,2.53393
illustr,10,17,2.53393
berlin,10,15,2.53393
primari,10,22,2.53393
anim,10,29,2.53393
net,10,30,2.53393
restrict,10,25,2.53393
go,10,16,2.53393
induct,10,42,2.53393
death,10,39,2.53393
bosanski,10,10,2.53393
methodolog,10,22,2.53393
price,10,40,2.53393
student,10,157,2.53393
submit,10,18,2.53393
western,10,190,2.53393
brows,10,19,2.53393
wiki,10,33,2.53393
gordon,10,18,2.53393
bibliographi,10,16,2.53393
polit,10,30,2.53393
columbia,10,34,2.53393
style,10,33,2.53393
bibcod,10,57,2.53393
pictur,10,14,2.53393
de,10,49,2.53393
came,10,17,2.53393
rare,10,19,2.53393
bank,10,30,2.53393
isni,10,10,2.53393
pmc,10,58,2.53393
underli,10,16,2.53393
fit,10,24,2.53393
frank,10,22,2.53393
stand,10,21,2.53393
specifi,10,16,2.53393
procedur,10,16,2.53393
benchmark,10,26,2.53393
thesi,10,14,2.53393
face,10,27,2.53393
air,10,27,2.53393
charg,10,17,2.53393
clark,10,28,2.53393
held,10,25,2.53393
dimens,10,21,2.53393
encod,9,15,2.629241
advantag,9,17,2.629241
request,9,21,2.629241
theorem,9,76,2.629241
simplifi,9,14,2.629241
asturianu,9,9,2.629241
north,9,45,2.629241
multimod,9,18,2.629241
grammar,9,30,2.629241
afrikaan,9,9,2.629241
paradigm,9,30,2.629241
regress,9,48,2.629241
exchang,9,18,2.629241
resid,9,17,2.629241
replic,9,16,2.629241
ago,9,28,2.629241
agricultur,9,18,2.629241
stuart,9,26,2.629241
freedom,9,64,2.629241
davi,9,15,2.629241
larger,9,29,2.629241
reform,9,27,2.629241
ident,9,16,2.629241
rise,9,20,2.629241
click,9,14,2.629241
obtain,9,22,2.629241
pari,9,22,2.629241
teach,9,18,2.629241
scott,9,25,2.629241
ido,9,9,2.629241
parallel,9,13,2.629241
convent,9,23,2.629241
reproduc,9,25,2.629241
optic,9,14,2.629241
revolut,9,18,2.629241
met,9,12,2.629241
recal,9,22,2.629241
ethic,9,85,2.629241
hierarch,9,17,2.629241
sampl,9,21,2.629241
subsequ,9,13,2.629241
coupl,9,10,2.629241
deprec,9,27,2.629241
shqip,9,9,2.629241
birth,9,11,2.629241
gov,9,32,2.629241
conceptu,9,20,2.629241
royal,9,23,2.629241
equival,9,12,2.629241
translat,9,52,2.629241
commiss,9,26,2.629241
latent,9,17,2.629241
prove,9,19,2.629241
san,9,60,2.629241
coverag,9,14,2.629241
awar,9,14,2.629241
leverag,9,16,2.629241
protocol,9,18,2.629241
filter,9,66,2.629241
verifi,9,17,2.629241
sigir,9,67,2.629241
vocabulari,9,12,2.629241
academi,9,41,2.629241
particularli,9,28,2.629241
norway,9,13,2.629241
robot,9,120,2.629241
bruce,9,19,2.629241
evolut,9,23,2.629241
despit,9,12,2.629241
facilit,9,14,2.629241
ann,9,22,2.629241
white,9,34,2.629241
black,9,32,2.629241
region,9,27,2.629241
rochest,9,12,2.629241
drive,9,18,2.629241
broader,9,15,2.629241
amazon,9,20,2.629241
henri,9,23,2.629241
verlag,9,11,2.629241
away,9,14,2.629241
captur,9,10,2.629241
scheme,9,46,2.629241
unless,9,12,2.629241
sale,9,14,2.629241
draw,9,15,2.629241
princip,9,15,2.629241
branch,9,16,2.629241
engag,9,24,2.629241
lawrenc,9,15,2.629241
nick,9,17,2.629241
reader,9,13,2.629241
metadata,9,34,2.629241
mention,9,17,2.629241
infrastructur,9,26,2.629241
preced,9,11,2.629241
centr,9,25,2.629241
trend,9,19,2.629241
handbook,9,31,2.629241
suffici,9,14,2.629241
biomed,9,24,2.629241
energi,9,37,2.629241
edu,9,61,2.629241
board,9,22,2.629241
magazin,9,32,2.629241
grow,9,15,2.629241
han,9,19,2.629241
neg,9,57,2.629241
chemic,9,24,2.629241
friendli,9,26,2.629241
taylor,9,14,2.629241
encourag,9,25,2.629241
feedback,9,31,2.629241
analyt,9,26,2.629241
comment,9,65,2.629241
ben,9,21,2.629241
tend,9,15,2.629241
hdl,9,20,2.629241
metric,9,19,2.629241
substanti,9,19,2.629241
check,9,20,2.629241
week,9,14,2.629241
solv,9,57,2.629241
variat,9,13,2.629241
argu,9,51,2.629241
lab,9,43,2.629241
alloc,9,12,2.629241
clear,9,18,2.629241
equip,9,19,2.629241
chain,9,19,2.629241
smith,9,24,2.629241
parti,9,23,2.629241
length,9,13,2.629241
isizulu,9,9,2.629241
round,8,18,2.734601
founder,8,53,2.734601
brian,8,18,2.734601
usa,8,28,2.734601
thousand,8,14,2.734601
job,8,36,2.734601
increasingli,8,16,2.734601
said,8,28,2.734601
screen,8,14,2.734601
modifi,8,14,2.734601
gerard,8,17,2.734601
cornel,8,21,2.734601
karen,8,50,2.734601
execut,8,12,2.734601
depth,8,16,2.734601
monitor,8,13,2.734601
jean,8,35,2.734601
opinion,8,12,2.734601
nlp,8,60,2.734601
tempor,8,10,2.734601
eventu,8,16,2.734601
director,8,22,2.734601
ignor,8,13,2.734601
speak,8,14,2.734601
alan,8,32,2.734601
biographi,8,16,2.734601
reduct,8,25,2.734601
highlight,8,11,2.734601
simultan,8,10,2.734601
easili,8,10,2.734601
extrem,8,12,2.734601
demand,8,14,2.734601
russian,8,13,2.734601
delet,8,13,2.734601
donald,8,14,2.734601
doubl,8,13,2.734601
month,8,22,2.734601
contextu,8,17,2.734601
council,8,23,2.734601
chen,8,22,2.734601
kingdom,8,15,2.734601
multilingu,8,10,2.734601
fuzzi,8,14,2.734601
geograph,8,13,2.734601
elect,8,18,2.734601
incom,8,20,2.734601
hundr,8,8,2.734601
purchas,8,14,2.734601
pennsylvania,8,18,2.734601
glossari,8,20,2.734601
earliest,8,9,2.734601
one,8,25,2.734601
resolut,8,23,2.734601
chapman,8,8,2.734601
seattl,8,8,2.734601
theme,8,12,2.734601
spring,8,16,2.734601
quotat,8,8,2.734601
immedi,8,11,2.734601
ian,8,16,2.734601
cours,8,38,2.734601
stop,8,21,2.734601
sort,8,20,2.734601
roy,8,12,2.734601
valley,8,19,2.734601
arthur,8,17,2.734601
confus,8,16,2.734601
stage,8,18,2.734601
treat,8,11,2.734601
proper,8,12,2.734601
treatment,8,11,2.734601
arrang,8,15,2.734601
greek,8,19,2.734601
choos,8,27,2.734601
displaystyl,8,225,2.734601
dan,8,14,2.734601
toolkit,8,10,2.734601
consum,8,22,2.734601
rais,8,26,2.734601
faq,8,14,2.734601
truth,8,12,2.734601
bell,8,14,2.734601
deploy,8,23,2.734601
diseas,8,37,2.734601
fine,8,15,2.734601
idref,8,8,2.734601
croft,8,10,2.734601
home,8,22,2.734601
interdisciplinari,8,13,2.734601
instrument,8,47,2.734601
mainli,8,10,2.734601
exclus,8,22,2.734601
trade,8,77,2.734601
redund,8,10,2.734601
venu,8,11,2.734601
boston,8,92,2.734601
children,8,17,2.734601
terminolog,8,11,2.734601
christian,8,29,2.734601
happen,8,18,2.734601
retain,8,9,2.734601
supervis,8,66,2.734601
reveal,8,13,2.734601
binari,8,12,2.734601
gave,8,14,2.734601
bodi,8,29,2.734601
ground,8,20,2.734601
mcgill,8,9,2.734601
heidelberg,8,12,2.734601
men,8,26,2.734601
museum,8,51,2.734601
soon,8,11,2.734601
anthoni,8,12,2.734601
subscript,8,14,2.734601
avoid,8,19,2.734601
decid,8,15,2.734601
jersey,8,15,2.734601
shot,8,16,2.734601
spent,8,8,2.734601
root,8,18,2.734601
contract,8,19,2.734601
coin,8,24,2.734601
atlant,8,20,2.734601
alphabet,8,11,2.734601
blog,8,14,2.734601
nichola,8,11,2.734601
explicitli,8,12,2.734601
notic,8,13,2.734601
tie,8,23,2.734601
solid,8,10,2.734601
latina,8,8,2.734601
github,8,19,2.734601
slenska,8,8,2.734601
half,8,14,2.734601
argument,8,37,2.734601
compet,8,15,2.734601
summari,8,29,2.734601
devis,8,10,2.734601
patient,8,34,2.734601
believ,8,16,2.734601
boost,8,15,2.734601
email,8,10,2.734601
respond,8,11,2.734601
balanc,8,17,2.734601
loui,8,22,2.734601
feel,8,25,2.734601
grand,8,14,2.734601
carri,8,11,2.734601
simpli,8,12,2.734601
deal,8,19,2.734601
subfield,8,15,2.734601
acquisit,8,12,2.734601
ensembl,8,17,2.734601
adam,8,15,2.734601
scenario,8,14,2.734601
went,8,13,2.734601
modif,8,9,2.734601
pierr,8,11,2.734601
vancouv,7,11,2.852384
catalog,7,395,2.852384
salton,7,22,2.852384
advic,7,12,2.852384
lin,7,12,2.852384
andrea,7,11,2.852384
novel,7,11,2.852384
spectrum,7,9,2.852384
except,7,17,2.852384
explicit,7,14,2.852384
india,7,22,2.852384
bate,7,9,2.852384
berkeley,7,11,2.852384
britannica,7,11,2.852384
gender,7,20,2.852384
cymraeg,7,7,2.852384
zbekcha,7,7,2.852384
wikivers,7,9,2.852384
subset,7,19,2.852384
hope,7,11,2.852384
excel,7,10,2.852384
unknown,7,13,2.852384
prize,7,60,2.852384
favor,7,10,2.852384
programm,7,12,2.852384
markov,7,18,2.852384
linear,7,29,2.852384
food,7,12,2.852384
hacker,7,10,2.852384
commerc,7,10,2.852384
referenc,7,10,2.852384
genet,7,37,2.852384
orient,7,15,2.852384
texa,7,34,2.852384
row,7,19,2.852384
money,7,11,2.852384
economi,7,21,2.852384
billion,7,32,2.852384
barri,7,10,2.852384
scot,7,7,2.852384
manipul,7,15,2.852384
invers,7,17,2.852384
poland,7,11,2.852384
phd,7,31,2.852384
nearli,7,14,2.852384
cat,7,9,2.852384
insid,7,16,2.852384
reilli,7,7,2.852384
maint,7,20,2.852384
html,7,34,2.852384
hardwar,7,35,2.852384
stream,7,17,2.852384
smaller,7,19,2.852384
hub,7,9,2.852384
notion,7,13,2.852384
nomin,7,12,2.852384
california,7,82,2.852384
fan,7,28,2.852384
count,7,13,2.852384
quarterli,7,9,2.852384
scene,7,15,2.852384
netherland,7,12,2.852384
chosen,7,9,2.852384
environment,7,18,2.852384
graph,7,12,2.852384
bulletin,7,11,2.852384
save,7,9,2.852384
militari,7,23,2.852384
auto,7,8,2.852384
matthew,7,15,2.852384
francisco,7,27,2.852384
princeton,7,14,2.852384
contemporari,7,11,2.852384
organis,7,9,2.852384
imposs,7,10,2.852384
roc,7,11,2.852384
economist,7,25,2.852384
spanish,7,10,2.852384
frequenc,7,23,2.852384
virginia,7,21,2.852384
alumni,7,46,2.852384
signal,7,35,2.852384
bing,7,14,2.852384
examin,7,14,2.852384
attent,7,17,2.852384
layer,7,34,2.852384
transport,7,12,2.852384
water,7,16,2.852384
near,7,14,2.852384
financ,7,13,2.852384
healthcar,7,23,2.852384
aaai,7,16,2.852384
acceler,7,19,2.852384
growth,7,24,2.852384
chri,7,12,2.852384
peer,7,14,2.852384
disput,7,12,2.852384
publicli,7,7,2.852384
server,7,11,2.852384
emphasi,7,11,2.852384
kill,7,13,2.852384
secret,7,44,2.852384
tip,7,22,2.852384
newslett,7,13,2.852384
worldcat,7,12,2.852384
expans,7,22,2.852384
analog,7,11,2.852384
ambigu,7,10,2.852384
coordin,7,14,2.852384
align,7,26,2.852384
michigan,7,20,2.852384
parliament,7,9,2.852384
son,7,27,2.852384
stem,7,10,2.852384
resolv,7,24,2.852384
commit,7,10,2.852384
evolv,7,8,2.852384
announc,7,25,2.852384
controversi,7,18,2.852384
richmond,7,7,2.852384
bibliograph,7,32,2.852384
ran,7,8,2.852384
jan,7,10,2.852384
xml,7,15,2.852384
www,7,7,2.852384
corpu,7,23,2.852384
outcom,7,23,2.852384
cut,7,8,2.852384
ongo,7,8,2.852384
trial,7,10,2.852384
liu,7,10,2.852384
wale,7,12,2.852384
rout,7,12,2.852384
clearli,7,10,2.852384
pick,7,17,2.852384
orang,7,8,2.852384
explan,7,15,2.852384
car,7,14,2.852384
von,7,81,2.852384
colorado,7,28,2.852384
yang,7,9,2.852384
sought,7,9,2.852384
rapid,7,8,2.852384
prototyp,7,16,2.852384
discrimin,7,9,2.852384
presenc,7,8,2.852384
bridg,7,13,2.852384
bring,7,10,2.852384
elimin,7,11,2.852384
colleagu,7,10,2.852384
facil,7,25,2.852384
zero,7,12,2.852384
minor,7,13,2.852384
judg,7,12,2.852384
court,7,30,2.852384
russia,7,16,2.852384
registr,7,32,2.852384
sentenc,7,42,2.852384
inventor,7,31,2.852384
frame,7,14,2.852384
provis,7,10,2.852384
rijsbergen,7,16,2.852384
ohio,7,48,2.852384
canadian,7,8,2.852384
constitut,7,18,2.852384
uniform,7,13,2.852384
entertain,7,13,2.852384
analys,7,17,2.852384
samuel,7,21,2.852384
sustain,7,10,2.852384
lo,7,56,2.852384
lexic,7,24,2.852384
chi,7,10,2.852384
earn,7,10,2.852384
membership,7,9,2.852384
revis,7,7,2.852384
brand,7,27,2.852384
bia,7,32,2.852384
river,7,17,2.852384
autonom,7,32,2.852384
color,7,13,2.852384
alfr,7,11,2.852384
faculti,7,81,2.852384
fals,7,21,2.852384
heritag,7,11,2.852384
neto,7,8,2.852384
medal,7,19,2.852384
firm,7,23,2.852384
race,7,25,2.852384
flexibl,7,16,2.852384
jack,7,11,2.852384
hybrid,7,20,2.852384
equat,7,14,2.852384
opportun,7,15,2.852384
bear,7,26,2.852384
host,7,13,2.852384
invest,7,24,2.852384
lost,7,9,2.852384
hebrew,7,7,2.852384
beat,7,13,2.852384
mitchel,7,15,2.852384
drug,7,24,2.852384
youtub,7,12,2.852384
win,7,27,2.852384
wilson,7,24,2.852384
belong,7,8,2.852384
configur,7,15,2.852384
correl,7,13,2.852384
timelin,7,17,2.852384
exhibit,7,19,2.852384
regul,6,45,2.985915
suffer,6,13,2.985915
variant,6,8,2.985915
fox,6,15,2.985915
estat,6,14,2.985915
marc,6,7,2.985915
santo,6,7,2.985915
sun,6,15,2.985915
scalabl,6,9,2.985915
upper,6,7,2.985915
reconstruct,6,12,2.985915
simul,6,20,2.985915
emot,6,23,2.985915
satisfact,6,9,2.985915
synthesi,6,20,2.985915
pool,6,33,2.985915
carnegi,6,14,2.985915
familiar,6,8,2.985915
bush,6,15,2.985915
polic,6,25,2.985915
crime,6,8,2.985915
writer,6,9,2.985915
star,6,25,2.985915
sector,6,15,2.985915
frederick,6,12,2.985915
mode,6,9,2.985915
furthermor,6,6,2.985915
frac,6,57,2.985915
yate,6,12,2.985915
franklin,6,13,2.985915
patrick,6,6,2.985915
termin,6,6,2.985915
pose,6,12,2.985915
idf,6,35,2.985915
australian,6,11,2.985915
suppli,6,10,2.985915
susan,6,9,2.985915
cinii,6,8,2.985915
circumst,6,6,2.985915
regardless,6,7,2.985915
giant,6,10,2.985915
violat,6,13,2.985915
conclus,6,6,2.985915
node,6,19,2.985915
brain,6,26,2.985915
fish,6,9,2.985915
crisi,6,8,2.985915
philosoph,6,39,2.985915
adjust,6,10,2.985915
austria,6,9,2.985915
squar,6,30,2.985915
sum,6,11,2.985915
edg,6,20,2.985915
singapor,6,17,2.985915
minim,6,11,2.985915
grew,6,11,2.985915
alex,6,17,2.985915
wider,6,6,2.985915
intent,6,11,2.985915
academia,6,14,2.985915
agreement,6,26,2.985915
consult,6,10,2.985915
room,6,19,2.985915
ture,6,51,2.985915
winter,6,15,2.985915
ijcai,6,8,2.985915
taken,6,9,2.985915
shop,6,16,2.985915
resembl,6,7,2.985915
prevent,6,20,2.985915
curv,6,13,2.985915
varianc,6,8,2.985915
diffus,6,14,2.985915
marco,6,11,2.985915
favour,6,6,2.985915
inherit,6,8,2.985915
bar,6,12,2.985915
parent,6,8,2.985915
forward,6,26,2.985915
morgan,6,11,2.985915
plant,6,33,2.985915
jess,6,6,2.985915
oregon,6,14,2.985915
bert,6,15,2.985915
surviv,6,11,2.985915
austin,6,7,2.985915
satisfi,6,7,2.985915
discret,6,8,2.985915
campu,6,124,2.985915
larri,6,11,2.985915
ricardo,6,10,2.985915
assembl,6,6,2.985915
houston,6,9,2.985915
difficulti,6,14,2.985915
leader,6,20,2.985915
advoc,6,12,2.985915
band,6,189,2.985915
africa,6,17,2.985915
king,6,12,2.985915
counti,6,117,2.985915
gene,6,9,2.985915
batch,6,10,2.985915
consortium,6,20,2.985915
que,6,72,2.985915
attract,6,11,2.985915
buy,6,8,2.985915
censorship,6,10,2.985915
took,6,16,2.985915
scope,6,17,2.985915
atom,6,11,2.985915
norm,6,6,2.985915
exhaust,6,9,2.985915
load,6,17,2.985915
sophist,6,6,2.985915
occup,6,8,2.985915
worth,6,8,2.985915
maxim,6,10,2.985915
exploratori,6,10,2.985915
bias,6,29,2.985915
jonathan,6,6,2.985915
citeseerx,6,31,2.985915
ahead,6,10,2.985915
dougla,6,10,2.985915
differenti,6,15,2.985915
python,6,19,2.985915
dollar,6,13,2.985915
andr,6,8,2.985915
encompass,6,6,2.985915
goe,6,7,2.985915
rock,6,57,2.985915
bayesian,6,73,2.985915
neuro,6,11,2.985915
densiti,6,11,2.985915
bag,6,8,2.985915
margin,6,6,2.985915
int,6,6,2.985915
boarisch,6,6,2.985915
widespread,6,9,2.985915
benefici,6,8,2.985915
uncertain,6,25,2.985915
grove,6,8,2.985915
column,6,7,2.985915
criterion,6,6,2.985915
voic,6,11,2.985915
recurr,6,18,2.985915
fellow,6,18,2.985915
rest,6,16,2.985915
georgia,6,14,2.985915
korea,6,14,2.985915
prentic,6,9,2.985915
reinforc,6,53,2.985915
formul,6,13,2.985915
loss,6,13,2.985915
dmi,6,6,2.985915
notat,6,17,2.985915
harm,6,22,2.985915
sister,6,11,2.985915
wiktionari,6,8,2.985915
interlingua,6,6,2.985915
jawa,6,6,2.985915
occitan,6,6,2.985915
forest,6,17,2.985915
benjamin,6,14,2.985915
east,6,18,2.985915
modul,6,14,2.985915
germani,6,11,2.985915
graduat,6,62,2.985915
asian,6,7,2.985915
conclud,6,9,2.985915
judgment,6,9,2.985915
famou,6,10,2.985915
nist,6,24,2.985915
trec,6,77,2.985915
mcgraw,6,9,2.985915
campaign,6,10,2.985915
creator,6,15,2.985915
iii,6,14,2.985915
session,6,21,2.985915
der,6,198,2.985915
uncertainti,6,21,2.985915
inlin,6,6,2.985915
stock,6,7,2.985915
freeli,6,12,2.985915
winner,6,13,2.985915
yield,6,13,2.985915
repositori,6,18,2.985915
joshua,6,7,2.985915
cancer,6,37,2.985915
wikibook,6,7,2.985915
microsoft,6,37,2.985915
circuit,6,17,2.985915
facet,6,20,2.985915
pro,6,12,2.985915
jacob,6,7,2.985915
latest,6,25,2.985915
scholarli,6,19,2.985915
philip,6,10,2.985915
miller,6,8,2.985915
era,6,22,2.985915
illinoi,6,11,2.985915
switzerland,6,12,2.985915
arab,6,8,2.985915
vietnam,6,14,2.985915
elabor,6,10,2.985915
declar,6,15,2.985915
wright,6,8,2.985915
pure,6,9,2.985915
reward,6,17,2.985915
chat,6,7,2.985915
southern,6,15,2.985915
quantiti,6,8,2.985915
ideal,6,10,2.985915
reput,6,14,2.985915
kim,6,10,2.985915
zhao,6,12,2.985915
pay,6,9,2.985915
permiss,6,9,2.985915
declin,6,6,2.985915
strength,6,9,2.985915
algebra,6,9,2.985915
roughli,6,12,2.985915
proposit,6,17,2.985915
worldwid,6,8,2.985915
readabl,6,14,2.985915
roll,6,48,2.985915
summit,6,13,2.985915
unifi,6,9,2.985915
implic,6,14,2.985915
easi,6,18,2.985915
surround,6,11,2.985915
possess,6,12,2.985915
gap,6,12,2.985915
dartmouth,6,18,2.985915
claud,6,17,2.985915
shannon,6,12,2.985915
criteria,6,19,2.985915
drawn,6,11,2.985915
factori,6,8,2.985915
land,6,37,2.985915
somewhat,6,6,2.985915
tape,6,19,2.985915
minnesota,6,12,2.985915
fear,6,10,2.985915
obviou,6,6,2.985915
sheet,6,8,2.985915
welcom,6,14,2.985915
motiv,6,8,2.985915
sweden,6,8,2.985915
kent,6,26,2.985915
monthli,6,20,2.985915
overlook,6,11,2.985915
apart,6,8,2.985915
realli,6,12,2.985915
transpar,6,16,2.985915
brook,6,12,2.985915
hypothesi,6,14,2.985915
influenti,6,7,2.985915
prompt,6,14,2.985915
bibliometr,6,6,2.985915
florida,6,27,2.985915
pragmat,6,12,2.985915
credit,6,10,2.985915
heavili,6,8,2.985915
johnson,6,11,2.985915
sensit,6,12,2.985915
blue,6,26,2.985915
smart,6,8,2.985915
debat,6,16,2.985915
cumul,6,8,2.985915
harri,6,10,2.985915
guardian,6,21,2.985915
mdi,6,6,2.985915
born,6,15,2.985915
professor,6,35,2.985915
justic,6,14,2.985915
composit,6,9,2.985915
dia,6,14,2.985915
young,6,8,2.985915
similarli,6,12,2.985915
queen,6,9,2.985915
jefferson,6,13,2.985915
cloud,6,16,2.985915
franci,6,12,2.985915
rck,6,66,2.985915
secondari,6,8,2.985915
sentiment,6,18,2.985915
wang,6,19,2.985915
logo,6,39,2.985915
dean,6,15,2.985915
jeffrey,6,7,2.985915
moral,6,23,2.985915
split,6,8,2.985915
tom,6,27,2.985915
quot,6,12,2.985915
alpha,6,13,2.985915
recognis,6,16,2.985915
hour,6,11,2.985915
faster,6,13,2.985915
threat,6,11,2.985915
jose,6,6,2.985915
exact,6,9,2.985915
wire,6,12,2.985915
divis,6,28,2.985915
opposit,6,10,2.985915
blend,6,8,2.985915
taxonomi,6,139,2.985915
cruz,5,18,3.140066
fusion,5,11,3.140066
outperform,5,7,3.140066
asia,5,11,3.140066
fabric,5,15,3.140066
arm,5,14,3.140066
duplic,5,6,3.140066
amount,5,12,3.140066
quick,5,12,3.140066
portland,5,6,3.140066
salvador,5,5,3.140066
toronto,5,8,3.140066
ross,5,5,3.140066
melbourn,5,8,3.140066
mere,5,5,3.140066
occurr,5,11,3.140066
jacqu,5,7,3.140066
politician,5,7,3.140066
visibl,5,5,3.140066
ted,5,5,3.140066
keith,5,13,3.140066
jay,5,9,3.140066
warn,5,14,3.140066
array,5,10,3.140066
herbert,5,9,3.140066
augment,5,12,3.140066
gate,5,11,3.140066
stabl,5,8,3.140066
imprecis,5,6,3.140066
conjunct,5,7,3.140066
fashion,5,5,3.140066
descent,5,11,3.140066
summer,5,21,3.140066
wireless,5,10,3.140066
toler,5,9,3.140066
processor,5,5,3.140066
wave,5,10,3.140066
inher,5,7,3.140066
micro,5,8,3.140066
adher,5,5,3.140066
radio,5,7,3.140066
correctli,5,10,3.140066
flow,5,7,3.140066
impli,5,8,3.140066
modal,5,9,3.140066
cryptographi,5,6,3.140066
decomposit,5,10,3.140066
quit,5,5,3.140066
vehicl,5,11,3.140066
guidanc,5,13,3.140066
wikisourc,5,7,3.140066
sat,5,6,3.140066
singular,5,15,3.140066
huang,5,8,3.140066
piemont,5,5,3.140066
tsch,5,5,3.140066
plattd,5,5,3.140066
mount,5,12,3.140066
broken,5,5,3.140066
winaray,5,5,3.140066
brezhoneg,5,5,3.140066
kiswahili,5,5,3.140066
photograph,5,6,3.140066
ubiquit,5,7,3.140066
schedul,5,9,3.140066
raw,5,9,3.140066
traffic,5,6,3.140066
singh,5,7,3.140066
marin,5,12,3.140066
visitor,5,6,3.140066
proof,5,7,3.140066
player,5,51,3.140066
vec,5,9,3.140066
geoffrey,5,24,3.140066
compris,5,6,3.140066
slow,5,7,3.140066
primarili,5,7,3.140066
accomplish,5,6,3.140066
textual,5,10,3.140066
moder,5,7,3.140066
borrow,5,5,3.140066
ukrain,5,9,3.140066
ownership,5,12,3.140066
manner,5,6,3.140066
transmit,5,5,3.140066
saw,5,7,3.140066
textbook,5,10,3.140066
rev,5,5,3.140066
bit,5,8,3.140066
gold,5,8,3.140066
command,5,8,3.140066
chief,5,8,3.140066
block,5,7,3.140066
won,5,13,3.140066
converg,5,8,3.140066
partial,5,9,3.140066
curat,5,6,3.140066
island,5,16,3.140066
mile,5,15,3.140066
evolutionari,5,25,3.140066
tutori,5,10,3.140066
font,5,7,3.140066
zhang,5,18,3.140066
fault,5,9,3.140066
shapiro,5,15,3.140066
listen,5,11,3.140066
sexual,5,18,3.140066
pornographi,5,9,3.140066
compos,5,17,3.140066
spatial,5,6,3.140066
gather,5,7,3.140066
chanc,5,19,3.140066
verif,5,9,3.140066
approv,5,11,3.140066
earth,5,7,3.140066
reject,5,7,3.140066
impos,5,6,3.140066
capac,5,9,3.140066
light,5,11,3.140066
travel,5,9,3.140066
gregori,5,14,3.140066
cham,5,6,3.140066
reprint,5,8,3.140066
bubbl,5,9,3.140066
counter,5,6,3.140066
lake,5,13,3.140066
tax,5,45,3.140066
lesson,5,9,3.140066
trillion,5,7,3.140066
safe,5,16,3.140066
conflict,5,11,3.140066
darpa,5,6,3.140066
pearson,5,10,3.140066
sole,5,9,3.140066
own,5,7,3.140066
friend,5,19,3.140066
gan,5,10,3.140066
tradeoff,5,7,3.140066
kernel,5,13,3.140066
blind,5,9,3.140066
station,5,19,3.140066
ireland,5,15,3.140066
mexico,5,15,3.140066
diagnost,5,18,3.140066
loop,5,6,3.140066
qualit,5,6,3.140066
spell,5,6,3.140066
physicist,5,15,3.140066
kurd,5,5,3.140066
proc,5,13,3.140066
understood,5,5,3.140066
delay,5,5,3.140066
maximum,5,7,3.140066
jason,5,8,3.140066
clean,5,14,3.140066
acknowledg,5,5,3.140066
ford,5,13,3.140066
cook,5,5,3.140066
career,5,23,3.140066
isol,5,6,3.140066
ram,5,5,3.140066
recipi,5,14,3.140066
seven,5,10,3.140066
clinic,5,16,3.140066
watch,5,10,3.140066
excerpt,5,18,3.140066
kept,5,7,3.140066
compress,5,54,3.140066
perceiv,5,10,3.140066
ancient,5,6,3.140066
stori,5,13,3.140066
unsupervis,5,35,3.140066
proprietari,5,11,3.140066
curriculum,5,14,3.140066
belief,5,21,3.140066
perceptron,5,11,3.140066
logist,5,7,3.140066
panel,5,12,3.140066
inaugur,5,10,3.140066
incid,5,9,3.140066
nicola,5,8,3.140066
packag,5,6,3.140066
stefan,5,11,3.140066
dedic,5,11,3.140066
diego,5,12,3.140066
sequenti,5,13,3.140066
sunda,5,5,3.140066
tze,5,9,3.140066
sch,5,8,3.140066
mistak,5,6,3.140066
rotat,5,6,3.140066
prioriti,5,11,3.140066
stress,5,5,3.140066
taught,5,5,3.140066
pursu,5,8,3.140066
mutual,5,7,3.140066
kevin,5,11,3.140066
advertis,5,6,3.140066
gone,5,5,3.140066
fifth,5,8,3.140066
labor,5,13,3.140066
magnet,5,6,3.140066
directori,5,7,3.140066
laboratori,5,72,3.140066
exploit,5,9,3.140066
landscap,5,8,3.140066
keep,5,7,3.140066
confid,5,8,3.140066
mathematician,5,6,3.140066
emphas,5,8,3.140066
vannevar,5,11,3.140066
astronomi,5,9,3.140066
russel,5,160,3.140066
del,5,40,3.140066
ar,5,8,3.140066
promin,5,9,3.140066
brought,5,8,3.140066
contributor,5,7,3.140066
pertin,5,9,3.140066
demograph,5,9,3.140066
vice,5,6,3.140066
entitl,5,6,3.140066
namespac,5,13,3.140066
gift,5,6,3.140066
appeal,5,7,3.140066
rememb,5,6,3.140066
daili,5,7,3.140066
jimmi,5,9,3.140066
aaron,5,5,3.140066
pat,5,8,3.140066
percept,5,18,3.140066
insur,5,5,3.140066
dna,5,7,3.140066
minut,5,5,3.140066
cranfield,5,8,3.140066
poverti,5,12,3.140066
mail,5,12,3.140066
interchang,5,6,3.140066
basa,5,6,3.140066
shaw,5,8,3.140066
repeat,5,9,3.140066
older,5,6,3.140066
math,5,19,3.140066
mesh,5,11,3.140066
scholarship,5,9,3.140066
trivial,5,7,3.140066
serial,5,7,3.140066
sic,5,7,3.140066
wall,5,20,3.140066
viewer,5,5,3.140066
pressur,5,12,3.140066
chung,5,6,3.140066
footbal,5,31,3.140066
albert,5,13,3.140066
michel,5,10,3.140066
attach,5,11,3.140066
hcard,5,5,3.140066
tell,5,7,3.140066
sistema,5,22,3.140066
friedman,5,8,3.140066
byte,5,11,3.140066
child,5,6,3.140066
sociolog,5,9,3.140066
lawyer,5,6,3.140066
barn,5,6,3.140066
solo,5,14,3.140066
song,5,33,3.140066
monday,5,7,3.140066
editori,5,8,3.140066
powel,5,7,3.140066
elizabeth,5,10,3.140066
harold,5,14,3.140066
app,5,51,3.140066
cikm,5,6,3.140066
trove,5,5,3.140066
maker,5,12,3.140066
crucial,5,8,3.140066
bennett,5,6,3.140066
deliv,5,15,3.140066
reaction,5,7,3.140066
watson,5,12,3.140066
julia,5,10,3.140066
channel,5,6,3.140066
district,5,18,3.140066
norwegian,5,9,3.140066
decim,5,21,3.140066
justin,5,5,3.140066
carter,5,7,3.140066
moon,5,10,3.140066
tim,5,10,3.140066
chalmer,5,8,3.140066
promis,5,8,3.140066
mental,5,21,3.140066
arriv,5,6,3.140066
push,5,9,3.140066
nacion,5,7,3.140066
pittsburgh,5,15,3.140066
baeza,5,9,3.140066
tipster,5,6,3.140066
oblig,5,8,3.140066
confidenti,5,8,3.140066
markup,5,21,3.140066
vienna,5,9,3.140066
unstructur,5,6,3.140066
ndl,5,5,3.140066
nasa,5,23,3.140066
carolina,5,28,3.140066
fred,5,6,3.140066
davidson,5,7,3.140066
synthet,5,11,3.140066
spark,5,5,3.140066
distil,5,6,3.140066
usabl,5,11,3.140066
craig,5,8,3.140066
harper,5,7,3.140066
presidenti,5,11,3.140066
duke,5,15,3.140066
bowl,5,12,3.140066
steve,5,12,3.140066
observatori,5,13,3.140066
templ,5,7,3.140066
desk,5,10,3.140066
boulder,5,8,3.140066
santa,5,27,3.140066
jo,5,7,3.140066
hypertext,5,7,3.140066
angel,5,12,3.140066
prison,5,9,3.140066
insight,5,7,3.140066
bad,5,16,3.140066
path,5,13,3.140066
owner,5,16,3.140066
neutral,5,5,3.140066
mar,5,9,3.140066
occasion,5,11,3.140066
indiana,5,14,3.140066
defens,5,24,3.140066
swedish,5,12,3.140066
nativ,5,10,3.140066
reserv,5,179,3.140066
foster,5,8,3.140066
femal,5,8,3.140066
appar,5,6,3.140066
domest,5,6,3.140066
catalogu,5,408,3.140066
hack,5,12,3.140066
alabama,5,8,3.140066
tran,5,6,3.140066
fame,5,14,3.140066
mountain,5,8,3.140066
finish,5,5,3.140066
hay,5,6,3.140066
keyword,5,14,3.140066
honor,5,17,3.140066
info,5,14,3.140066
staff,5,22,3.140066
admiss,5,31,3.140066
feed,5,5,3.140066
latin,5,11,3.140066
murray,5,5,3.140066
dissert,5,6,3.140066
punch,5,43,3.140066
window,5,6,3.140066
belgium,5,7,3.140066
hong,5,16,3.140066
cell,5,11,3.140066
sell,5,15,3.140066
rapidli,5,6,3.140066
italian,5,9,3.140066
presid,5,78,3.140066
stephani,5,5,3.140066
spars,5,47,3.140066
genom,5,15,3.140066
invert,5,39,3.140066
compound,5,8,3.140066
adversari,5,20,3.140066
matric,5,8,3.140066
instant,5,5,3.140066
suitabl,5,6,3.140066
spam,5,12,3.140066
marri,5,10,3.140066
vote,5,5,3.140066
interdepend,5,12,3.140066
pars,5,43,3.140066
layout,5,7,3.140066
marcia,5,5,3.140066
driven,5,6,3.140066
hierarchi,5,15,3.140066
sarah,5,6,3.140066
consumpt,5,10,3.140066
lifetim,5,10,3.140066
discours,5,17,3.140066
conveni,5,7,3.140066
necessarili,5,7,3.140066
rachel,5,6,3.140066
norman,5,5,3.140066
ray,5,13,3.140066
token,5,51,3.140066
segment,5,21,3.140066
arizona,5,13,3.140066
encyclop,5,7,3.140066
weapon,4,14,3.322388
thesauru,4,10,3.322388
iter,4,8,3.322388
mike,4,8,3.322388
overload,4,4,3.322388
accompani,4,4,3.322388
welfar,4,8,3.322388
champion,4,13,3.322388
organiz,4,5,3.322388
checker,4,8,3.322388
corpora,4,12,3.322388
scan,4,8,3.322388
coalit,4,4,3.322388
interoper,4,7,3.322388
hart,4,49,3.322388
submiss,4,9,3.322388
attorney,4,4,3.322388
ken,4,8,3.322388
begun,4,6,3.322388
valuabl,4,10,3.322388
worker,4,7,3.322388
safeguard,4,4,3.322388
dozen,4,7,3.322388
button,4,6,3.322388
twitter,4,6,3.322388
african,4,5,3.322388
yahoo,4,7,3.322388
browser,4,6,3.322388
grown,4,4,3.322388
steel,4,7,3.322388
spot,4,7,3.322388
teacher,4,5,3.322388
indian,4,5,3.322388
sam,4,20,3.322388
chronolog,4,5,3.322388
ada,4,4,3.322388
philadelphia,4,6,3.322388
annal,4,5,3.322388
default,4,11,3.322388
phase,4,8,3.322388
accumul,4,4,3.322388
sub,4,12,3.322388
resist,4,7,3.322388
hungarian,4,4,3.322388
aris,4,5,3.322388
janet,4,4,3.322388
predomin,4,4,3.322388
astronom,4,6,3.322388
su,4,6,3.322388
brother,4,13,3.322388
obsolet,4,5,3.322388
imit,4,8,3.322388
conscious,4,26,3.322388
chatbot,4,31,3.322388
altman,4,10,3.322388
marketplac,4,4,3.322388
recurs,4,6,3.322388
lawsuit,4,4,3.322388
hyperlink,4,9,3.322388
anonym,4,10,3.322388
breakthrough,4,6,3.322388
narrow,4,14,3.322388
recoveri,4,4,3.322388
diamond,4,8,3.322388
peac,4,4,3.322388
moment,4,7,3.322388
denni,4,10,3.322388
trail,4,4,3.322388
bird,4,5,3.322388
ashish,4,8,3.322388
boom,4,15,3.322388
nuclear,4,28,3.322388
max,4,8,3.322388
taiwan,4,10,3.322388
shortag,4,5,3.322388
contrari,4,4,3.322388
regulatori,4,10,3.322388
foreign,4,10,3.322388
huge,4,7,3.322388
beta,4,20,3.322388
road,4,19,3.322388
properli,4,7,3.322388
cvpr,4,5,3.322388
topolog,4,7,3.322388
pac,4,7,3.322388
ration,4,11,3.322388
struggl,4,5,3.322388
camera,4,4,3.322388
coher,4,5,3.322388
margaret,4,10,3.322388
audit,4,4,3.322388
gnu,4,14,3.322388
swiss,4,5,3.322388
displac,4,4,3.322388
permit,4,4,3.322388
transit,4,8,3.322388
ronald,4,8,3.322388
dublin,4,14,3.322388
concentr,4,4,3.322388
coeffici,4,6,3.322388
rlhf,4,8,3.322388
mechanist,4,4,3.322388
crowdsourc,4,5,3.322388
sarsa,4,5,3.322388
formula,4,10,3.322388
scikit,4,6,3.322388
emnlp,4,4,3.322388
bioinformat,4,10,3.322388
chester,4,4,3.322388
overcom,4,6,3.322388
inaccur,4,4,3.322388
nobel,4,50,3.322388
realist,4,5,3.322388
breadth,4,9,3.322388
explos,4,10,3.322388
puzzl,4,8,3.322388
deepdream,4,4,3.322388
alexnet,4,8,3.322388
convolut,4,12,3.322388
cycl,4,5,3.322388
desktop,4,6,3.322388
acl,4,14,3.322388
miner,4,11,3.322388
overlap,4,6,3.322388
abbrevi,4,4,3.322388
port,4,6,3.322388
denot,4,5,3.322388
implicit,4,11,3.322388
minist,4,6,3.322388
doesn,4,5,3.322388
told,4,8,3.322388
mamba,4,5,3.322388
accommod,4,5,3.322388
lstm,4,6,3.322388
feedforward,4,6,3.322388
autoencod,4,8,3.322388
barrier,4,5,3.322388
household,4,5,3.322388
gram,4,6,3.322388
illeg,4,6,3.322388
stephan,4,10,3.322388
fairli,4,5,3.322388
gradient,4,16,3.322388
ecram,4,4,3.322388
ilokano,4,4,3.322388
tatar,4,4,3.322388
manifest,4,4,3.322388
clip,4,6,3.322388
anti,4,12,3.322388
stereotyp,4,8,3.322388
georgetown,4,12,3.322388
syntax,4,18,3.322388
boolean,4,7,3.322388
draft,4,9,3.322388
problemat,4,4,3.322388
hunt,4,7,3.322388
steal,4,8,3.322388
liber,4,6,3.322388
easier,4,9,3.322388
simpler,4,4,3.322388
electrochem,4,15,3.322388
cebuano,4,4,3.322388
aragon,4,4,3.322388
portabl,4,4,3.322388
decreas,4,6,3.322388
statistician,4,11,3.322388
alemannisch,4,4,3.322388
substitut,4,5,3.322388
buffalo,4,7,3.322388
workplac,4,7,3.322388
lda,4,5,3.322388
mother,4,9,3.322388
got,4,5,3.322388
jerom,4,12,3.322388
bishop,4,10,3.322388
dirichlet,4,4,3.322388
weekend,4,6,3.322388
distanc,4,9,3.322388
literaci,4,4,3.322388
cold,4,14,3.322388
guarante,4,4,3.322388
finit,4,6,3.322388
experienc,4,6,3.322388
echo,4,4,3.322388
priori,4,4,3.322388
character,4,5,3.322388
toma,4,5,3.322388
yoshua,4,14,3.322388
bengio,4,17,3.322388
accordingli,4,4,3.322388
shortli,4,5,3.322388
reus,4,4,3.322388
aerospac,4,5,3.322388
librarian,4,7,3.322388
geometri,4,4,3.322388
automata,4,4,3.322388
theorist,4,6,3.322388
height,4,15,3.322388
worri,4,5,3.322388
middl,4,5,3.322388
highest,4,6,3.322388
grace,4,4,3.322388
amherst,4,7,3.322388
tamper,4,4,3.322388
athen,4,4,3.322388
bu,4,6,3.322388
orthogon,4,4,3.322388
qaraqalpaqsha,4,4,3.322388
uyghurch,4,4,3.322388
simi,4,4,3.322388
svm,4,9,3.322388
naiv,4,5,3.322388
quantit,4,4,3.322388
lose,4,4,3.322388
gru,4,5,3.322388
overfit,4,17,3.322388
runa,4,4,3.322388
al,4,37,3.322388
anomali,4,21,3.322388
gomez,4,7,3.322388
noam,4,12,3.322388
movi,4,17,3.322388
mla,4,6,3.322388
paint,4,5,3.322388
amsterdam,4,4,3.322388
norbert,4,4,3.322388
cnn,4,8,3.322388
eighth,4,4,3.322388
hinrich,4,6,3.322388
vulner,4,9,3.322388
hallucin,4,28,3.322388
jeff,4,11,3.322388
greg,4,5,3.322388
arbor,4,4,3.322388
queensland,4,10,3.322388
coast,4,10,3.322388
agenda,4,5,3.322388
oliv,4,5,3.322388
newel,4,9,3.322388
montreal,4,4,3.322388
hole,4,15,3.322388
renaiss,4,4,3.322388
distant,4,4,3.322388
dbpedia,4,4,3.322388
malaysia,4,17,3.322388
bangladesh,4,12,3.322388
athena,4,6,3.322388
gari,4,5,3.322388
fellowship,4,4,3.322388
herman,4,34,3.322388
syntact,4,7,3.322388
kluwer,4,5,3.322388
moffat,4,4,3.322388
kelli,4,4,3.322388
marvin,4,10,3.322388
boundari,4,12,3.322388
inspect,4,4,3.322388
deliveri,4,5,3.322388
advisori,4,6,3.322388
absenc,4,5,3.322388
grade,4,5,3.322388
pace,4,5,3.322388
contest,4,8,3.322388
crawl,4,6,3.322388
leonard,4,5,3.322388
church,4,9,3.322388
prabhakar,4,5,3.322388
raghavan,4,5,3.322388
saint,4,13,3.322388
gradual,4,6,3.322388
poll,4,10,3.322388
newton,4,8,3.322388
reuter,4,7,3.322388
skill,4,4,3.322388
acronym,4,5,3.322388
affair,4,5,3.322388
eighteenth,4,4,3.322388
delta,4,6,3.322388
imagin,4,5,3.322388
mainstream,4,4,3.322388
dog,4,9,3.322388
loom,4,86,3.322388
jacquard,4,145,3.322388
terrier,4,15,3.322388
nigeria,4,8,3.322388
labour,4,7,3.322388
perri,4,12,3.322388
berri,4,7,3.322388
legisl,4,10,3.322388
red,4,12,3.322388
autonomi,4,6,3.322388
weather,4,4,3.322388
neighborhood,4,8,3.322388
stanley,4,17,3.322388
persist,4,17,3.322388
portug,4,13,3.322388
greec,4,6,3.322388
finland,4,8,3.322388
technica,4,7,3.322388
exceed,4,5,3.322388
muse,4,5,3.322388
bloom,4,4,3.322388
seq,4,9,3.322388
phi,4,6,3.322388
mario,4,4,3.322388
warwick,4,7,3.322388
alter,4,6,3.322388
jointli,4,5,3.322388
murder,4,5,3.322388
hal,4,9,3.322388
slaveri,4,7,3.322388
golden,4,6,3.322388
luca,4,4,3.322388
paolo,4,8,3.322388
karl,4,12,3.322388
hopkin,4,15,3.322388
anticip,4,4,3.322388
sensor,4,12,3.322388
rational,4,6,3.322388
roman,4,7,3.322388
australia,4,26,3.322388
kong,4,15,3.322388
send,4,5,3.322388
sage,4,7,3.322388
causal,4,8,3.322388
protest,4,6,3.322388
lot,4,4,3.322388
jon,4,10,3.322388
terri,4,5,3.322388
comic,4,4,3.322388
earl,4,4,3.322388
cancel,4,5,3.322388
ussr,4,4,3.322388
radic,4,5,3.322388
srivastava,4,4,3.322388
doc,4,7,3.322388
renam,4,6,3.322388
strateg,4,7,3.322388
nrc,4,10,3.322388
snac,4,4,3.322388
ulan,4,4,3.322388
clifford,4,5,3.322388
behaviour,4,29,3.322388
assert,4,10,3.322388
appoint,4,14,3.322388
script,4,7,3.322388
accident,4,4,3.322388
instal,4,13,3.322388
hamilton,4,5,3.322388
perfect,4,5,3.322388
murphi,4,5,3.322388
sci,4,9,3.322388
garfield,4,5,3.322388
walk,4,5,3.322388
acoust,4,16,3.322388
exposit,4,5,3.322388
manufactur,4,10,3.322388
shah,4,6,3.322388
guy,4,5,3.322388
pair,4,5,3.322388
complic,4,6,3.322388
joel,4,11,3.322388
seal,4,5,3.322388
becker,4,7,3.322388
constraint,4,10,3.322388
nois,4,7,3.322388
meant,4,5,3.322388
fee,4,9,3.322388
nil,4,10,3.322388
affili,4,30,3.322388
wikinew,4,4,3.322388
neighbor,4,8,3.322388
forth,4,7,3.322388
ron,4,12,3.322388
sport,4,30,3.322388
ddb,4,4,3.322388
apollo,4,13,3.322388
beauti,4,11,3.322388
univ,4,4,3.322388
carleton,4,4,3.322388
versu,4,5,3.322388
biblioth,4,10,3.322388
continuum,4,5,3.322388
retail,4,4,3.322388
fight,4,6,3.322388
stoke,4,8,3.322388
attack,4,4,3.322388
merit,4,12,3.322388
ellen,4,6,3.322388
unlimit,4,5,3.322388
oecd,4,15,3.322388
triniti,4,7,3.322388
wikiproject,4,20,3.322388
inter,4,5,3.322388
stochast,4,8,3.322388
ottawa,4,6,3.322388
aeronaut,4,5,3.322388
pharmaceut,4,8,3.322388
ller,4,10,3.322388
abus,4,6,3.322388
poor,4,5,3.322388
marcel,4,8,3.322388
anderson,4,13,3.322388
bet,4,225,3.322388
preview,4,6,3.322388
omar,4,5,3.322388
maria,4,5,3.322388
strongli,4,4,3.322388
deposit,4,27,3.322388
eye,4,6,3.322388
constrain,4,4,3.322388
demo,4,5,3.322388
pacif,4,13,3.322388
oakland,4,6,3.322388
connecticut,4,9,3.322388
waterloo,4,4,3.322388
nonlinear,4,7,3.322388
ontario,4,4,3.322388
manitoba,4,4,3.322388
lisa,4,5,3.322388
raymond,4,6,3.322388
chair,4,15,3.322388
campbel,4,7,3.322388
vincent,4,17,3.322388
otto,4,4,3.322388
symposium,4,6,3.322388
preprint,4,10,3.322388
likelihood,4,16,3.322388
papiamentu,4,4,3.322388
kenneth,4,6,3.322388
wei,4,5,3.322388
harmon,4,4,3.322388
ver,4,9,3.322388
frontier,4,10,3.322388
induc,4,4,3.322388
jennif,4,7,3.322388
consent,4,5,3.322388
leon,4,4,3.322388
nebraska,4,6,3.322388
missouri,4,12,3.322388
gabriel,4,5,3.322388
danc,4,12,3.322388
wayn,4,4,3.322388
crc,4,5,3.322388
denver,4,5,3.322388
clara,4,11,3.322388
dream,4,11,3.322388
outreach,4,6,3.322388
farm,4,4,3.322388
pamela,4,6,3.322388
algeria,4,4,3.322388
fill,4,6,3.322388
gun,4,4,3.322388
chart,4,8,3.322388
pursuit,4,4,3.322388
compat,4,7,3.322388
confirm,4,5,3.322388
delawar,4,10,3.322388
kansa,4,12,3.322388
iowa,4,11,3.322388
indianapoli,4,4,3.322388
narr,4,6,3.322388
deviat,4,5,3.322388
fraud,4,7,3.322388
embrac,4,4,3.322388
nearbi,4,5,3.322388
leed,4,5,3.322388
campus,4,6,3.322388
anatomi,4,4,3.322388
readi,4,5,3.322388
rand,4,8,3.322388
lewi,4,18,3.322388
amit,4,5,3.322388
marion,4,4,3.322388
brent,4,12,3.322388
kumar,4,6,3.322388
northeastern,4,11,3.322388
eastern,4,12,3.322388
hudson,4,17,3.322388
bool,4,6,3.322388
holi,4,8,3.322388
urn,4,9,3.322388
ren,4,13,3.322388
father,4,10,3.322388
rich,4,8,3.322388
enrich,4,6,3.322388
wake,4,8,3.322388
tennesse,4,7,3.322388
season,4,30,3.322388
nelson,4,6,3.322388
medlin,4,17,3.322388
jackson,4,11,3.322388
andi,4,5,3.322388
brooklyn,4,6,3.322388
televis,4,5,3.322388
analyst,4,5,3.322388
qian,4,4,3.322388
lincoln,4,14,3.322388
marshal,4,4,3.322388
re,4,8,3.322388
bela,4,5,3.322388
diagram,4,5,3.322388
northern,4,8,3.322388
subscrib,4,4,3.322388
heavi,4,8,3.322388
monro,4,7,3.322388
aristotl,4,5,3.322388
metropolitan,4,9,3.322388
cleveland,4,95,3.322388
batteri,4,10,3.322388
essex,4,4,3.322388
ngram,4,4,3.322388
knight,4,6,3.322388
migrat,4,4,3.322388
isn,4,5,3.322388
tsinghua,4,4,3.322388
le,4,29,3.322388
boy,4,8,3.322388
justifi,4,8,3.322388
loos,4,6,3.322388
vagu,4,5,3.322388
sue,4,4,3.322388
cave,4,4,3.322388
passag,4,9,3.322388
belkin,4,5,3.322388
alexandra,4,5,3.322388
ocean,4,4,3.322388
rhode,4,11,3.322388
oklahoma,4,4,3.322388
metro,4,4,3.322388
prop,4,40,3.322388
diabet,4,5,3.322388
lccn,4,6,3.322388
arkansa,4,12,3.322388
rethink,4,6,3.322388
historian,4,4,3.322388
laid,4,4,3.322388
burk,4,4,3.322388
proquest,4,8,3.322388
disappoint,4,5,3.322388
corner,4,4,3.322388
wisconsin,4,12,3.322388
utah,4,9,3.322388
vassar,4,5,3.322388
madison,4,5,3.322388
ribeiro,4,5,3.322388
zealand,4,12,3.322388
chapel,4,8,3.322388
syracus,4,6,3.322388
suni,4,5,3.322388
dame,4,8,3.322388
marathon,4,5,3.322388
manuscript,4,6,3.322388
genr,4,8,3.322388
plo,4,6,3.322388
sold,4,5,3.322388
tan,4,5,3.322388
infinit,4,7,3.322388
graham,4,7,3.322388
edmund,4,5,3.322388
notr,4,8,3.322388
flint,4,4,3.322388
miami,4,6,3.322388
maryland,4,8,3.322388
penn,4,6,3.322388
oberlin,4,6,3.322388
barton,4,16,3.322388
kaufmann,4,8,3.322388
moor,4,11,3.322388
proce,4,5,3.322388
wife,4,8,3.322388
berner,4,6,3.322388
jun,4,4,3.322388
hugh,4,4,3.322388
wellington,4,4,3.322388
victoria,4,8,3.322388
grinnel,4,4,3.322388
mason,4,4,3.322388
triangl,4,6,3.322388
drexel,4,4,3.322388
tune,4,8,3.322388
wikifunct,4,5,3.322388
penguin,4,8,3.322388
norton,4,4,3.322388
wesleyan,4,5,3.322388
denison,4,5,3.322388
newport,4,4,3.322388
bowdoin,4,5,3.322388
extent,4,5,3.322388
toy,4,5,3.322388
singer,4,6,3.322388
zhu,4,7,3.322388
fluid,4,4,3.322388
anthropolog,4,4,3.322388
bob,4,53,3.322388
heart,4,8,3.322388
warren,4,11,3.322388
plausibl,4,12,3.322388
stake,4,10,3.322388
chip,4,7,3.322388
routledg,4,10,3.322388
misinform,3,13,3.545531
cole,3,4,3.545531
raj,3,5,3.545531
literari,3,7,3.545531
mysteri,3,9,3.545531
pension,3,8,3.545531
hail,3,3,3.545531
magic,3,5,3.545531
flower,3,5,3.545531
goldberg,3,4,3.545531
mislead,3,4,3.545531
mayb,3,3,3.545531
photo,3,6,3.545531
twice,3,3,3.545531
inconsist,3,4,3.545531
journey,3,4,3.545531
linda,3,4,3.545531
mont,3,8,3.545531
fiscal,3,3,3.545531
gina,3,13,3.545531
sure,3,3,3.545531
roadmap,3,8,3.545531
ryan,3,6,3.545531
mitig,3,8,3.545531
mln,3,3,3.545531
robin,3,4,3.545531
hendrix,3,3,3.545531
holli,3,3,3.545531
jing,3,3,3.545531
vast,3,6,3.545531
interconnect,3,3,3.545531
elli,3,11,3.545531
tuft,3,10,3.545531
biggest,3,3,3.545531
grate,3,301,3.545531
brin,3,4,3.545531
wooster,3,4,3.545531
asset,3,9,3.545531
adventur,3,3,3.545531
oldest,3,6,3.545531
senior,3,7,3.545531
dominion,3,3,3.545531
allan,3,4,3.545531
blackwel,3,3,3.545531
chronicl,3,9,3.545531
auburn,3,4,3.545531
portion,3,5,3.545531
elia,3,3,3.545531
briefli,3,3,3.545531
sigmod,3,5,3.545531
linn,3,3,3.545531
behalf,3,3,3.545531
edinburgh,3,4,3.545531
baker,3,3,3.545531
mi,3,3,3.545531
elgar,3,4,3.545531
christchurch,3,5,3.545531
rit,3,3,3.545531
polytechn,3,15,3.545531
renssela,3,5,3.545531
gross,3,3,3.545531
recreat,3,5,3.545531
ssrn,3,11,3.545531
med,3,5,3.545531
dec,3,11,3.545531
introductori,3,3,3.545531
kendal,3,14,3.545531
bne,3,4,3.545531
longman,3,4,3.545531
urbana,3,3,3.545531
eleph,3,4,3.545531
rob,3,7,3.545531
jami,3,4,3.545531
entail,3,8,3.545531
schuster,3,4,3.545531
amir,3,4,3.545531
peak,3,6,3.545531
suppress,3,4,3.545531
vike,3,3,3.545531
pirat,3,5,3.545531
inquiri,3,4,3.545531
pierc,3,3,3.545531
weber,3,7,3.545531
salt,3,3,3.545531
instituto,3,3,3.545531
rio,3,5,3.545531
historia,3,4,3.545531
antonio,3,3,3.545531
richardson,3,3,3.545531
sergey,3,4,3.545531
timothi,3,3,3.545531
ordinari,3,3,3.545531
ning,3,3,3.545531
symptom,3,21,3.545531
dakota,3,5,3.545531
allegheni,3,3,3.545531
toledo,3,3,3.545531
khan,3,6,3.545531
verg,3,9,3.545531
nombr,3,11,3.545531
biblioteca,3,3,3.545531
columbu,3,3,3.545531
sobr,3,8,3.545531
weekli,3,7,3.545531
smarter,3,8,3.545531
sydney,3,5,3.545531
delhi,3,3,3.545531
myth,3,3,3.545531
vocat,3,3,3.545531
mathrm,3,18,3.545531
side,3,3,3.545531
analytiqu,3,3,3.545531
nottingham,3,5,3.545531
berthier,3,4,3.545531
toni,3,4,3.545531
xavierian,3,3,3.545531
pontif,3,5,3.545531
earch,3,3,3.545531
gipp,3,7,3.545531
goldstein,3,6,3.545531
lex,3,3,3.545531
luk,3,4,3.545531
auckland,3,7,3.545531
dayton,3,6,3.545531
villag,3,10,3.545531
hear,3,5,3.545531
sent,3,3,3.545531
threshold,3,4,3.545531
fort,3,5,3.545531
suffolk,3,4,3.545531
nassau,3,4,3.545531
armstrong,3,3,3.545531
cuyahoga,3,8,3.545531
cdot,3,19,3.545531
bloomberg,3,11,3.545531
klau,3,3,3.545531
municip,3,5,3.545531
breakdown,3,5,3.545531
attend,3,8,3.545531
unesco,3,6,3.545531
ball,3,3,3.545531
beel,3,14,3.545531
foot,3,5,3.545531
seventeen,3,3,3.545531
liberti,3,10,3.545531
libr,3,5,3.545531
universit,3,6,3.545531
helmet,3,3,3.545531
ester,3,5,3.545531
yin,3,3,3.545531
rose,3,20,3.545531
sudoc,3,3,3.545531
godfath,3,4,3.545531
forb,3,8,3.545531
stewart,3,11,3.545531
meaning,3,3,3.545531
gemeinsam,3,4,3.545531
akron,3,4,3.545531
anomal,3,6,3.545531
alert,3,4,3.545531
complianc,3,4,3.545531
orbit,3,4,3.545531
scholia,3,3,3.545531
tyler,3,3,3.545531
finger,3,3,3.545531
xuan,3,4,3.545531
pei,3,6,3.545531
huddersfield,3,8,3.545531
summon,3,3,3.545531
glasgow,3,5,3.545531
durham,3,3,3.545531
tcd,3,3,3.545531
turin,3,3,3.545531
sall,3,3,3.545531
cap,3,21,3.545531
stat,3,9,3.545531
compendium,3,3,3.545531
sheer,3,3,3.545531
shed,3,10,3.545531
monograph,3,3,3.545531
maastricht,3,3,3.545531
devon,3,3,3.545531
singhal,3,4,3.545531
imperi,3,9,3.545531
hull,3,6,3.545531
alamo,3,3,3.545531
ithaca,3,3,3.545531
erich,3,4,3.545531
intract,3,6,3.545531
ride,3,5,3.545531
southeastern,3,3,3.545531
sail,3,3,3.545531
shore,3,3,3.545531
merrimack,3,5,3.545531
passaic,3,3,3.545531
tribun,3,5,3.545531
venturebeat,3,8,3.545531
kentucki,3,3,3.545531
novelti,3,6,3.545531
pb,3,4,3.545531
korean,3,4,3.545531
norfolk,3,3,3.545531
bristol,3,4,3.545531
dialogu,3,5,3.545531
senat,3,4,3.545531
liverpool,3,3,3.545531
lock,3,10,3.545531
dow,3,8,3.545531
maya,3,3,3.545531
entr,3,17,3.545531
cynthia,3,4,3.545531
plymouth,3,3,3.545531
riot,3,4,3.545531
ecosystem,3,3,3.545531
dot,3,3,3.545531
carol,3,10,3.545531
bill,3,4,3.545531
indigo,3,3,3.545531
bookstor,3,7,3.545531
spend,3,5,3.545531
trick,3,5,3.545531
eng,3,3,3.545531
holland,3,4,3.545531
omaha,3,5,3.545531
gilbert,3,3,3.545531
ludwig,3,5,3.545531
constructivist,3,8,3.545531
cape,3,3,3.545531
louisvil,3,5,3.545531
la,3,17,3.545531
griffith,3,3,3.545531
liang,3,6,3.545531
joe,3,6,3.545531
brasil,3,3,3.545531
cuba,3,3,3.545531
chile,3,6,3.545531
philipp,3,3,3.545531
dana,3,4,3.545531
prefix,3,17,3.545531
sharon,3,3,3.545531
egypt,3,4,3.545531
razi,3,5,3.545531
victim,3,3,3.545531
ukrainian,3,3,3.545531
persian,3,3,3.545531
morn,3,3,3.545531
finnish,3,8,3.545531
gao,3,4,3.545531
deng,3,5,3.545531
anna,3,3,3.545531
love,3,5,3.545531
archivist,3,3,3.545531
bookshelf,3,4,3.545531
cybernet,3,16,3.545531
conf,3,3,3.545531
weak,3,6,3.545531
lancast,3,3,3.545531
wilfrid,3,3,3.545531
discontinu,3,3,3.545531
pine,3,3,3.545531
biotechnolog,3,8,3.545531
geographi,3,5,3.545531
archaeolog,3,5,3.545531
alto,3,10,3.545531
palo,3,10,3.545531
consolid,3,3,3.545531
factual,3,6,3.545531
est,3,22,3.545531
lobbi,3,6,3.545531
adjac,3,4,3.545531
temporarili,3,3,3.545531
acad,3,5,3.545531
interesting,3,3,3.545531
recept,3,7,3.545531
bot,3,6,3.545531
battl,3,4,3.545531
spirit,3,7,3.545531
retrospect,3,4,3.545531
costa,3,3,3.545531
erik,3,5,3.545531
hollywood,3,9,3.545531
competitor,3,9,3.545531
departur,3,4,3.545531
levi,3,4,3.545531
multivari,3,4,3.545531
tower,3,10,3.545531
plural,3,4,3.545531
feminist,3,3,3.545531
metaphys,3,3,3.545531
anarch,3,3,3.545531
sacramento,3,3,3.545531
rhetor,3,3,3.545531
religion,3,3,3.545531
stub,3,9,3.545531
adrian,3,3,3.545531
monterey,3,6,3.545531
hartford,3,3,3.545531
soldier,3,6,3.545531
fourth,3,5,3.545531
thunder,3,5,3.545531
nlm,3,23,3.545531
bee,3,3,3.545531
princ,3,3,3.545531
alberta,3,3,3.545531
realiz,3,4,3.545531
bass,3,9,3.545531
nguyen,3,4,3.545531
recherch,3,4,3.545531
booth,3,4,3.545531
chill,3,3,3.545531
cup,3,4,3.545531
auf,3,28,3.545531
barbara,3,7,3.545531
searcher,3,11,3.545531
forev,3,5,3.545531
congression,3,4,3.545531
kiss,3,3,3.545531
wilkin,3,3,3.545531
hospit,3,12,3.545531
inabl,3,3,3.545531
inact,3,6,3.545531
unexpect,3,4,3.545531
trip,3,38,3.545531
touch,3,10,3.545531
unveil,3,9,3.545531
adob,3,3,3.545531
abort,3,3,3.545531
ascii,3,3,3.545531
timmer,3,4,3.545531
personnel,3,3,3.545531
intrus,3,7,3.545531
informaci,3,79,3.545531
recuperaci,3,61,3.545531
town,3,4,3.545531
collin,3,4,3.545531
armi,3,4,3.545531
documentari,3,5,3.545531
retir,3,3,3.545531
plu,3,4,3.545531
catalonia,3,4,3.545531
sigplan,3,3,3.545531
carrol,3,4,3.545531
schmidt,3,3,3.545531
rebecca,3,3,3.545531
aircraft,3,3,3.545531
sea,3,4,3.545531
bbc,3,6,3.545531
fool,3,4,3.545531
saul,3,3,3.545531
zadeh,3,5,3.545531
nevada,3,5,3.545531
alaska,3,5,3.545531
kitchen,3,3,3.545531
articul,3,5,3.545531
weinberg,3,11,3.545531
carbon,3,9,3.545531
unfit,3,3,3.545531
revolutionari,3,3,3.545531
sean,3,8,3.545531
essing,3,4,3.545531
infobox,3,3,3.545531
llc,3,3,3.545531
dish,3,3,3.545531
nova,3,3,3.545531
harmoni,3,3,3.545531
concordia,3,5,3.545531
jordan,3,8,3.545531
edmonton,3,3,3.545531
calgari,3,5,3.545531
national,3,5,3.545531
pretoria,3,3,3.545531
ethnic,3,3,3.545531
forgotten,3,4,3.545531
alvin,3,4,3.545531
halifax,3,3,3.545531
multidimension,3,4,3.545531
weaver,3,14,3.545531
diminish,3,3,3.545531
lina,3,3,3.545531
unif,3,4,3.545531
bali,3,3,3.545531
nearest,3,8,3.545531
genealog,3,5,3.545531
nicknam,3,5,3.545531
gray,3,6,3.545531
conform,3,3,3.545531
abduct,3,4,3.545531
zbmath,3,3,3.545531
evan,3,9,3.545531
pertain,3,3,3.545531
calculu,3,10,3.545531
afford,3,5,3.545531
walker,3,15,3.545531
commonwealth,3,4,3.545531
charter,3,12,3.545531
fortun,3,5,3.545531
disabl,3,3,3.545531
hat,3,9,3.545531
mimic,3,3,3.545531
hyperparamet,3,5,3.545531
unobserv,3,4,3.545531
covari,3,4,3.545531
hasti,3,5,3.545531
trevor,3,5,3.545531
witten,3,4,3.545531
suprem,3,6,3.545531
merger,3,8,3.545531
collat,3,3,3.545531
oncolog,3,3,3.545531
prospect,3,3,3.545531
wolf,3,9,3.545531
mooer,3,4,3.545531
calvin,3,4,3.545531
gale,3,3,3.545531
ebsco,3,4,3.545531
motion,3,4,3.545531
remot,3,5,3.545531
cliff,3,6,3.545531
informationweek,3,3,3.545531
bronz,3,3,3.545531
perfor,3,10,3.545531
unicod,3,3,3.545531
boyl,3,3,3.545531
jeremi,3,3,3.545531
heterogen,3,3,3.545531
descriptor,3,5,3.545531
proxi,3,8,3.545531
tension,3,3,3.545531
rival,3,3,3.545531
amend,3,4,3.545531
frysk,3,3,3.545531
musicbrainz,3,4,3.545531
routin,3,4,3.545531
reshap,3,3,3.545531
heurist,3,7,3.545531
drew,3,11,3.545531
leagu,3,10,3.545531
howard,3,7,3.545531
mellon,3,7,3.545531
precursor,3,6,3.545531
development,3,8,3.545531
embodi,3,3,3.545531
kuhn,3,4,3.545531
johannesburg,3,3,3.545531
improp,3,6,3.545531
beam,3,4,3.545531
tibshirani,3,5,3.545531
croatia,3,7,3.545531
colon,3,8,3.545531
booksel,3,28,3.545531
luhn,3,6,3.545531
trap,3,3,3.545531
rfc,3,9,3.545531
garden,3,8,3.545531
yard,3,5,3.545531
stan,3,3,3.545531
metasearch,3,3,3.545531
karlsruh,3,5,3.545531
bowker,3,3,3.545531
harvest,3,3,3.545531
stretch,3,7,3.545531
cach,3,7,3.545531
philippin,3,21,3.545531
joy,3,3,3.545531
purdu,3,5,3.545531
beginn,3,3,3.545531
iot,3,6,3.545531
rick,3,8,3.545531
welsh,3,3,3.545531
pete,3,3,3.545531
harvey,3,4,3.545531
underground,3,5,3.545531
lay,3,3,3.545531
super,3,10,3.545531
matur,3,3,3.545531
fewer,3,3,3.545531
isaac,3,7,3.545531
alien,3,4,3.545531
pull,3,4,3.545531
falcon,3,8,3.545531
reloc,3,6,3.545531
expens,3,6,3.545531
nanci,3,6,3.545531
baltimor,3,10,3.545531
club,3,14,3.545531
fli,3,3,3.545531
exempt,3,3,3.545531
intens,3,8,3.545531
avenu,3,8,3.545531
darwin,3,8,3.545531
mod,3,3,3.545531
pride,3,6,3.545531
religi,3,5,3.545531
nich,3,3,3.545531
iceland,3,7,3.545531
denmark,3,6,3.545531
tang,3,4,3.545531
massiv,3,5,3.545531
glove,3,3,3.545531
lyon,3,31,3.545531
guard,3,5,3.545531
ebook,3,7,3.545531
fisher,3,6,3.545531
baptist,3,4,3.545531
randi,3,4,3.545531
paradox,3,5,3.545531
off,3,3,3.545531
madelin,3,3,3.545531
auditorium,3,8,3.545531
utilitarian,3,6,3.545531
searl,3,15,3.545531
aesthet,3,5,3.545531
fold,3,10,3.545531
swarm,3,9,3.545531
weav,3,45,3.545531
speci,3,14,3.545531
encount,3,7,3.545531
payment,3,9,3.545531
damag,3,4,3.545531
truli,3,6,3.545531
unrel,3,3,3.545531
startup,3,7,3.545531
aggress,3,6,3.545531
censu,3,24,3.545531
tabul,3,28,3.545531
uri,3,12,3.545531
mixtur,3,3,3.545531
iso,3,32,3.545531
pub,3,4,3.545531
confront,3,3,3.545531
colombia,3,10,3.545531
brazil,3,9,3.545531
argentina,3,7,3.545531
marku,3,3,3.545531
conjug,3,3,3.545531
quasi,3,3,3.545531
ocr,3,3,3.545531
fell,3,4,3.545531
eec,3,7,3.545531
nonprofit,3,5,3.545531
revenu,3,9,3.545531
epistemolog,3,7,3.545531
jussi,3,7,3.545531
karlgren,3,7,3.545531
cathol,3,5,3.545531
nyu,3,5,3.545531
cheaper,3,3,3.545531
noisi,3,3,3.545531
manifold,3,7,3.545531
nie,3,4,3.545531
chao,3,5,3.545531
nineteenth,3,3,3.545531
spl,3,3,3.545531
kling,3,3,3.545531
gen,3,5,3.545531
gpt,3,17,3.545531
volunt,3,6,3.545531
drawback,3,3,3.545531
ballot,3,7,3.545531
reviv,3,4,3.545531
altogeth,3,3,3.545531
sir,3,3,3.545531
succeed,3,3,3.545531
laureat,3,20,3.545531
minneapoli,3,3,3.545531
irf,3,4,3.545531
drink,3,6,3.545531
inf,3,4,3.545531
wikivoyag,3,3,3.545531
wikispeci,3,3,3.545531
mediawiki,3,57,3.545531
ami,3,3,3.545531
rag,3,4,3.545531
collegi,3,5,3.545531
guatemala,3,7,3.545531
occupi,3,3,3.545531
simplic,3,4,3.545531
healthi,3,3,3.545531
climat,3,4,3.545531
donna,3,17,3.545531
maarten,3,3,3.545531
udio,3,3,3.545531
circl,3,16,3.545531
dall,3,5,3.545531
treati,3,6,3.545531
democrat,3,5,3.545531
conceiv,3,3,3.545531
conven,3,3,3.545531
voluntari,3,3,3.545531
speaker,3,4,3.545531
forecast,3,10,3.545531
owe,3,3,3.545531
exam,3,5,3.545531
companion,3,4,3.545531
crowd,3,4,3.545531
benson,3,5,3.545531
clifton,3,3,3.545531
disclos,3,4,3.545531
wood,3,5,3.545531
partnership,3,6,3.545531
sandbox,3,6,3.545531
chord,3,8,3.545531
ebay,3,3,3.545531
allianc,3,3,3.545531
apa,3,3,3.545531
shazeer,3,5,3.545531
kennedi,3,11,3.545531
sigchi,3,5,3.545531
locomot,3,3,3.545531
alistair,3,3,3.545531
heinz,3,3,3.545531
frieder,3,3,3.545531
courvil,3,5,3.545531
electro,3,3,3.545531
bernard,3,4,3.545531
mccarthi,3,18,3.545531
minski,3,14,3.545531
karpathi,3,4,3.545531
andrej,3,4,3.545531
statista,3,3,3.545531
jazz,3,9,3.545531
dewey,3,11,3.545531
misus,3,4,3.545531
ichi,3,4,3.545531
shun,3,4,3.545531
papert,3,4,3.545531
seymour,3,3,3.545531
resign,3,3,3.545531
royalti,3,4,3.545531
fraction,3,3,3.545531
celebr,3,10,3.545531
festiv,3,14,3.545531
artifact,3,3,3.545531
specialist,3,3,3.545531
irsg,3,3,3.545531
bc,3,11,3.545531
neil,3,8,3.545531
will,3,4,3.545531
wolfgang,3,3,3.545531
mill,3,3,3.545531
io,3,3,3.545531
straight,3,3,3.545531
matt,3,4,3.545531
pisa,3,3,3.545531
bin,3,13,3.545531
collaps,3,7,3.545531
synthes,3,4,3.545531
neuromorph,3,8,3.545531
und,3,170,3.545531
ein,3,105,3.545531
netflix,3,32,3.545531
telecommun,3,3,3.545531
dokument,3,87,3.545531
beij,3,4,3.545531
geneva,3,6,3.545531
sheffield,3,3,3.545531
wiener,3,3,3.545531
grave,3,3,3.545531
highway,3,5,3.545531
weizenbaum,3,4,3.545531
morri,3,5,3.545531
apprenticeship,3,3,3.545531
automl,3,3,3.545531
sdl,3,3,3.545531
sne,3,3,3.545531
pgd,3,3,3.545531
alexandr,3,4,3.545531
gaelg,3,3,3.545531
pca,3,6,3.545531
rvm,3,3,3.545531
judgement,3,3,3.545531
liter,3,5,3.545531
genuin,3,3,3.545531
hawk,3,10,3.545531
oi,3,4,3.545531
quoc,3,3,3.545531
vinyal,3,4,3.545531
kdd,3,14,3.545531
peripher,3,3,3.545531
feasibl,3,4,3.545531
oriol,3,4,3.545531
expos,3,8,3.545531
night,3,16,3.545531
katherin,3,3,3.545531
marian,3,3,3.545531
epstein,3,3,3.545531
folklor,3,5,3.545531
collis,3,3,3.545531
orlean,3,3,3.545531
excess,3,3,3.545531
alleg,3,10,3.545531
hollerith,3,68,3.545531
rent,3,4,3.545531
reservoir,3,3,3.545531
esn,3,3,3.545531
multiprocess,3,3,3.545531
quantifi,3,4,3.545531
pipelin,3,5,3.545531
rebellion,3,3,3.545531
thread,3,30,3.545531
ecolog,3,3,3.545531
grey,3,8,3.545531
dashboard,3,5,3.545531
dramat,3,3,3.545531
fulfil,3,3,3.545531
middlewar,3,3,3.545531
cyber,3,4,3.545531
soc,3,3,3.545531
discrep,3,3,3.545531
cca,3,3,3.545531
dbscan,3,3,3.545531
cure,3,4,3.545531
wrong,3,7,3.545531
provost,3,9,3.545531
lindsay,3,4,3.545531
rescu,3,3,3.545531
dark,3,12,3.545531
elsevi,3,4,3.545531
grossman,3,3,3.545531
jaap,3,3,3.545531
government,3,3,3.545531
arbitrari,3,3,3.545531
setup,3,6,3.545531
birch,3,3,3.545531
boltzmann,3,3,3.545531
emori,3,6,3.545531
nordfriisk,3,3,3.545531
zazaki,3,3,3.545531
multithread,3,3,3.545531
concurr,3,7,3.545531
llm,3,17,3.545531
portrait,3,5,3.545531
angl,3,11,3.545531
plain,3,3,3.545531
preprocess,3,4,3.545531
learner,3,10,3.545531
cyberwarfar,3,3,3.545531
jim,3,5,3.545531
profess,3,4,3.545531
nmf,3,4,3.545531
ica,3,4,3.545531
pablo,3,5,3.545531
victori,3,3,3.545531
erron,3,3,3.545531
okapi,3,3,3.545531
hurt,3,4,3.545531
tendenc,3,7,3.545531
emait,3,3,3.545531
iban,3,3,3.545531
ayisyen,3,3,3.545531
krey,3,3,3.545531
slightli,3,3,3.545531
carl,3,10,3.545531
territori,3,5,3.545531
specul,3,7,3.545531
folk,3,14,3.545531
memtransistor,3,3,3.545531
ransac,3,3,3.545531
recruit,3,10,3.545531
pona,3,3,3.545531
betawi,3,3,3.545531
compact,3,4,3.545531
partit,3,7,3.545531
proven,3,5,3.545531
stakehold,3,5,3.545531
interview,3,12,3.545531
compli,3,4,3.545531
indefinit,3,3,3.545531
revers,3,3,3.545531
vendor,3,7,3.545531
lightn,3,6,3.545531
discourag,3,4,3.545531
parri,3,4,3.545531
spike,3,3,3.545531
hindi,3,3,3.545531
idhlig,3,3,3.545531
malagasi,3,3,3.545531
crew,3,5,3.545531
outlier,3,14,3.545531
forrest,3,3,3.545531
fire,3,3,3.545531
disast,3,4,3.545531
tailor,3,5,3.545531
chemist,3,3,3.545531
studio,3,14,3.545531
tupl,3,3,3.545531
brno,3,3,3.545531
thai,3,3,3.545531
accent,3,4,3.545531
wind,3,4,3.545531
neurosci,3,8,3.545531
porter,3,4,3.545531
prime,3,6,3.545531
toki,3,3,3.545531
rkmen,3,3,3.545531
sicilianu,3,3,3.545531
woman,3,8,3.545531
affirm,3,4,3.545531
unfair,3,5,3.545531
cemeteri,3,10,3.545531
trait,3,5,3.545531
delv,3,6,3.545531
tier,3,9,3.545531
hook,3,27,3.545531
quarter,3,4,3.545531
incomplet,3,7,3.545531
radianc,3,3,3.545531
lenet,3,3,3.545531
som,3,3,3.545531
planet,3,12,3.545531
arabia,3,4,3.545531
kuropka,3,5,3.545531
seed,3,4,3.545531
pandora,3,5,3.545531
xai,3,6,3.545531
splade,3,28,3.545531
dens,3,9,3.545531
subdivid,3,3,3.545531
parker,3,7,3.545531
jian,3,4,3.545531
michelin,3,5,3.545531
ye,3,5,3.545531
noun,3,7,3.545531
mous,3,7,3.545531
extra,3,11,3.545531
iclr,3,4,3.545531
icml,3,4,3.545531
neurip,3,4,3.545531
iccv,3,3,3.545531
deepfak,3,19,3.545531
shuttl,3,12,3.545531
advisor,3,5,3.545531
burn,3,4,3.545531
motor,3,5,3.545531
intermedi,3,4,3.545531
intuit,3,10,3.545531
slower,3,4,3.545531
versatil,3,7,3.545531
radar,3,9,3.545531
alongsid,3,5,3.545531
accid,3,3,3.545531
lift,3,3,3.545531
ban,3,6,3.545531
flight,3,4,3.545531
vertic,3,3,3.545531
pytorch,3,4,3.545531
torch,3,3,3.545531
api,3,22,3.545531
span,3,3,3.545531
nonsens,3,5,3.545531
surprisingli,3,3,3.545531
subsidiari,3,4,3.545531
drop,3,7,3.545531
acquir,3,6,3.545531
tackl,3,3,3.545531
backpropag,3,11,3.545531
thesauri,3,4,3.545531
turkish,3,5,3.545531
lion,3,5,3.545531
drift,3,3,3.545531
settlement,3,3,3.545531
scotland,3,3,3.545531
elementari,3,3,3.545531
necess,3,3,3.545531
importantli,3,4,3.545531
dutch,3,11,3.545531
sit,3,4,3.545531
da,3,82,3.545531
deduc,3,6,3.545531
ecml,3,4,3.545531
gensim,3,3,3.545531
flux,3,4,3.545531
stack,3,5,3.545531
haupt,3,4,3.545531
degrad,3,4,3.545531
wordnet,3,4,3.545531
tone,3,5,3.545531
danish,3,3,3.545531
bulgarian,3,3,3.545531
disclosur,3,7,3.545531
harbor,3,6,3.545531
eccv,3,4,3.545531
occam,3,3,3.545531
superintellig,3,19,3.545531
jmlr,3,4,3.545531
predic,3,9,3.545531
defeat,3,5,3.545531
goodfellow,3,7,3.545531
hinton,3,23,3.545531
increment,3,6,3.545531
deborah,3,3,3.545531
coloni,3,5,3.545531
particl,3,4,3.545531
natali,3,3,3.545531
abandon,3,3,3.545531
perkin,3,4,3.545531
saudi,3,4,3.545531
ga,3,3,3.545531
reactor,3,12,3.545531
carv,3,3,3.545531
pkdd,3,5,3.545531
kalman,3,4,3.545531
upgrad,3,5,3.545531
tre,3,3,3.545531
tay,3,4,3.545531
openai,3,23,3.545531
alik,3,5,3.545531
emul,3,5,3.545531
bandwidth,3,3,3.545531
theft,3,9,3.545531
ding,3,4,3.545531
journalist,3,3,3.545531
readili,3,3,3.545531
advis,3,11,3.545531
helsinki,3,5,3.545531
unnecessari,3,4,3.545531
sui,3,3,3.545531
lockhe,3,4,3.545531
clair,3,3,3.545531
ceo,3,7,3.545531
intel,3,5,3.545531
wors,3,4,3.545531
prone,3,3,3.545531
scrape,3,9,3.545531
theater,3,5,3.545531
petit,3,3,3.545531
fuel,3,6,3.545531
cryptocurr,3,7,3.545531
uncanni,3,6,3.545531
existenti,3,21,3.545531
bitter,3,3,3.545531
adequ,3,4,3.545531
simplest,3,4,3.545531
underpin,3,4,3.545531
punctuat,3,3,3.545531
textur,3,3,3.545531
claus,3,6,3.545531
horn,3,8,3.545531
burden,3,5,3.545531
catalan,3,3,3.545531
slovenian,3,5,3.545531
portugues,3,5,3.545531
successor,3,3,3.545531
java,3,9,3.545531
sigkdd,3,12,3.545531
primer,3,4,3.545531
pascal,3,4,3.545531
bought,3,3,3.545531
dialog,3,5,3.545531
rod,3,8,3.545531
ser,3,18,3.545531
consensu,3,7,3.545531
lend,3,3,3.545531
generi,3,3,3.545531
paus,3,5,3.545531
terribl,3,3,3.545531
gemini,3,10,3.545531
scandal,3,6,3.545531
grok,3,5,3.545531
swift,3,3,3.545531
hec,3,3,3.545531
glenn,3,5,3.545531
overseen,3,3,3.545531
appl,3,7,3.545531
failur,3,3,3.545531
audienc,3,7,3.545531
didn,3,4,3.545531
jie,3,4,3.545531
durant,3,10,3.545531
temporari,3,3,3.545531
voicevers,3,3,3.545531
settl,3,3,3.545531
slip,3,4,3.545531
cow,3,5,3.545531
neuroscientist,3,3,3.545531
asid,3,3,3.545531
pronunci,3,3,3.545531
warehous,3,9,3.545531
concis,3,4,3.545531
workstat,3,3,3.545531
sonar,3,4,3.545531
synonym,3,4,3.545531
absolut,3,7,3.545531
hyman,3,3,3.545531
lynn,3,3,3.545531
driver,3,5,3.545531
gran,3,7,3.545531
naval,3,6,3.545531
chandler,3,3,3.545531
preval,3,7,3.545531
paragraph,3,3,3.545531
bland,3,4,3.545531
shadow,3,3,3.545531
plagiar,3,3,3.545531
nft,3,3,3.545531
destroy,3,8,3.545531
sherman,3,3,3.545531
sql,3,3,3.545531
hors,3,4,3.545531
hire,3,5,3.545531
babelnet,3,4,3.545531
wish,3,4,3.545531
mir,3,16,3.545531
ist,3,56,3.545531
enjoy,3,12,3.545531
spread,3,27,3.545531
ratio,3,6,3.545531
randomli,3,3,3.545531
revisit,3,4,3.545531
unconsci,3,3,3.545531
crimin,3,18,3.545531
jessica,3,3,3.545531
stuff,3,3,3.545531
kenyon,3,3,3.545531
clemson,3,3,3.545531
candid,3,5,3.545531
deni,3,4,3.545531
hispan,3,3,3.545531
unclear,3,4,3.545531
unusu,3,5,3.545531
robinson,3,4,3.545531
pixel,3,10,3.545531
surrog,3,3,3.545531
friedrich,3,3,3.545531
mirror,3,3,3.545531
pitt,3,7,3.545531
walter,3,9,3.545531
groundwork,3,3,3.545531
neuron,3,26,3.545531
odd,2,60,3.833213
duan,2,2,3.833213
undetect,2,6,3.833213
lam,2,2,3.833213
tpr,2,2,3.833213
tnr,2,2,3.833213
fpr,2,2,3.833213
bend,2,2,3.833213
unnatur,2,2,3.833213
legitim,2,3,3.833213
clinton,2,2,3.833213
erlbaum,2,2,3.833213
framenet,2,2,3.833213
treebank,2,2,3.833213
propbank,2,2,3.833213
fasttext,2,2,3.833213
stylometri,2,2,3.833213
stanc,2,2,3.833213
gia,2,3,3.833213
estrat,2,4,3.833213
ncia,2,18,3.833213
univac,2,4,3.833213
gill,2,2,3.833213
poet,2,2,3.833213
fake,2,2,3.833213
conscienc,2,2,3.833213
characteris,2,3,3.833213
nilsson,2,36,3.833213
stir,2,2,3.833213
griswold,2,2,3.833213
noteworthi,2,2,3.833213
entrepreneur,2,3,3.833213
talent,2,3,3.833213
combat,2,2,3.833213
enemi,2,3,3.833213
palac,2,4,3.833213
baldwin,2,2,3.833213
langer,2,9,3.833213
lean,2,2,3.833213
brad,2,2,3.833213
greatest,2,8,3.833213
jeopardi,2,6,3.833213
reign,2,2,3.833213
symond,2,2,3.833213
quacquarelli,2,2,3.833213
shanghairank,2,2,3.833213
oft,2,2,3.833213
woodi,2,3,3.833213
sixti,2,2,3.833213
employe,2,2,3.833213
qiao,2,2,3.833213
electrod,2,5,3.833213
playstat,2,2,3.833213
grandmast,2,3,3.833213
reich,2,2,3.833213
sanction,2,3,3.833213
noticeboard,2,2,3.833213
raytheon,2,3,3.833213
tracker,2,2,3.833213
roster,2,2,3.833213
rafael,2,4,3.833213
griffin,2,2,3.833213
deceas,2,2,3.833213
optimis,2,19,3.833213
surpass,2,4,3.833213
unseen,2,4,3.833213
ten,2,3,3.833213
parkinson,2,4,3.833213
odditi,2,2,3.833213
curios,2,2,3.833213
geometr,2,2,3.833213
incorrect,2,3,3.833213
sol,2,3,3.833213
ipa,2,2,3.833213
rkd,2,2,3.833213
alphons,2,2,3.833213
lamartin,2,2,3.833213
tissu,2,4,3.833213
mu,2,4,3.833213
expo,2,2,3.833213
peterson,2,4,3.833213
psychologist,2,2,3.833213
gp,2,2,3.833213
sex,2,4,3.833213
assur,2,2,3.833213
abc,2,3,3.833213
surveil,2,12,3.833213
drone,2,5,3.833213
facebook,2,7,3.833213
repli,2,26,3.833213
courag,2,2,3.833213
cop,2,2,3.833213
tale,2,2,3.833213
webpag,2,5,3.833213
fallout,2,2,3.833213
abel,2,2,3.833213
invit,2,3,3.833213
brochur,2,2,3.833213
anniversari,2,6,3.833213
bamberg,2,3,3.833213
dave,2,10,3.833213
disturb,2,2,3.833213
aftermath,2,4,3.833213
scorecard,2,2,3.833213
dir,2,2,3.833213
prankster,2,3,3.833213
transistor,2,3,3.833213
kit,2,3,3.833213
sutskev,2,9,3.833213
ilya,2,8,3.833213
wild,2,4,3.833213
freeman,2,2,3.833213
canal,2,2,3.833213
compens,2,4,3.833213
minimis,2,6,3.833213
kathleen,2,3,3.833213
halt,2,2,3.833213
cao,2,2,3.833213
tiktok,2,2,3.833213
emeritu,2,4,3.833213
sputnik,2,2,3.833213
closest,2,2,3.833213
alphago,2,6,3.833213
mikolov,2,5,3.833213
imagenet,2,3,3.833213
pivot,2,2,3.833213
tea,2,3,3.833213
emit,2,2,3.833213
constantli,2,2,3.833213
rez,2,2,3.833213
krizhevski,2,3,3.833213
smooth,2,18,3.833213
sudden,2,2,3.833213
provok,2,2,3.833213
emili,2,2,3.833213
dalton,2,2,3.833213
cavendish,2,2,3.833213
megawatt,2,3,3.833213
scrutini,2,2,3.833213
manhattan,2,2,3.833213
entrench,2,2,3.833213
nce,2,2,3.833213
registrar,2,9,3.833213
nixon,2,5,3.833213
pell,2,3,3.833213
multiraci,2,2,3.833213
constel,2,4,3.833213
envis,2,2,3.833213
premis,2,7,3.833213
vita,2,3,3.833213
obama,2,5,3.833213
sverig,2,2,3.833213
uchicago,2,2,3.833213
undecid,2,2,3.833213
negat,2,3,3.833213
contradict,2,2,3.833213
quest,2,6,3.833213
endeavour,2,2,3.833213
vaswani,2,5,3.833213
handicap,2,2,3.833213
connection,2,3,3.833213
loretta,2,2,3.833213
isi,2,2,3.833213
negoti,2,2,3.833213
grid,2,5,3.833213
sach,2,11,3.833213
gay,2,2,3.833213
eli,2,5,3.833213
strict,2,2,3.833213
archimed,2,2,3.833213
splice,2,2,3.833213
physiolog,2,3,3.833213
restraint,2,2,3.833213
activist,2,4,3.833213
cathedr,2,2,3.833213
dorothi,2,2,3.833213
biograph,2,3,3.833213
ant,2,3,3.833213
flock,2,2,3.833213
recombin,2,2,3.833213
bereit,2,5,3.833213
fritz,2,2,3.833213
bio,2,2,3.833213
matlab,2,3,3.833213
inventeur,2,2,3.833213
ilp,2,4,3.833213
diagnosi,2,6,3.833213
posterior,2,17,3.833213
masterman,2,5,3.833213
chomski,2,6,3.833213
punish,2,3,3.833213
mood,2,2,3.833213
exactli,2,7,3.833213
shut,2,3,3.833213
suspend,2,3,3.833213
ton,2,2,3.833213
phillip,2,3,3.833213
willi,2,3,3.833213
chairman,2,6,3.833213
exponenti,2,2,3.833213
combinatori,2,6,3.833213
insuffici,2,4,3.833213
weigh,2,2,3.833213
babbag,2,7,3.833213
woven,2,9,3.833213
scarciti,2,5,3.833213
craft,2,2,3.833213
fillmor,2,9,3.833213
americana,2,9,3.833213
microphon,2,3,3.833213
hopfield,2,4,3.833213
au,2,21,3.833213
alt,2,2,3.833213
jahr,2,2,3.833213
toolbox,2,2,3.833213
riversid,2,3,3.833213
nichol,2,5,3.833213
verbal,2,3,3.833213
justif,2,6,3.833213
arithmet,2,2,3.833213
historiqu,2,3,3.833213
tude,2,3,3.833213
claremont,2,2,3.833213
barnard,2,3,3.833213
shirley,2,5,3.833213
allevi,2,2,3.833213
guitarist,2,9,3.833213
rocket,2,4,3.833213
alumnu,2,3,3.833213
tensorflow,2,6,3.833213
nvidia,2,5,3.833213
questbridg,2,2,3.833213
zip,2,4,3.833213
legend,2,4,3.833213
stimul,2,4,3.833213
ratchet,2,6,3.833213
cord,2,5,3.833213
needl,2,5,3.833213
tube,2,2,3.833213
cylind,2,9,3.833213
madhur,2,2,3.833213
lombard,2,2,3.833213
exclud,2,4,3.833213
rockwel,2,2,3.833213
dispar,2,6,3.833213
mistakenli,2,2,3.833213
coincid,2,2,3.833213
picard,2,2,3.833213
mckenna,2,2,3.833213
transmiss,2,2,3.833213
predefin,2,2,3.833213
souza,2,2,3.833213
xavier,2,3,3.833213
secretari,2,6,3.833213
ernest,2,4,3.833213
tenur,2,3,3.833213
samuelson,2,2,3.833213
franco,2,2,3.833213
proport,2,8,3.833213
wing,2,3,3.833213
prescript,2,2,3.833213
undermin,2,2,3.833213
convinc,2,5,3.833213
malti,2,2,3.833213
minangkabau,2,2,3.833213
middleburi,2,2,3.833213
macalest,2,3,3.833213
underestim,2,3,3.833213
chetti,2,4,3.833213
cabinet,2,3,3.833213
coach,2,2,3.833213
rigor,2,2,3.833213
tilt,2,5,3.833213
limburg,2,2,3.833213
tzebuergesch,2,2,3.833213
ripoarisch,2,2,3.833213
uslovjanski,2,2,3.833213
igbo,2,2,3.833213
walon,2,2,3.833213
bikol,2,2,3.833213
centroid,2,3,3.833213
warp,2,32,3.833213
bouchon,2,12,3.833213
wound,2,2,3.833213
male,2,3,3.833213
overwhelmingli,2,2,3.833213
lime,2,4,3.833213
sight,2,2,3.833213
sever,2,4,3.833213
moritz,2,3,3.833213
interlingu,2,2,3.833213
jaku,2,2,3.833213
hausa,2,2,3.833213
ava,2,2,3.833213
nedersaksi,2,2,3.833213
honorari,2,6,3.833213
broadest,2,2,3.833213
varsiti,2,5,3.833213
dive,2,4,3.833213
flyer,2,2,3.833213
shelf,2,7,3.833213
heat,2,2,3.833213
unsuccess,2,3,3.833213
fleme,2,2,3.833213
shirt,2,4,3.833213
innoc,2,2,3.833213
haverford,2,2,3.833213
colgat,2,2,3.833213
colbi,2,2,3.833213
estrem,2,2,3.833213
mtatarca,2,2,3.833213
vanderbilt,2,6,3.833213
swarthmor,2,3,3.833213
skidmor,2,2,3.833213
scripp,2,3,3.833213
rice,2,5,3.833213
pomona,2,3,3.833213
northwestern,2,5,3.833213
euphem,2,2,3.833213
rectangular,2,2,3.833213
rat,2,6,3.833213
benedikt,2,3,3.833213
osborn,2,4,3.833213
redistribut,2,4,3.833213
molecul,2,3,3.833213
wear,2,3,3.833213
upperclass,2,2,3.833213
basil,2,4,3.833213
frenchmen,2,2,3.833213
textil,2,18,3.833213
pasteboard,2,2,3.833213
uninform,2,2,3.833213
warfar,2,4,3.833213
amar,2,3,3.833213
clergi,2,2,3.833213
chinchilla,2,4,3.833213
deepmind,2,13,3.833213
weft,2,6,3.833213
cloth,2,4,3.833213
soft,2,12,3.833213
actor,2,9,3.833213
stoni,2,2,3.833213
irvin,2,2,3.833213
polynomi,2,6,3.833213
fei,2,4,3.833213
unix,2,3,3.833213
ancestor,2,3,3.833213
sutherland,2,3,3.833213
accus,2,3,3.833213
veteran,2,3,3.833213
psychosi,2,3,3.833213
slop,2,4,3.833213
propaganda,2,4,3.833213
precautionari,2,2,3.833213
takeov,2,5,3.833213
bound,2,3,3.833213
disord,2,11,3.833213
oppon,2,3,3.833213
rnn,2,5,3.833213
semin,2,2,3.833213
detector,2,3,3.833213
gravit,2,6,3.833213
relief,2,3,3.833213
eliza,2,5,3.833213
coffe,2,3,3.833213
iron,2,3,3.833213
steam,2,2,3.833213
vit,2,2,3.833213
chollet,2,2,3.833213
kokotajlo,2,3,3.833213
leik,2,3,3.833213
suleyman,2,2,3.833213
mustafa,2,2,3.833213
schulman,2,2,3.833213
unlabel,2,5,3.833213
lotfi,2,3,3.833213
schmidhub,2,13,3.833213
rgen,2,4,3.833213
werbo,2,3,3.833213
linnainmaa,2,3,3.833213
gnn,2,2,3.833213
vae,2,2,3.833213
residu,2,2,3.833213
mlp,2,2,3.833213
widrow,2,2,3.833213
gpl,2,2,3.833213
dope,2,2,3.833213
prescott,2,4,3.833213
virus,2,3,3.833213
dismiss,2,2,3.833213
misconduct,2,7,3.833213
nathaniel,2,2,3.833213
hassabi,2,5,3.833213
demi,2,5,3.833213
dissimilar,2,2,3.833213
kanad,2,2,3.833213
gaussian,2,7,3.833213
ligur,2,2,3.833213
suppos,2,7,3.833213
persuas,2,3,3.833213
noah,2,4,3.833213
interferomet,2,3,3.833213
huntington,2,3,3.833213
societ,2,4,3.833213
groundbreak,2,2,3.833213
goodnight,2,2,3.833213
grossberg,2,2,3.833213
fukushima,2,3,3.833213
kunihiko,2,2,3.833213
amari,2,3,3.833213
neumann,2,4,3.833213
sturgi,2,2,3.833213
yago,2,2,3.833213
conceptnet,2,2,3.833213
seppo,2,3,3.833213
lida,2,2,3.833213
clarion,2,2,3.833213
incent,2,11,3.833213
endors,2,2,3.833213
predominantli,2,2,3.833213
cash,2,4,3.833213
rosenblatt,2,3,3.833213
selfridg,2,3,3.833213
puls,2,4,3.833213
wsj,2,4,3.833213
floor,2,2,3.833213
enlighten,2,2,3.833213
usher,2,4,3.833213
vest,2,7,3.833213
boat,2,3,3.833213
outdoor,2,2,3.833213
percentag,2,4,3.833213
artwork,2,2,3.833213
amalgam,2,3,3.833213
hug,2,6,3.833213
zaragoza,2,2,3.833213
tpu,2,7,3.833213
tensor,2,10,3.833213
takeo,2,2,3.833213
muzero,2,4,3.833213
decision,2,2,3.833213
watsonx,2,2,3.833213
oasi,2,2,3.833213
geni,2,2,3.833213
suno,2,2,3.833213
riffus,2,2,3.833213
veo,2,3,3.833213
firefli,2,4,3.833213
modest,2,2,3.833213
wellesley,2,6,3.833213
proxim,2,3,3.833213
monument,2,4,3.833213
licenc,2,3,3.833213
inclus,2,2,3.833213
arwu,2,2,3.833213
din,2,2,3.833213
hornjoserbsc,2,2,3.833213
escienc,2,2,3.833213
encycloped,2,2,3.833213
inappropri,2,2,3.833213
meng,2,4,3.833213
tunisia,2,2,3.833213
cormack,2,4,3.833213
ttcher,2,3,3.833213
podcast,2,2,3.833213
bouchard,2,2,3.833213
descend,2,2,3.833213
ama,2,5,3.833213
brandei,2,7,3.833213
deduct,2,10,3.833213
autogpt,2,3,3.833213
ra,2,2,3.833213
aurora,2,2,3.833213
facial,2,5,3.833213
whisper,2,2,3.833213
opencog,2,2,3.833213
temperatur,2,2,3.833213
vaucanson,2,14,3.833213
conservatoir,2,4,3.833213
daughter,2,3,3.833213
maximis,2,10,3.833213
fed,2,2,3.833213
administ,2,3,3.833213
bibl,2,2,3.833213
snyder,2,6,3.833213
reddi,2,3,3.833213
sardu,2,2,3.833213
vibe,2,3,3.833213
autoregress,2,3,3.833213
seedanc,2,2,3.833213
hailuo,2,2,3.833213
runway,2,2,3.833213
recraft,2,2,3.833213
midjourney,2,3,3.833213
imagen,2,2,3.833213
ideogram,2,2,3.833213
rectifi,2,2,3.833213
sigmoid,2,2,3.833213
greatli,2,2,3.833213
democraci,2,4,3.833213
bind,2,3,3.833213
shuffl,2,2,3.833213
jurisdict,2,11,3.833213
circul,2,2,3.833213
elevenlab,2,2,3.833213
hwr,2,2,3.833213
wavenet,2,2,3.833213
agi,2,7,3.833213
hypothet,2,6,3.833213
remak,2,2,3.833213
memphi,2,2,3.833213
transcript,2,7,3.833213
liken,2,2,3.833213
bachelor,2,2,3.833213
sullivan,2,3,3.833213
humphrey,2,2,3.833213
zahra,2,2,3.833213
unjust,2,4,3.833213
nmt,2,2,3.833213
rutger,2,5,3.833213
weakli,2,2,3.833213
wealth,2,5,3.833213
barlow,2,19,3.833213
maurizio,2,3,3.833213
attende,2,2,3.833213
focuss,2,3,3.833213
rapp,2,6,3.833213
ipm,2,3,3.833213
schedl,2,2,3.833213
hame,2,2,3.833213
bletchley,2,5,3.833213
softmax,2,2,3.833213
batchnorm,2,2,3.833213
sgd,2,2,3.833213
eib,2,2,3.833213
visualeditor,2,17,3.833213
wikipedian,2,2,3.833213
nowiki,2,9,3.833213
pump,2,4,3.833213
osti,2,10,3.833213
doubt,2,4,3.833213
last,2,2,3.833213
lisp,2,5,3.833213
ceas,2,2,3.833213
commenc,2,3,3.833213
semest,2,4,3.833213
calendar,2,3,3.833213
louisiana,2,3,3.833213
hampton,2,3,3.833213
baylor,2,2,3.833213
tulan,2,5,3.833213
episcop,2,4,3.833213
nazaren,2,2,3.833213
divin,2,4,3.833213
quinci,2,3,3.833213
theolog,2,4,3.833213
saddl,2,2,3.833213
goebel,2,23,3.833213
mackworth,2,26,3.833213
poli,2,11,3.833213
cal,2,4,3.833213
expertis,2,3,3.833213
dreyfu,2,13,3.833213
hubert,2,5,3.833213
melvil,2,3,3.833213
lauren,2,2,3.833213
fairthorn,2,2,3.833213
rgio,2,2,3.833213
dblp,2,3,3.833213
neatli,2,2,3.833213
infeas,2,2,3.833213
straw,2,5,3.833213
wage,2,2,3.833213
silk,2,19,3.833213
maritim,2,6,3.833213
merchant,2,9,3.833213
pilot,2,5,3.833213
repair,2,2,3.833213
alcohol,2,2,3.833213
irrelev,2,2,3.833213
attain,2,3,3.833213
ida,2,8,3.833213
lowel,2,6,3.833213
diff,2,5,3.833213
footnot,2,2,3.833213
irc,2,2,3.833213
countercultur,2,4,3.833213
atmospher,2,4,3.833213
soror,2,9,3.833213
fratern,2,17,3.833213
correa,2,2,3.833213
gehri,2,2,3.833213
alvar,2,2,3.833213
perfectli,2,2,3.833213
jerri,2,42,3.833213
well,2,2,3.833213
buzzword,2,3,3.833213
ucl,2,2,3.833213
ferreira,2,2,3.833213
wit,2,2,3.833213
hampshir,2,3,3.833213
joshi,2,2,3.833213
gupta,2,2,3.833213
ketter,2,2,3.833213
capitol,2,3,3.833213
navajo,2,2,3.833213
tourist,2,2,3.833213
wolv,2,2,3.833213
tank,2,3,3.833213
concret,2,3,3.833213
aldou,2,2,3.833213
yan,2,2,3.833213
tacl,2,2,3.833213
ani,2,2,3.833213
nenkova,2,2,3.833213
esp,2,2,3.833213
crimson,2,2,3.833213
basketbal,2,9,3.833213
violet,2,2,3.833213
shark,2,3,3.833213
moscow,2,6,3.833213
sein,2,21,3.833213
vibrat,2,2,3.833213
entranc,2,4,3.833213
residenti,2,10,3.833213
dormitori,2,8,3.833213
butler,2,4,3.833213
huxley,2,2,3.833213
collier,2,5,3.833213
ship,2,6,3.833213
cougar,2,2,3.833213
sixteenth,2,2,3.833213
biologist,2,6,3.833213
decre,2,2,3.833213
opencoursewar,2,8,3.833213
sponsorship,2,3,3.833213
stood,2,2,3.833213
runner,2,2,3.833213
odyssey,2,2,3.833213
stallman,2,12,3.833213
spinoff,2,2,3.833213
cast,2,2,3.833213
bridgewat,2,2,3.833213
bison,2,2,3.833213
eagl,2,2,3.833213
scarlet,2,2,3.833213
tiger,2,2,3.833213
sunshin,2,5,3.833213
chisholm,2,2,3.833213
uss,2,3,3.833213
whitney,2,2,3.833213
prudenti,2,2,3.833213
aquarium,2,2,3.833213
isabella,2,3,3.833213
zoo,2,2,3.833213
downtown,2,8,3.833213
luc,2,2,3.833213
railroad,2,4,3.833213
arpa,2,3,3.833213
mac,2,4,3.833213
dick,2,8,3.833213
android,2,4,3.833213
useless,2,2,3.833213
abhishek,2,2,3.833213
brainstorm,2,3,3.833213
brenda,2,3,3.833213
knit,2,3,3.833213
phenomenon,2,2,3.833213
northeast,2,4,3.833213
valentin,2,5,3.833213
tractabl,2,2,3.833213
alpac,2,3,3.833213
ineffici,2,2,3.833213
ordin,2,2,3.833213
strongest,2,3,3.833213
sharp,2,14,3.833213
onward,2,2,3.833213
photographi,2,4,3.833213
nucleu,2,2,3.833213
northridg,2,2,3.833213
kingston,2,2,3.833213
superior,2,4,3.833213
milan,2,2,3.833213
nano,2,3,3.833213
sync,2,5,3.833213
isca,2,2,3.833213
linnaeu,2,7,3.833213
aviat,2,2,3.833213
beverli,2,3,3.833213
spous,2,2,3.833213
drove,2,2,3.833213
oversight,2,2,3.833213
diversif,2,2,3.833213
iryna,2,3,3.833213
gurevych,2,3,3.833213
kartograph,2,2,3.833213
wikiminiatla,2,2,3.833213
gadget,2,2,3.833213
stadium,2,7,3.833213
elmcip,2,2,3.833213
behav,2,4,3.833213
svd,2,3,3.833213
kleinberg,2,3,3.833213
unbias,2,3,3.833213
kelley,2,5,3.833213
shrdlu,2,2,3.833213
winograd,2,2,3.833213
edwin,2,2,3.833213
urg,2,2,3.833213
boden,2,2,3.833213
bhatia,2,3,3.833213
kate,2,3,3.833213
crawford,2,2,3.833213
unleash,2,2,3.833213
commemor,2,3,3.833213
palatin,2,2,3.833213
gro,2,3,3.833213
immigr,2,4,3.833213
expenditur,2,5,3.833213
mission,2,5,3.833213
stark,2,6,3.833213
thirti,2,3,3.833213
deplet,2,3,3.833213
howe,2,3,3.833213
alvey,2,2,3.833213
oneself,2,2,3.833213
forag,2,6,3.833213
conting,2,2,3.833213
landmark,2,6,3.833213
civilian,2,3,3.833213
navi,2,8,3.833213
admit,2,12,3.833213
curtail,2,2,3.833213
bailey,2,3,3.833213
thakur,2,3,3.833213
pretrain,2,3,3.833213
murdock,2,2,3.833213
waller,2,2,3.833213
authorship,2,2,3.833213
scent,2,6,3.833213
episod,2,3,3.833213
crevier,2,21,3.833213
intervent,2,2,3.833213
adjunct,2,2,3.833213
replica,2,2,3.833213
subspac,2,5,3.833213
multilinear,2,3,3.833213
multilay,2,4,3.833213
faith,2,4,3.833213
aka,2,2,3.833213
patch,2,4,3.833213
mactutor,2,3,3.833213
connor,2,3,3.833213
compton,2,14,3.833213
lag,2,2,3.833213
budget,2,8,3.833213
industrialist,2,2,3.833213
donor,2,3,3.833213
judici,2,6,3.833213
cardin,2,3,3.833213
acr,2,3,3.833213
postgradu,2,3,3.833213
salli,2,7,3.833213
endow,2,9,3.833213
ura,2,2,3.833213
alberto,2,4,3.833213
leadership,2,10,3.833213
amasa,2,7,3.833213
broke,2,3,3.833213
seminar,2,2,3.833213
tuition,2,12,3.833213
sect,2,25,3.833213
winston,2,3,3.833213
waddel,2,3,3.833213
shu,2,2,3.833213
urban,2,6,3.833213
randolph,2,2,3.833213
curran,2,2,3.833213
monoton,2,3,3.833213
sugiyama,2,2,3.833213
dasgupta,2,3,3.833213
joanna,2,2,3.833213
bryson,2,3,3.833213
ctr,2,9,3.833213
rico,2,2,3.833213
puerto,2,2,3.833213
leas,2,2,3.833213
twentieth,2,2,3.833213
enrol,2,24,3.833213
mascot,2,2,3.833213
ncaa,2,12,3.833213
ckl,2,2,3.833213
reimer,2,2,3.833213
nandan,2,3,3.833213
pereira,2,3,3.833213
kdnugget,2,6,3.833213
aitu,2,2,3.833213
aau,2,3,3.833213
accredit,2,5,3.833213
motto,2,7,3.833213
hak,2,2,3.833213
athlet,2,37,3.833213
rivalri,2,10,3.833213
caltech,2,26,3.833213
entrepreneurship,2,6,3.833213
sloan,2,8,3.833213
tao,2,3,3.833213
sandra,2,2,3.833213
lar,2,3,3.833213
remington,2,2,3.833213
wong,2,6,3.833213
selena,2,2,3.833213
blank,2,2,3.833213
rodger,2,4,3.833213
commission,2,3,3.833213
tough,2,2,3.833213
width,2,3,3.833213
ayn,2,5,3.833213
astronaut,2,8,3.833213
navier,2,6,3.833213
stagger,2,6,3.833213
jae,2,2,3.833213
eun,2,2,3.833213
notifi,2,2,3.833213
anita,2,2,3.833213
inhibitor,2,2,3.833213
alic,2,3,3.833213
confeder,2,3,3.833213
ari,2,3,3.833213
altruism,2,2,3.833213
allah,2,4,3.833213
alkan,2,2,3.833213
alga,2,2,3.833213
johnston,2,2,3.833213
einstein,2,5,3.833213
bernardino,2,2,3.833213
conn,2,2,3.833213
weis,2,4,3.833213
undergradu,2,57,3.833213
elena,2,2,3.833213
legislatur,2,3,3.833213
millennium,2,2,3.833213
subcategori,2,6,3.833213
burial,2,2,3.833213
businesspeopl,2,5,3.833213
mathscinet,2,2,3.833213
bostrom,2,12,3.833213
garcia,2,84,3.833213
imper,2,2,3.833213
acta,2,3,3.833213
vass,2,2,3.833213
achil,2,2,3.833213
abraham,2,2,3.833213
abacu,2,2,3.833213
contrib,2,4,3.833213
utensil,2,2,3.833213
eat,2,2,3.833213
toc,2,4,3.833213
venic,2,3,3.833213
hoc,2,10,3.833213
phane,2,6,3.833213
molli,2,2,3.833213
oct,2,2,3.833213
obituari,2,10,3.833213
kodak,2,3,3.833213
eastman,2,5,3.833213
voorhe,2,2,3.833213
hossein,2,2,3.833213
emin,2,2,3.833213
collectiv,2,2,3.833213
purl,2,4,3.833213
neurosymbol,2,2,3.833213
lle,2,2,3.833213
kraft,2,2,3.833213
intercept,2,2,3.833213
khattab,2,3,3.833213
rex,2,2,3.833213
nicol,2,3,3.833213
orcid,2,2,3.833213
yorker,2,4,3.833213
gazett,2,3,3.833213
artur,2,2,3.833213
garcez,2,2,3.833213
rajiv,2,3,3.833213
kang,2,2,3.833213
cnbc,2,2,3.833213
epic,2,4,3.833213
copernicu,2,2,3.833213
openalex,2,3,3.833213
scopu,2,2,3.833213
scimago,2,3,3.833213
scientometr,2,2,3.833213
poster,2,5,3.833213
treatis,2,3,3.833213
mckernan,2,10,3.833213
spree,2,2,3.833213
bomb,2,3,3.833213
therapi,2,2,3.833213
nascent,2,2,3.833213
lorrain,2,2,3.833213
kamp,2,2,3.833213
versa,2,2,3.833213
gpku,2,2,3.833213
mcnamara,2,2,3.833213
rhythm,2,18,3.833213
rider,2,5,3.833213
mickey,2,26,3.833213
todd,2,2,3.833213
dohyun,2,5,3.833213
soboroff,2,2,3.833213
cohort,2,3,3.833213
ac,2,2,3.833213
sind,2,36,3.833213
sie,2,26,3.833213
den,2,66,3.833213
haben,2,6,3.833213
marti,2,3,3.833213
gospel,2,2,3.833213
vent,2,2,3.833213
decentr,2,2,3.833213
squeda,2,15,3.833213
terabyt,2,3,3.833213
gianni,2,4,3.833213
rene,2,2,3.833213
modular,2,2,3.833213
syst,2,2,3.833213
memor,2,2,3.833213
cade,2,6,3.833213
metz,2,8,3.833213
goharian,2,2,3.833213
dimensi,2,8,3.833213
primera,2,4,3.833213
saunder,2,5,3.833213
spector,2,2,3.833213
bhaskar,2,3,3.833213
registri,2,14,3.833213
keyboard,2,20,3.833213
vocal,2,25,3.833213
neue,2,4,3.833213
jetzt,2,3,3.833213
beck,2,4,3.833213
divert,2,2,3.833213
dissemin,2,3,3.833213
cautiou,2,2,3.833213
anatom,2,2,3.833213
sgml,2,2,3.833213
funder,2,2,3.833213
pop,2,6,3.833213
instantli,2,2,3.833213
tal,2,3,3.833213
silicon,2,2,3.833213
una,2,65,3.833213
portada,2,2,3.833213
navegaci,2,2,3.833213
barra,2,8,3.833213
mover,2,5,3.833213
bernd,2,3,3.833213
shane,2,2,3.833213
legg,2,2,3.833213
reed,2,2,3.833213
tien,2,3,3.833213
crossref,2,19,3.833213
campo,2,3,3.833213
lemieux,2,4,3.833213
back,2,10,3.833213
piano,2,3,3.833213
slide,2,3,3.833213
restructur,2,3,3.833213
averi,2,2,3.833213
abruptli,2,3,3.833213
paywal,2,3,3.833213
xia,2,2,3.833213
emmanuel,2,3,3.833213
pathway,2,2,3.833213
wednesday,2,2,3.833213
frankfurt,2,2,3.833213
spur,2,3,3.833213
prevail,2,2,3.833213
kyle,2,3,3.833213
eisen,2,4,3.833213
proposici,2,8,3.833213
precisi,2,59,3.833213
subsecci,2,4,3.833213
versi,2,4,3.833213
como,2,18,3.833213
permanent,2,2,3.833213
accion,2,2,3.833213
tabla,2,4,3.833213
julien,2,4,3.833213
jona,2,3,3.833213
pedro,2,4,3.833213
ortega,2,2,3.833213
jaim,2,2,3.833213
tica,2,14,3.833213
matem,2,6,3.833213
cada,2,11,3.833213
documentaci,2,3,3.833213
apocalyps,2,3,3.833213
manifesto,2,2,3.833213
stica,2,7,3.833213
caract,2,2,3.833213
texto,2,7,3.833213
intranet,2,3,3.833213
nih,2,30,3.833213
assault,2,2,3.833213
ming,2,3,3.833213
counsel,2,2,3.833213
elucid,2,2,3.833213
tapestri,2,2,3.833213
melodi,2,5,3.833213
interplay,2,3,3.833213
rhythmic,2,2,3.833213
nico,2,3,3.833213
secretli,2,2,3.833213
para,2,28,3.833213
malay,2,2,3.833213
sinhales,2,2,3.833213
tamil,2,2,3.833213
lanka,2,4,3.833213
basslin,2,2,3.833213
melod,2,4,3.833213
midst,2,2,3.833213
craswel,2,3,3.833213
twl,2,2,3.833213
xisbn,2,2,3.833213
bangla,2,2,3.833213
searchabl,2,4,3.833213
ling,2,3,3.833213
arquitectura,2,2,3.833213
relevant,2,31,3.833213
manera,2,2,3.833213
domingo,2,15,3.833213
digital,2,6,3.833213
mayor,2,4,3.833213
introducci,2,2,3.833213
metodolog,2,2,3.833213
infraestructura,2,2,3.833213
programa,2,2,3.833213
conferencia,2,2,3.833213
defensa,2,2,3.833213
escala,2,3,3.833213
bueno,2,3,3.833213
sicament,2,2,3.833213
aplicacion,2,2,3.833213
mania,2,2,3.833213
pashto,2,2,3.833213
pakistan,2,2,3.833213
strand,2,2,3.833213
rakuten,2,2,3.833213
ozon,2,2,3.833213
hindu,2,2,3.833213
mph,2,2,3.833213
cultura,2,2,3.833213
sri,2,4,3.833213
yugoslavia,2,4,3.833213
venezuela,2,2,3.833213
cscw,2,2,3.833213
polish,2,2,3.833213
macau,2,2,3.833213
sar,2,4,3.833213
booksourc,2,4,3.833213
indonesian,2,2,3.833213
curiou,2,2,3.833213
lectura,2,2,3.833213
lector,2,2,3.833213
recuperar,2,7,3.833213
rodriguez,2,2,3.833213
defect,2,2,3.833213
haight,2,4,3.833213
nou,2,4,3.833213
sandi,2,4,3.833213
bobbi,2,9,3.833213
allyn,2,2,3.833213
bookmooch,2,2,3.833213
bookcross,2,2,3.833213
wipf,2,2,3.833213
waterston,2,2,3.833213
thriftbook,2,2,3.833213
nyc,2,2,3.833213
livraria,2,2,3.833213
fishpond,2,2,3.833213
ecampu,2,2,3.833213
dymock,2,2,3.833213
bol,2,2,3.833213
biblioz,2,2,3.833213
angu,2,2,3.833213
nicebook,2,4,3.833213
indiebound,2,2,3.833213
alibri,2,2,3.833213
seller,2,2,3.833213
hammond,2,2,3.833213
paperbackswap,2,2,3.833213
inventair,2,2,3.833213
dispon,2,6,3.833213
controla,2,2,3.833213
dress,2,7,3.833213
taper,2,4,3.833213
camp,2,3,3.833213
pyramid,2,2,3.833213
exce,2,2,3.833213
malik,2,2,3.833213
wipo,2,30,3.833213
miracl,2,3,3.833213
carolin,2,3,3.833213
donovan,2,2,3.833213
msci,2,2,3.833213
addal,2,2,3.833213
abebook,2,2,3.833213
shopwiki,2,2,3.833213
isbndb,2,2,3.833213
bookfind,2,2,3.833213
meteorolog,2,2,3.833213
danger,2,7,3.833213
crop,2,3,3.833213
zhou,2,2,3.833213
gil,2,2,3.833213
valoraci,2,2,3.833213
gica,2,3,3.833213
construir,2,2,3.833213
po,2,2,3.833213
swami,2,3,3.833213
hallam,2,2,3.833213
holloway,2,2,3.833213
voyag,2,2,3.833213
crash,2,3,3.833213
canon,2,3,3.833213
recogniz,2,2,3.833213
librarieswest,2,2,3.833213
ali,2,3,3.833213
keel,2,2,3.833213
hungri,2,2,3.833213
wade,2,2,3.833213
yadav,2,2,3.833213
quartz,2,2,3.833213
snow,2,2,3.833213
distrust,2,2,3.833213
nica,2,5,3.833213
sussex,2,2,3.833213
southampton,2,2,3.833213
ambig,2,2,3.833213
hora,2,2,3.833213
subdisciplina,2,2,3.833213
estudioso,2,2,3.833213
oswald,2,2,3.833213
valor,2,6,3.833213
saber,2,2,3.833213
gicament,2,2,3.833213
aplicaci,2,2,3.833213
representada,2,2,3.833213
nicament,2,2,3.833213
identifica,2,2,3.833213
consulta,2,38,3.833213
meghan,2,2,3.833213
sheila,2,4,3.833213
gloucestershir,2,2,3.833213
anglia,2,2,3.833213
dunde,2,2,3.833213
exet,2,2,3.833213
oxfordshir,2,2,3.833213
helveticat,2,2,3.833213
phan,2,2,3.833213
lim,2,2,3.833213
manta,2,2,3.833213
facct,2,2,3.833213
persuad,2,2,3.833213
billi,2,11,3.833213
derbyshir,2,2,3.833213
buckinghamshir,2,2,3.833213
birmingham,2,2,3.833213
copac,2,2,3.833213
metu,2,2,3.833213
koc,2,2,3.833213
ege,2,2,3.833213
sanderson,2,2,3.833213
christin,2,2,3.833213
timi,2,2,3.833213
politehnica,2,2,3.833213
todoran,2,2,3.833213
napoca,2,2,3.833213
cluj,2,2,3.833213
bucharest,2,2,3.833213
romanian,2,4,3.833213
marcxchang,2,2,3.833213
ahmet,2,2,3.833213
hypertextu,2,2,3.833213
bogazici,2,2,3.833213
ticines,2,2,3.833213
bibliotecario,2,2,3.833213
slsp,2,2,3.833213
collectif,2,2,3.833213
rero,2,2,3.833213
sambok,2,2,3.833213
utrecht,2,2,3.833213
groningen,2,2,3.833213
nijmegen,2,2,3.833213
radboud,2,2,3.833213
leiden,2,2,3.833213
koninklijk,2,2,3.833213
montenegrin,2,2,3.833213
enact,2,3,3.833213
vicki,2,2,3.833213
zeng,2,2,3.833213
goodman,2,3,3.833213
malm,2,2,3.833213
gothenburg,2,2,3.833213
serbian,2,4,3.833213
oara,2,2,3.833213
porbas,2,4,3.833213
exactitud,2,2,3.833213
mbox,2,26,3.833213
fracci,2,4,3.833213
ctica,2,4,3.833213
comun,2,6,3.833213
continuaci,2,2,3.833213
refinar,2,2,3.833213
remaind,2,2,3.833213
tue,2,2,3.833213
zalta,2,3,3.833213
basket,2,2,3.833213
placement,2,2,3.833213
warsaw,2,2,3.833213
stavang,2,2,3.833213
verma,2,3,3.833213
nyvker,2,2,3.833213
libri,2,4,3.833213
kapodistrian,2,2,3.833213
bibnet,2,2,3.833213
pavia,2,2,3.833213
florenc,2,2,3.833213
lohr,2,3,3.833213
ever,2,2,3.833213
frake,2,2,3.833213
collaboratecom,2,3,3.833213
workshar,2,2,3.833213
olaf,2,2,3.833213
greenwood,2,3,3.833213
trace,2,4,3.833213
nion,2,2,3.833213
hit,2,3,3.833213
xilei,2,6,3.833213
shih,2,2,3.833213
yuran,2,3,3.833213
par,2,2,3.833213
proporci,2,2,3.833213
sola,2,2,3.833213
autcon,2,2,3.833213
posici,2,6,3.833213
thompson,2,3,3.833213
ucd,2,2,3.833213
ucc,2,2,3.833213
cork,2,2,3.833213
nui,2,2,3.833213
galway,2,4,3.833213
dcu,2,2,3.833213
gegnir,2,2,3.833213
piki,2,2,3.833213
zephyr,2,2,3.833213
hebi,2,2,3.833213
kobv,2,2,3.833213
bayern,2,2,3.833213
bibliotheksverbund,2,2,3.833213
bvb,2,2,3.833213
swb,2,2,3.833213
hbz,2,2,3.833213
verbundkatalog,2,6,3.833213
gvk,2,2,3.833213
nationalbibliothek,2,2,3.833213
jproc,2,2,3.833213
kuligowski,2,3,3.833213
ruggiero,2,5,3.833213
lovreglio,2,5,3.833213
herzegovinian,2,2,3.833213
bosnian,2,2,3.833213
brussel,2,2,3.833213
luciano,2,2,3.833213
piper,2,2,3.833213
dnb,2,2,3.833213
universitair,2,2,3.833213
anger,2,4,3.833213
ral,2,2,3.833213
vertaa,2,2,3.833213
vaasa,2,2,3.833213
misplac,2,2,3.833213
pile,2,3,3.833213
gibb,2,3,3.833213
heaven,2,6,3.833213
pirkanmaa,2,2,3.833213
flander,2,2,3.833213
bibliotheek,2,4,3.833213
belgian,2,2,3.833213
belgica,2,2,3.833213
unicat,2,2,3.833213
salzburg,2,2,3.833213
innsbruck,2,2,3.833213
graz,2,2,3.833213
katalog,2,4,3.833213
elnet,2,2,3.833213
bibliotek,2,2,3.833213
masaryk,2,2,3.833213
olomouc,2,6,3.833213
palack,2,4,3.833213
pragu,2,4,3.833213
croatian,2,4,3.833213
considerar,2,3,3.833213
retornada,2,2,3.833213
trica,2,3,3.833213
relaci,2,4,3.833213
erica,2,3,3.833213
utilis,2,3,3.833213
arnold,2,2,3.833213
deutschen,2,2,3.833213
widow,2,3,3.833213
mme,2,2,3.833213
gallica,2,3,3.833213
arash,2,2,3.833213
igual,2,5,3.833213
universiteit,2,2,3.833213
vrije,2,2,3.833213
bruxel,2,2,3.833213
signatur,2,3,3.833213
virtuel,2,2,3.833213
otago,2,2,3.833213
trustworthi,2,5,3.833213
canterburi,2,2,3.833213
massey,2,2,3.833213
waikato,2,2,3.833213
waimakariri,2,2,3.833213
palmerston,2,2,3.833213
dunedin,2,2,3.833213
abbi,2,2,3.833213
goodrum,2,2,3.833213
atpress,2,2,3.833213
stabil,2,2,3.833213
computa,2,4,3.833213
orden,2,2,3.833213
finita,2,4,3.833213
suma,2,4,3.833213
operatornam,2,8,3.833213
avep,2,13,3.833213
funci,2,2,3.833213
ploteando,2,2,3.833213
rhiannon,2,2,3.833213
isabel,2,2,3.833213
rea,2,2,3.833213
aquabrows,2,2,3.833213
wollongong,2,2,3.833213
nsw,2,2,3.833213
newcastl,2,2,3.833213
victorian,2,2,3.833213
adelaid,2,2,3.833213
horror,2,2,3.833213
sagar,2,2,3.833213
coli,2,2,3.833213
monash,2,2,3.833213
qld,2,2,3.833213
tafe,2,2,3.833213
deakin,2,2,3.833213
sturt,2,2,3.833213
geelong,2,2,3.833213
timeli,2,2,3.833213
subgroup,2,2,3.833213
blogspot,2,2,3.833213
bright,2,2,3.833213
stiller,2,2,3.833213
eidenberg,2,2,3.833213
indicador,2,2,3.833213
posicion,2,2,3.833213
amirkabir,2,2,3.833213
ahmedabad,2,2,3.833213
iim,2,2,3.833213
sarabhai,2,2,3.833213
vikram,2,2,3.833213
chulalongkorn,2,2,3.833213
quezon,2,2,3.833213
filipina,2,2,3.833213
diliman,2,2,3.833213
manila,2,4,3.833213
luci,2,2,3.833213
closer,2,2,3.833213
critiqu,2,3,3.833213
gaithersburg,2,3,3.833213
drum,2,23,3.833213
fenc,2,3,3.833213
tricament,2,2,3.833213
geom,2,3,3.833213
tem,2,2,3.833213
supermarket,2,4,3.833213
invok,2,4,3.833213
approx,2,4,3.833213
underlin,2,3,3.833213
ori,2,2,3.833213
ateneo,2,2,3.833213
mongolian,2,4,3.833213
ucsi,2,2,3.833213
hasmah,2,2,3.833213
siti,2,2,3.833213
riss,2,2,3.833213
diet,2,2,3.833213
malmad,2,2,3.833213
ulrich,2,2,3.833213
leigh,2,3,3.833213
jonni,2,2,3.833213
thomson,2,3,3.833213
spectat,2,2,3.833213
horst,2,3,3.833213
rediff,2,4,3.833213
infibeam,2,2,3.833213
flipkart,2,4,3.833213
ministri,2,2,3.833213
rammohun,2,2,3.833213
raja,2,2,3.833213
douban,2,2,3.833213
nanj,2,2,3.833213
jansen,2,3,3.833213
rainer,2,4,3.833213
figura,2,2,3.833213
espec,2,2,3.833213
incorpora,2,2,3.833213
representaci,2,4,3.833213
syndrom,2,2,3.833213
pandem,2,2,3.833213
ibrahim,2,3,3.833213
sin,2,6,3.833213
probabil,2,6,3.833213
espejo,2,2,3.833213
eugenio,2,2,3.833213
geniu,2,2,3.833213
elain,2,3,3.833213
cum,2,3,3.833213
cleanup,2,4,3.833213
ogino,2,2,3.833213
iisi,2,2,3.833213
universidad,2,6,3.833213
pittcat,2,2,3.833213
macmillan,2,5,3.833213
and,2,2,3.833213
sul,2,2,3.833213
campina,2,2,3.833213
estadu,2,2,3.833213
paulo,2,2,3.833213
indi,2,4,3.833213
beir,2,4,3.833213
mask,2,2,3.833213
khulna,2,2,3.833213
mona,2,2,3.833213
crunch,2,2,3.833213
imped,2,2,3.833213
pearl,2,2,3.833213
ntica,2,3,3.833213
sem,2,2,3.833213
indexaci,2,3,3.833213
vectori,2,4,3.833213
escalar,2,2,3.833213
similitud,2,4,3.833213
representa,2,3,3.833213
frase,2,2,3.833213
prolog,2,4,3.833213
hypothes,2,6,3.833213
lc,2,3,3.833213
pol,2,3,3.833213
gesti,2,2,3.833213
radioastronom,2,2,3.833213
argentino,2,2,3.833213
internacion,2,3,3.833213
derivada,2,2,3.833213
gerald,2,2,3.833213
alfagrama,2,2,3.833213
hou,2,2,3.833213
pez,2,2,3.833213
harlow,2,2,3.833213
representar,2,2,3.833213
zhong,2,2,3.833213
gong,2,2,3.833213
mirlyn,2,2,3.833213
ursu,2,2,3.833213
champaign,2,2,3.833213
miriam,2,2,3.833213
hello,2,2,3.833213
casey,2,2,3.833213
tema,2,2,3.833213
declaraci,2,2,3.833213
estad,2,2,3.833213
conducta,2,2,3.833213
breed,2,2,3.833213
mci,2,2,3.833213
registrada,2,2,3.833213
marca,2,2,3.833213
acut,2,2,3.833213
etho,2,2,3.833213
compr,2,2,3.833213
methodist,2,2,3.833213
helin,2,2,3.833213
uml,2,3,3.833213
nkc,2,2,3.833213
autoridad,2,2,3.833213
moham,2,3,3.833213
seth,2,2,3.833213
pepperdin,2,2,3.833213
ohiolink,2,2,3.833213
chelsea,2,2,3.833213
lane,2,4,3.833213
anselm,2,2,3.833213
nat,2,9,3.833213
encor,2,2,3.833213
laurenc,2,2,3.833213
gerrit,2,3,3.833213
jmir,2,2,3.833213
equiti,2,3,3.833213
hui,2,6,3.833213
kaler,2,7,3.833213
christo,2,4,3.833213
chase,2,4,3.833213
yun,2,2,3.833213
akin,2,2,3.833213
doctrin,2,13,3.833213
entropi,2,2,3.833213
cox,2,2,3.833213
mise,2,4,3.833213
bernstein,2,4,3.833213
titan,2,2,3.833213
passeng,2,2,3.833213
roam,2,2,3.833213
commentari,2,2,3.833213
lexicon,2,3,3.833213
suscept,2,2,3.833213
geoff,2,2,3.833213
thinker,2,2,3.833213
hostag,2,2,3.833213
fat,2,3,3.833213
poorli,2,2,3.833213
adult,2,2,3.833213
stone,2,33,3.833213
abolit,2,3,3.833213
raid,2,3,3.833213
owen,2,4,3.833213
chose,2,3,3.833213
mobiu,2,2,3.833213
moyn,2,2,3.833213
benton,2,2,3.833213
kilgor,2,2,3.833213
iucat,2,2,3.833213
gettysburg,2,2,3.833213
andersen,2,4,3.833213
jenkin,2,3,3.833213
mel,2,2,3.833213
johnni,2,7,3.833213
hurdl,2,2,3.833213
dem,2,25,3.833213
skeptic,2,3,3.833213
amo,2,2,3.833213
clicnet,2,2,3.833213
consort,2,2,3.833213
connectni,2,2,3.833213
brigham,2,2,3.833213
bryce,2,2,3.833213
mnpal,2,2,3.833213
spiegelhalt,2,2,3.833213
aleksand,2,2,3.833213
damian,2,3,3.833213
rail,2,2,3.833213
strictli,2,2,3.833213
stevenson,2,2,3.833213
vladimir,2,2,3.833213
corinna,2,2,3.833213
cort,2,3,3.833213
hoboken,2,2,3.833213
kelvin,2,2,3.833213
marker,2,2,3.833213
dislik,2,3,3.833213
membran,2,3,3.833213
situ,2,2,3.833213
alexi,2,2,3.833213
unpublish,2,2,3.833213
pun,2,2,3.833213
sonni,2,2,3.833213
piatetski,2,5,3.833213
metal,2,4,3.833213
pang,2,2,3.833213
anxieti,2,3,3.833213
ewan,2,2,3.833213
insect,2,3,3.833213
blair,2,6,3.833213
milwauke,2,2,3.833213
mcpl,2,2,3.833213
warner,2,7,3.833213
telescop,2,2,3.833213
convect,2,2,3.833213
ear,2,3,3.833213
automobil,2,2,3.833213
debug,2,7,3.833213
airport,2,5,3.833213
marriag,2,2,3.833213
derek,2,3,3.833213
nashvil,2,2,3.833213
viewpoint,2,2,3.833213
mainfram,2,3,3.833213
timberland,2,2,3.833213
tacoma,2,2,3.833213
isl,2,2,3.833213
sno,2,2,3.833213
jeroen,2,2,3.833213
brien,2,2,3.833213
sascha,2,2,3.833213
fiber,2,4,3.833213
imp,2,3,3.833213
complement,2,2,3.833213
enrico,2,2,3.833213
uptown,2,6,3.833213
restaur,2,2,3.833213
immers,2,2,3.833213
midi,2,5,3.833213
ultra,2,2,3.833213
travers,2,3,3.833213
rosa,2,3,3.833213
gmail,2,3,3.833213
dori,2,2,3.833213
lindberg,2,2,3.833213
amon,2,2,3.833213
malici,2,2,3.833213
palgrav,2,5,3.833213
practition,2,2,3.833213
christ,2,2,3.833213
fabio,2,2,3.833213
disband,2,6,3.833213
tactil,2,2,3.833213
rigid,2,2,3.833213
nsf,2,3,3.833213
lixin,2,2,3.833213
richland,2,2,3.833213
wccl,2,2,3.833213
multnomah,2,2,3.833213
tulsa,2,2,3.833213
disinform,2,3,3.833213
sur,2,4,3.833213
doszkoc,2,7,3.833213
vipin,2,2,3.833213
orchestra,2,5,3.833213
watt,2,3,3.833213
magnolia,2,5,3.833213
mcclelland,2,2,3.833213
horizon,2,3,3.833213
cyberspac,2,2,3.833213
clash,2,2,3.833213
lionel,2,3,3.833213
shorter,2,2,3.833213
nio,2,3,3.833213
darin,2,2,3.833213
helen,2,2,3.833213
aberdeen,2,2,3.833213
widen,2,2,3.833213
playoff,2,4,3.833213
saturday,2,2,3.833213
curti,2,3,3.833213
cert,2,2,3.833213
spill,2,2,3.833213
testament,2,2,3.833213
viru,2,2,3.833213
cutler,2,3,3.833213
russo,2,5,3.833213
zimek,2,2,3.833213
elad,2,2,3.833213
top,2,3,3.833213
tompkin,2,2,3.833213
saratoga,2,2,3.833213
adirondack,2,2,3.833213
ned,2,6,3.833213
aquina,2,3,3.833213
fountain,2,3,3.833213
bradley,2,2,3.833213
dowden,2,2,3.833213
fieser,2,2,3.833213
bono,2,2,3.833213
butterworth,2,2,3.833213
patricia,2,2,3.833213
mohawk,2,2,3.833213
binghamton,2,2,3.833213
otsego,2,2,3.833213
chenango,2,2,3.833213
broom,2,2,3.833213
somerset,2,2,3.833213
monmouth,2,2,3.833213
hunterdon,2,4,3.833213
forsyth,2,2,3.833213
wise,2,3,3.833213
minimum,2,3,3.833213
berg,2,2,3.833213
tex,2,2,3.833213
zheng,2,2,3.833213
kathi,2,2,3.833213
jurafski,2,2,3.833213
dric,2,2,3.833213
umbrella,2,2,3.833213
bei,2,31,3.833213
sinn,2,2,3.833213
moser,2,5,3.833213
protein,2,4,3.833213
genotyp,2,2,3.833213
bergen,2,4,3.833213
plato,2,4,3.833213
leibniz,2,3,3.833213
gottfri,2,2,3.833213
kant,2,5,3.833213
monism,2,3,3.833213
schein,2,2,3.833213
nanotech,2,2,3.833213
memoriam,2,2,3.833213
huffington,2,2,3.833213
nip,2,2,3.833213
cd,2,2,3.833213
rollin,2,2,3.833213
minitex,2,2,3.833213
mnlink,2,2,3.833213
hennepin,2,2,3.833213
elibrari,2,4,3.833213
nobl,2,4,3.833213
mvlc,2,2,3.833213
minuteman,2,2,3.833213
zombi,2,2,3.833213
zone,2,4,3.833213
empiric,2,4,3.833213
jacksonvil,2,2,3.833213
pain,2,2,3.833213
introspect,2,2,3.833213
closur,2,2,3.833213
substanc,2,2,3.833213
clam,2,2,3.833213
bpl,2,2,3.833213
sioux,2,2,3.833213
moin,2,2,3.833213
tippecano,2,2,3.833213
statewid,2,4,3.833213
sixth,2,2,3.833213
trappl,2,2,3.833213
incompat,2,3,3.833213
invalu,2,2,3.833213
dickinson,2,2,3.833213
dalla,2,4,3.833213
nathan,2,2,3.833213
rain,2,3,3.833213
ridg,2,2,3.833213
liquid,2,2,3.833213
richi,2,3,3.833213
standalon,2,3,3.833213
propag,2,2,3.833213
reynold,2,2,3.833213
sailor,2,2,3.833213
uniti,2,2,3.833213
testabl,2,2,3.833213
null,2,2,3.833213
falsifi,2,2,3.833213
posteriori,2,2,3.833213
malon,2,2,3.833213
eri,2,4,3.833213
jewish,2,5,3.833213
vega,2,3,3.833213
raton,2,2,3.833213
wyom,2,4,3.833213
prospector,2,4,3.833213
napa,2,4,3.833213
solano,2,4,3.833213
swanson,2,2,3.833213
jul,2,3,3.833213
cannabi,2,2,3.833213
lib,2,2,3.833213
pinella,2,4,3.833213
northwest,2,5,3.833213
hunter,2,20,3.833213
bureau,2,8,3.833213
tab,2,2,3.833213
datacit,2,3,3.833213
fresno,2,2,3.833213
joaquin,2,2,3.833213
bacon,2,3,3.833213
vital,2,6,3.833213
peninsula,2,2,3.833213
marinet,2,2,3.833213
chariti,2,2,3.833213
gateway,2,3,3.833213
chancellor,2,2,3.833213
belmont,2,4,3.833213
walsh,2,2,3.833213
soar,2,4,3.833213
carrier,2,5,3.833213
nfl,2,182,3.833213
duck,2,3,3.833213
broadway,2,2,3.833213
feast,2,3,3.833213
ballroom,2,5,3.833213
concert,2,64,3.833213
banerje,2,3,3.833213
ramesh,2,2,3.833213
theatr,2,10,3.833213
deer,2,3,3.833213
alameda,2,2,3.833213
popper,2,2,3.833213
polanyi,2,2,3.833213
whitehead,2,7,3.833213
peirc,2,2,3.833213
sander,2,2,3.833213
mcmaster,2,2,3.833213
laurentian,2,2,3.833213
winnipeg,2,4,3.833213
licklid,2,2,3.833213
medlar,2,4,3.833213
fraassen,2,2,3.833213
ba,2,2,3.833213
windsor,2,2,3.833213
guelph,2,2,3.833213
sherbrook,2,2,3.833213
fraser,2,4,3.833213
contra,2,2,3.833213
loan,2,2,3.833213
boca,2,2,3.833213
mayfield,2,2,3.833213
nba,2,2,3.833213
scotia,2,2,3.833213
conserv,2,2,3.833213
lynch,2,2,3.833213
interv,2,2,3.833213
isil,2,2,3.833213
tornado,2,2,3.833213
baron,2,2,3.833213
angela,2,2,3.833213
villa,2,2,3.833213
invari,2,2,3.833213
spoon,2,2,3.833213
ambient,2,2,3.833213
foga,2,2,3.833213
gecco,2,2,3.833213
sigevo,2,2,3.833213
novanet,2,2,3.833213
hash,2,7,3.833213
tucker,2,2,3.833213
crossov,2,2,3.833213
mutat,2,2,3.833213
strip,2,6,3.833213
bold,2,2,3.833213
stratford,2,2,3.833213
saskatchewan,2,4,3.833213
brunswick,2,4,3.833213
moncton,2,2,3.833213
mississauga,2,2,3.833213
markham,2,2,3.833213
cleverdon,2,3,3.833213
cyril,2,3,3.833213
synonymi,2,4,3.833213
ryerson,2,2,3.833213
disk,2,2,3.833213
bottleneck,2,3,3.833213
radiat,2,9,3.833213
aaa,2,2,3.833213
hung,2,4,3.833213
gatineau,2,2,3.833213
burnabi,2,2,3.833213
cisti,2,2,3.833213
bec,2,2,3.833213
aerial,2,3,3.833213
biorobot,2,3,3.833213
surrey,2,2,3.833213
sudburi,2,2,3.833213
conflat,2,3,3.833213
crawler,2,28,3.833213
suffix,2,9,3.833213
usenet,2,2,3.833213
napulitano,2,2,3.833213
ilorin,2,2,3.833213
bello,2,2,3.833213
ahmadu,2,2,3.833213
submenu,2,2,3.833213
sciencedirect,2,2,3.833213
these,2,2,3.833213
overdr,2,2,3.833213
hathitrust,2,2,3.833213
summaris,2,2,3.833213
wav,2,2,3.833213
durat,2,2,3.833213
straightforward,2,4,3.833213
insert,2,2,3.833213
gigabyt,2,2,3.833213
bundl,2,8,3.833213
cengag,2,2,3.833213
fin,2,3,3.833213
ebookcentr,2,2,3.833213
anobii,2,2,3.833213
libraryth,2,2,3.833213
hardcov,2,2,3.833213
goodread,2,2,3.833213
isbnlookup,2,2,3.833213
witwatersrand,2,2,3.833213
mortar,2,2,3.833213
javascript,2,9,3.833213
css,2,3,3.833213
cab,2,2,3.833213
encrypt,2,2,3.833213
netnew,2,2,3.833213
clearanc,2,2,3.833213
banyumasan,2,2,3.833213
kernowek,2,2,3.833213
opensearch,2,2,3.833213
paperback,2,2,3.833213
gareth,2,2,3.833213
surg,2,3,3.833213
jama,2,2,3.833213
surgeri,2,2,3.833213
surgeon,2,2,3.833213
nez,2,2,3.833213
bookwir,2,2,3.833213
biblio,2,4,3.833213
bookshop,2,4,3.833213
rainbow,2,3,3.833213
surgic,2,2,3.833213
estonia,2,4,3.833213
herzegovina,2,4,3.833213
bosnia,2,4,3.833213
parrot,2,2,3.833213
postpon,2,2,3.833213
distributor,2,2,3.833213
hyphen,2,4,3.833213
scroll,2,2,3.833213
dash,2,2,3.833213
swap,2,10,3.833213
turkey,2,6,3.833213
slovenia,2,6,3.833213
serbia,2,6,3.833213
ord,2,2,3.833213
computer,2,2,3.833213
melvin,2,3,3.833213
centralis,2,2,3.833213
moy,2,3,3.833213
chees,2,3,3.833213
clarifi,2,2,3.833213
phylogenet,2,4,3.833213
nomenclatur,2,5,3.833213
ramon,2,3,3.833213
seventeenth,2,2,3.833213
taxi,2,3,3.833213
sebastian,2,2,3.833213
roux,2,2,3.833213
frankreich,2,2,3.833213
romania,2,6,3.833213
montenegro,2,6,3.833213
luxembourg,2,6,3.833213
hungari,2,4,3.833213
shera,2,2,3.833213
skyhors,2,2,3.833213
li,2,7,3.833213
scarecrow,2,2,3.833213
mai,2,2,3.833213
nlg,2,2,3.833213
belaru,2,6,3.833213
oceania,2,4,3.833213
australasia,2,4,3.833213
thailand,2,6,3.833213
mongolia,2,6,3.833213
iran,2,8,3.833213
tobago,2,6,3.833213
trinidad,2,6,3.833213
acceleration,2,2,3.833213
lope,2,2,3.833213
benj,2,4,3.833213
citizen,2,3,3.833213
phone,2,3,3.833213
ecuador,2,8,3.833213
codex,2,2,3.833213
manu,2,4,3.833213
keypunch,2,2,3.833213
medium,2,2,3.833213
overrid,2,5,3.833213
moe,2,2,3.833213
intrins,2,3,3.833213
frustrat,2,4,3.833213
grau,2,3,3.833213
decentralis,2,3,3.833213
further,2,2,3.833213
detriment,2,2,3.833213
wartim,2,7,3.833213
backdrop,2,2,3.833213
barbado,2,4,3.833213
caribbean,2,6,3.833213
zimbabw,2,6,3.833213
baidu,2,2,3.833213
umap,2,2,3.833213
recsi,2,7,3.833213
xrd,2,2,3.833213
jamaica,2,4,3.833213
satellit,2,4,3.833213
fruit,2,2,3.833213
orderli,2,3,3.833213
privileg,2,7,3.833213
primit,2,2,3.833213
subclass,2,4,3.833213
knuth,2,2,3.833213
jmcm,2,2,3.833213
continua,2,2,3.833213
prakash,2,2,3.833213
nivedha,2,2,3.833213
sindhu,2,2,3.833213
musicolog,2,3,3.833213
heard,2,3,3.833213
sculli,2,4,3.833213
hauser,2,2,3.833213
khosla,2,3,3.833213
siam,2,2,3.833213
lawler,2,2,3.833213
lerner,2,2,3.833213
mensch,2,2,3.833213
ischool,2,2,3.833213
riccardo,2,4,3.833213
mahoney,2,2,3.833213
langley,2,3,3.833213
norvig,2,149,3.833213
birger,2,2,3.833213
rland,2,2,3.833213
ouni,2,4,3.833213
iadh,2,4,3.833213
min,2,3,3.833213
ryen,2,2,3.833213
zobel,2,2,3.833213
rijk,2,2,3.833213
hersh,2,3,3.833213
pask,2,2,3.833213
ernst,2,2,3.833213
zhai,2,3,3.833213
kaiser,2,7,3.833213
aidan,2,4,3.833213
jakob,2,2,3.833213
lecun,2,9,3.833213
dian,2,3,3.833213
rvelin,2,2,3.833213
manfr,2,2,3.833213
warfield,2,5,3.833213
igor,2,2,3.833213
kalervo,2,3,3.833213
fuhr,2,2,3.833213
ophir,2,2,3.833213
callan,2,4,3.833213
cmu,2,4,3.833213
umass,2,10,3.833213
silver,2,4,3.833213
mehdi,2,3,3.833213
mirza,2,2,3.833213
keller,2,2,3.833213
outstand,2,2,3.833213
cam,2,2,3.833213
madrid,2,2,3.833213
santiago,2,2,3.833213
bed,2,2,3.833213
commod,2,4,3.833213
bona,2,4,3.833213
certainli,2,3,3.833213
snippet,2,2,3.833213
saracev,2,2,3.833213
tefko,2,2,3.833213
gesellschaft,2,2,3.833213
zeitschrift,2,2,3.833213
realis,2,2,3.833213
librarianship,2,4,3.833213
signifi,2,2,3.833213
diagnos,2,3,3.833213
lucen,2,2,3.833213
xuesen,2,2,3.833213
mead,2,2,3.833213
cannon,2,5,3.833213
bradford,2,3,3.833213
turchin,2,2,3.833213
andrei,2,2,3.833213
barrel,2,2,3.833213
surnam,2,3,3.833213
advocaci,2,5,3.833213
farley,2,3,3.833213
ward,2,2,3.833213
jurisprud,2,3,3.833213
badli,2,2,3.833213
invas,2,2,3.833213
soviet,2,2,3.833213
reveng,2,2,3.833213
bibtex,2,3,3.833213
kauffman,2,2,3.833213
wsdm,2,4,3.833213
tertiari,2,2,3.833213
inducte,2,6,3.833213
nanotechnolog,2,4,3.833213
imman,2,2,3.833213
repr,2,6,3.833213
braithwait,2,2,3.833213
alma,2,2,3.833213
yann,2,8,3.833213
psychiatri,2,2,3.833213
anchor,2,2,3.833213
sap,2,2,3.833213
propri,2,2,3.833213
clarif,2,6,3.833213
geolog,2,3,3.833213
reproduct,2,2,3.833213
molecular,2,3,3.833213
botani,2,2,3.833213
ralph,2,2,3.833213
spreadsheet,2,2,3.833213
vault,2,9,3.833213
rt,2,2,3.833213
parson,2,3,3.833213
talcott,2,2,3.833213
ascertain,2,3,3.833213
ide,2,2,3.833213
piscataway,2,2,3.833213
stick,2,3,3.833213
sparck,2,7,3.833213
girl,2,2,3.833213
oral,2,5,3.833213
pretti,2,2,3.833213
strang,2,20,3.833213
husband,2,3,3.833213
thermal,2,3,3.833213
smartphon,2,4,3.833213
oracl,2,5,3.833213
tail,2,2,3.833213
reorgan,2,4,3.833213
morpholog,2,15,3.833213
latvia,2,2,3.833213
kean,2,2,3.833213
paraphras,2,3,3.833213
evacu,2,13,3.833213
fri,2,2,3.833213
json,2,4,3.833213
rapidmin,2,2,3.833213
knime,2,2,3.833213
philanthropi,2,5,3.833213
synchron,2,2,3.833213
corrupt,2,2,3.833213
elder,2,2,3.833213
guo,2,2,3.833213
alessandro,2,2,3.833213
indigen,2,5,3.833213
irish,2,6,3.833213
solomonoff,2,6,3.833213
gonzalez,2,3,3.833213
serendipit,2,3,3.833213
finder,2,3,3.833213
statistica,2,2,3.833213
sa,2,6,3.833213
polyanalyst,2,2,3.833213
lesk,2,2,3.833213
lexisnexi,2,3,3.833213
invalid,2,2,3.833213
shield,2,2,3.833213
kristin,2,2,3.833213
anymor,2,2,3.833213
costli,2,2,3.833213
carbonel,2,2,3.833213
kay,2,3,3.833213
sici,2,2,3.833213
lionsolv,2,2,3.833213
spss,2,3,3.833213
knowledgestudio,2,2,3.833213
angoss,2,2,3.833213
varian,2,5,3.833213
lev,2,3,3.833213
lookup,2,4,3.833213
weiss,2,6,3.833213
pitfal,2,2,3.833213
lemmat,2,6,3.833213
diverg,2,2,3.833213
sparsiti,2,7,3.833213
moa,2,2,3.833213
stationari,2,2,3.833213
notif,2,2,3.833213
patti,2,3,3.833213
cuadra,2,2,3.833213
bern,2,4,3.833213
resultat,2,7,3.833213
abzielt,2,2,3.833213
ermittelnd,2,2,3.833213
dominik,2,4,3.833213
dual,2,2,3.833213
unfortun,2,2,3.833213
stellar,2,2,3.833213
chunk,2,10,3.833213
lingual,2,2,3.833213
opennn,2,2,3.833213
mlpack,2,2,3.833213
intra,2,2,3.833213
imdb,2,2,3.833213
accru,2,2,3.833213
bookmark,2,2,3.833213
intric,2,2,3.833213
centric,2,3,3.833213
subtl,2,2,3.833213
surpris,2,2,3.833213
weka,2,3,3.833213
uber,2,3,3.833213
lord,2,2,3.833213
skip,2,2,3.833213
fun,2,3,3.833213
dismantl,2,2,3.833213
celia,2,2,3.833213
cia,2,2,3.833213
packard,2,2,3.833213
hewlett,2,3,3.833213
contractu,2,2,3.833213
mouth,2,3,3.833213
elki,2,2,3.833213
newsgroup,2,2,3.833213
spiegel,2,3,3.833213
luke,2,2,3.833213
anni,2,2,3.833213
flood,2,5,3.833213
sharma,2,5,3.833213
colloqui,2,3,3.833213
verwandt,2,2,3.833213
bidirect,2,5,3.833213
headlin,2,2,3.833213
phonolog,2,2,3.833213
devot,2,3,3.833213
rubric,2,2,3.833213
verb,2,3,3.833213
heng,2,3,3.833213
apach,2,4,3.833213
breach,2,2,3.833213
cheng,2,4,3.833213
jain,2,3,3.833213
opt,2,2,3.833213
holder,2,8,3.833213
arena,2,2,3.833213
leap,2,2,3.833213
outdat,2,3,3.833213
fdi,2,2,3.833213
pointer,2,2,3.833213
vergleich,2,2,3.833213
chlich,2,3,3.833213
sung,2,4,3.833213
lopez,2,2,3.833213
reformul,2,2,3.833213
ion,2,5,3.833213
lithium,2,6,3.833213
beard,2,2,3.833213
savvi,2,2,3.833213
socio,2,2,3.833213
strengthen,2,3,3.833213
patron,2,2,3.833213
pagerank,2,4,3.833213
door,2,5,3.833213
corefer,2,7,3.833213
mad,2,7,3.833213
penalis,2,2,3.833213
alphafold,2,5,3.833213
specialis,2,7,3.833213
niko,2,2,3.833213
metaphor,2,3,3.833213
gpu,2,10,3.833213
dilemma,2,4,3.833213
wearabl,2,4,3.833213
broadli,2,3,3.833213
offens,2,2,3.833213
gambl,2,8,3.833213
stay,2,6,3.833213
newer,2,2,3.833213
propublica,2,3,3.833213
sexist,2,3,3.833213
truecas,2,3,3.833213
simplif,2,3,3.833213
audiovisu,2,2,3.833213
levin,2,6,3.833213
shall,2,3,3.833213
overli,2,3,3.833213
certif,2,3,3.833213
stronger,2,3,3.833213
backbon,2,5,3.833213
leg,2,3,3.833213
elev,2,3,3.833213
incorrectli,2,2,3.833213
sora,2,4,3.833213
bonu,2,11,3.833213
regim,2,14,3.833213
romant,2,2,3.833213
likewis,2,4,3.833213
inadvert,2,3,3.833213
compromis,2,2,3.833213
enforc,2,12,3.833213
libertarian,2,13,3.833213
blame,2,2,3.833213
bargain,2,3,3.833213
gorilla,2,8,3.833213
defend,2,5,3.833213
flag,2,2,3.833213
recidiv,2,2,3.833213
priorit,2,4,3.833213
kimmo,2,2,3.833213
eisenstein,2,2,3.833213
icd,2,2,3.833213
sig,2,3,3.833213
spider,2,2,3.833213
vigen,2,2,3.833213
jair,2,3,3.833213
alphazero,2,4,3.833213
cpu,2,3,3.833213
pachinko,2,2,3.833213
ubi,2,2,3.833213
habit,2,2,3.833213
mart,2,3,3.833213
crisp,2,8,3.833213
indirect,2,2,3.833213
ubiqu,2,2,3.833213
prolifer,2,2,3.833213
abelson,2,2,3.833213
hoffman,2,2,3.833213
emanuel,2,5,3.833213
silenc,2,2,3.833213
repeal,2,2,3.833213
shine,2,2,3.833213
tap,2,4,3.833213
chatgpt,2,14,3.833213
withdraw,2,16,3.833213
thank,2,3,3.833213
steadi,2,5,3.833213
racial,2,2,3.833213
chu,2,2,3.833213
turpin,2,3,3.833213
threaten,2,2,3.833213
anthropomorph,2,8,3.833213
pitch,2,3,3.833213
alias,2,2,3.833213
uncov,2,5,3.833213
etymolog,2,4,3.833213
sfn,2,13,3.833213
harv,2,2,3.833213
spaci,2,2,3.833213
concordanc,2,2,3.833213
denomin,2,5,3.833213
ca,2,3,3.833213
colloc,2,2,3.833213
trigram,2,2,3.833213
bigram,2,2,3.833213
klein,2,3,3.833213
southeast,2,2,3.833213
feat,2,2,3.833213
cain,2,2,3.833213
evas,2,2,3.833213
tian,2,2,3.833213
falsehood,2,2,3.833213
unemploy,2,9,3.833213
lethal,2,5,3.833213
castel,2,4,3.833213
racist,2,12,3.833213
mcculloch,2,6,3.833213
acid,2,14,3.833213
acequia,2,2,3.833213
dispossess,2,2,3.833213
chamber,2,2,3.833213
sear,2,12,3.833213
felix,2,2,3.833213
epidemiolog,2,2,3.833213
chan,2,2,3.833213
claudia,2,2,3.833213
appendix,2,2,3.833213
flesh,2,2,3.833213
siggraph,2,3,3.833213
adi,2,2,3.833213
indirectli,2,3,3.833213
falk,2,2,3.833213
arvix,1,1,4.238678
slim,1,1,4.238678
decoy,1,1,4.238678
posh,1,1,4.238678
plenti,1,1,4.238678
beland,1,1,4.238678
psychonaut,1,1,4.238678
internetarchivebot,1,2,4.238678
clutter,1,1,4.238678
cheer,1,1,4.238678
bug,1,1,4.238678
subtop,1,1,4.238678
mortim,1,1,4.238678
orn,1,1,4.238678
jerold,1,1,4.238678
phylli,1,1,4.238678
kochen,1,1,4.238678
heilprin,1,1,4.238678
kilgour,1,1,4.238678
schultz,1,1,4.238678
ain,1,1,4.238678
dale,1,1,4.238678
chartrand,1,1,4.238678
cochran,1,1,4.238678
atherton,1,1,4.238678
borko,1,1,4.238678
sutcliff,1,1,4.238678
tagu,1,1,4.238678
arjun,1,1,4.238678
yadaw,1,1,4.238678
haley,1,1,4.238678
chatelain,1,1,4.238678
sid,1,1,4.238678
ewi,1,1,4.238678
jaleal,1,1,4.238678
sanjak,1,1,4.238678
gioconda,1,1,4.238678
alyea,1,1,4.238678
antonia,1,1,4.238678
creswel,1,1,4.238678
lampinen,1,2,4.238678
ishita,1,1,4.238678
onomazein,1,1,4.238678
rrg,1,1,4.238678
gyansetu,1,1,4.238678
intro,1,1,4.238678
cohosh,1,1,4.238678
incred,1,1,4.238678
stump,1,1,4.238678
jawbon,1,1,4.238678
castleberri,1,1,4.238678
kenna,1,1,4.238678
loper,1,1,4.238678
pna,1,2,4.238678
dharshan,1,1,4.238678
kumaran,1,1,4.238678
torroni,1,1,4.238678
lippi,1,1,4.238678
rte,1,1,4.238678
yanji,1,1,4.238678
segev,1,1,4.238678
socher,1,2,4.238678
resnik,1,1,4.238678
eacl,1,1,4.238678
hillsdal,1,1,4.238678
turk,1,1,4.238678
kurdi,1,2,4.238678
zakaria,1,2,4.238678
kariampuzha,1,1,4.238678
mumbai,1,1,4.238678
sanlp,1,1,4.238678
manipuri,1,1,4.238678
sivaji,1,1,4.238678
nirmal,1,1,4.238678
vidya,1,1,4.238678
kishorjit,1,1,4.238678
dredg,1,3,4.238678
clandestin,1,1,4.238678
wareh,1,3,4.238678
misnom,1,1,4.238678
intersect,1,1,4.238678
zamboanga,1,1,4.238678
chavacano,1,1,4.238678
rewrit,1,2,4.238678
glucosidas,1,1,4.238678
fahimeh,1,1,4.238678
ghasemi,1,1,4.238678
mohhamadreza,1,1,4.238678
torabi,1,1,4.238678
geeksforgeek,1,3,4.238678
yingli,1,1,4.238678
chucai,1,1,4.238678
linwood,1,1,4.238678
manjot,1,1,4.238678
emr,1,1,4.238678
sezgin,1,1,4.238678
luisa,1,1,4.238678
buil,1,1,4.238678
florez,1,1,4.238678
charniak,1,1,4.238678
kook,1,1,4.238678
choe,1,1,4.238678
yonghui,1,1,4.238678
hnc,1,1,4.238678
connot,1,1,4.238678
masquerad,1,1,4.238678
lovel,1,3,4.238678
snoop,1,2,4.238678
venom,1,1,4.238678
rafal,1,1,4.238678
jozefowicz,1,1,4.238678
yoav,1,1,4.238678
interspeech,1,2,4.238678
sanjeev,1,1,4.238678
khudanpur,1,1,4.238678
ernock,1,1,4.238678
burget,1,1,4.238678
karafi,1,1,4.238678
janvin,1,1,4.238678
ducharm,1,1,4.238678
stimulu,1,1,4.238678
azevedo,1,2,4.238678
semma,1,3,4.238678
yungui,1,1,4.238678
ieeep,1,1,4.238678
mauri,1,1,4.238678
guida,1,1,4.238678
weinstein,1,1,4.238678
koskenniemi,1,1,4.238678
citerefbuchanan,1,1,4.238678
buchanan,1,1,4.238678
citerefcrevi,1,1,4.238678
harvnb,1,2,4.238678
nutshel,1,1,4.238678
hutchin,1,2,4.238678
stall,1,1,4.238678
jdm,1,3,4.238678
biannual,1,1,4.238678
premier,1,1,4.238678
unintent,1,1,4.238678
lakoff,1,3,4.238678
trajectori,1,1,4.238678
reific,1,1,4.238678
friston,1,2,4.238678
theoretician,1,1,4.238678
uptak,1,1,4.238678
psycholinguist,1,1,4.238678
operationaliz,1,1,4.238678
pmm,1,3,4.238678
revel,1,1,4.238678
aol,1,2,4.238678
dmg,1,2,4.238678
pmml,1,2,4.238678
withdrawn,1,1,4.238678
phenomena,1,2,4.238678
patholog,1,1,4.238678
conll,1,3,4.238678
extrapol,1,1,4.238678
policeman,1,1,4.238678
cwa,1,1,4.238678
metamodel,1,1,4.238678
nlu,1,1,4.238678
hipaa,1,5,4.238678
unfairli,1,1,4.238678
revok,1,1,4.238678
snowden,1,1,4.238678
underway,1,1,4.238678
walgreen,1,1,4.238678
bodili,1,1,4.238678
indiscret,1,1,4.238678
rmm,1,2,4.238678
tomorrow,1,1,4.238678
pcfg,1,2,4.238678
constitu,1,3,4.238678
orthographi,1,2,4.238678
firefox,1,1,4.238678
pronoun,1,1,4.238678
anaphora,1,2,4.238678
fledg,1,2,4.238678
drt,1,1,4.238678
tdm,1,1,4.238678
ferpa,1,1,4.238678
underscor,1,1,4.238678
incomprehens,1,1,4.238678
aahc,1,1,4.238678
longstand,1,1,4.238678
biotech,1,3,4.238678
shallow,1,1,4.238678
netowl,1,1,4.238678
megaput,1,1,4.238678
uima,1,2,4.238678
lua,1,1,4.238678
pspp,1,1,4.238678
nltk,1,1,4.238678
mepx,1,1,4.238678
konstanz,1,1,4.238678
carrot,1,1,4.238678
supplant,1,1,4.238678
uphold,1,1,4.238678
overridden,1,1,4.238678
hargreav,1,1,4.238678
amr,1,1,4.238678
wsd,1,1,4.238678
ner,1,1,4.238678
agglutin,1,1,4.238678
meitei,1,1,4.238678
morphem,1,3,4.238678
lemma,1,1,4.238678
inflect,1,3,4.238678
basqu,1,2,4.238678
productionis,1,1,4.238678
sagemak,1,1,4.238678
vertica,1,1,4.238678
tanagra,1,1,4.238678
statsoft,1,1,4.238678
omic,1,1,4.238678
qlucor,1,1,4.238678
datadv,1,1,4.238678
multidisciplinari,1,1,4.238678
pseven,1,1,4.238678
deadman,1,1,4.238678
wojciech,1,1,4.238678
charemza,1,1,4.238678
olson,1,1,4.238678
okairp,1,1,4.238678
jiawei,1,2,4.238678
padhraic,1,1,4.238678
smyth,1,1,4.238678
usama,1,1,4.238678
fayyad,1,1,4.238678
kamber,1,3,4.238678
jaiwei,1,1,4.238678
psychometr,1,1,4.238678
plate,1,1,4.238678
grammat,1,6,4.238678
adject,1,2,4.238678
kantardz,1,1,4.238678
bow,1,1,4.238678
fragment,1,2,4.238678
impair,1,1,4.238678
coarticul,1,1,4.238678
spoken,1,4,4.238678
hardli,1,1,4.238678
coars,1,1,4.238678
coenen,1,1,4.238678
nugget,1,1,4.238678
feb,1,1,4.238678
forens,1,1,4.238678
je,1,1,4.238678
mena,1,1,4.238678
aldershot,1,1,4.238678
econometr,1,1,4.238678
resig,1,1,4.238678
taipal,1,1,4.238678
spi,1,1,4.238678
asa,1,1,4.238678
seltzer,1,1,4.238678
seidl,1,1,4.238678
hardi,1,1,4.238678
kremer,1,1,4.238678
nnemann,1,1,4.238678
hawkin,1,1,4.238678
iadi,1,1,4.238678
musilek,1,1,4.238678
petr,1,1,4.238678
kurgan,1,1,4.238678
lukasz,1,1,4.238678
mehm,1,1,4.238678
intertwin,1,1,4.238678
subtask,1,3,4.238678
apertium,1,1,4.238678
omit,1,1,4.238678
misspel,1,1,4.238678
unfamiliar,1,1,4.238678
inaccess,1,1,4.238678
momentum,1,1,4.238678
telpol,1,1,4.238678
nir,1,1,4.238678
kshetri,1,1,4.238678
securityfocu,1,1,4.238678
ruin,1,1,4.238678
ohm,1,1,4.238678
nascio,1,1,4.238678
dig,1,1,4.238678
chomskyan,1,4,4.238678
jabberwacki,1,1,4.238678
racter,1,4,4.238678
operation,1,2,4.238678
hpsg,1,1,4.238678
heyday,1,1,4.238678
rolf,1,1,4.238678
stadler,1,1,4.238678
hadjnian,1,1,4.238678
cabena,1,1,4.238678
antonelli,1,1,4.238678
lexolog,1,1,4.238678
fedlex,1,1,4.238678
biomedicin,1,1,4.238678
cjeu,1,1,4.238678
archick,1,1,4.238678
theodoridi,1,1,4.238678
steinbach,1,1,4.238678
maguelonn,1,1,4.238678
teisseir,1,1,4.238678
florent,1,1,4.238678
masseglia,1,1,4.238678
poncelet,1,1,4.238678
nisbet,1,1,4.238678
yike,1,1,4.238678
sanger,1,1,4.238678
ronen,1,1,4.238678
feldman,1,1,4.238678
zanasi,1,1,4.238678
verhe,1,1,4.238678
unannot,1,1,4.238678
relianc,1,1,4.238678
reman,1,1,4.238678
erasur,1,1,4.238678
scrub,1,1,4.238678
cleans,1,1,4.238678
retent,1,1,4.238678
lineag,1,1,4.238678
stewardship,1,1,4.238678
crosswalk,1,1,4.238678
mahwah,1,1,4.238678
nong,1,1,4.238678
nitin,1,1,4.238678
indurkhya,1,1,4.238678
sholom,1,1,4.238678
konstantino,1,1,4.238678
koutroumba,1,1,4.238678
sergio,1,1,4.238678
meehan,1,1,4.238678
talespin,1,1,4.238678
wilenski,1,1,4.238678
pam,1,1,4.238678
cullingford,1,1,4.238678
schank,1,2,4.238678
margi,1,1,4.238678
quillian,1,1,4.238678
psychotherapi,1,1,4.238678
rogerian,1,1,4.238678
broker,1,2,4.238678
mung,1,1,4.238678
wrangl,1,1,4.238678
dedupl,1,1,4.238678
elt,1,2,4.238678
etl,1,2,4.238678
rewritten,1,1,4.238678
virolog,1,1,4.238678
protistolog,1,1,4.238678
dbm,1,1,4.238678
snowflak,1,1,4.238678
schema,1,3,4.238678
olap,1,3,4.238678
alat,1,1,4.238678
experian,1,1,4.238678
qlik,1,1,4.238678
informatica,1,1,4.238678
twin,1,4,4.238678
chatterbot,1,2,4.238678
plot,1,1,4.238678
lehnert,1,2,4.238678
qualm,1,1,4.238678
ichthyolog,1,1,4.238678
toponym,1,2,4.238678
entomolog,1,1,4.238678
inmon,1,1,4.238678
xmla,1,1,4.238678
mdx,1,1,4.238678
dmx,1,1,4.238678
cube,1,1,4.238678
dss,1,1,4.238678
slowli,1,1,4.238678
degener,1,1,4.238678
rolap,1,1,4.238678
molap,1,1,4.238678
holap,1,1,4.238678
focal,1,1,4.238678
phrasebook,1,1,4.238678
ashbi,1,1,4.238678
braitenberg,1,1,4.238678
mitzdorf,1,1,4.238678
ulla,1,1,4.238678
umplebi,1,1,4.238678
beer,1,1,4.238678
stafford,1,1,4.238678
kurdyumov,1,1,4.238678
glanvil,1,1,4.238678
sigweb,1,3,4.238678
jcdl,1,2,4.238678
specialti,1,1,4.238678
linstedt,1,1,4.238678
kimbal,1,1,4.238678
ornitholog,1,1,4.238678
mycolog,1,1,4.238678
subarea,1,2,4.238678
naarm,1,1,4.238678
padova,1,1,4.238678
taipei,1,1,4.238678
tokyo,1,1,4.238678
bahia,1,1,4.238678
ranulph,1,1,4.238678
grigorenko,1,1,4.238678
pyotr,1,1,4.238678
luhmann,1,1,4.238678
nikla,1,1,4.238678
bekhtereva,1,1,4.238678
natalia,1,1,4.238678
hayl,1,1,4.238678
mazur,1,1,4.238678
clyne,1,1,4.238678
joachim,1,1,4.238678
thorsten,1,1,4.238678
abbaszadeh,1,1,4.238678
maleyka,1,1,4.238678
bertalanffi,1,1,4.238678
wilbi,1,1,4.238678
jixuan,1,1,4.238678
uexk,1,1,4.238678
fresco,1,1,4.238678
maturana,1,1,4.238678
humberto,1,1,4.238678
foerster,1,1,4.238678
bateson,1,1,4.238678
hearst,1,2,4.238678
dumai,1,1,4.238678
broder,1,1,4.238678
freder,1,1,4.238678
varela,1,1,4.238678
heylighen,1,1,4.238678
glasersfeld,1,1,4.238678
holst,1,1,4.238678
joslyn,1,1,4.238678
geneviev,1,1,4.238678
buckminst,1,1,4.238678
wilden,1,1,4.238678
allenna,1,1,4.238678
chengxiang,1,1,4.238678
najork,1,1,4.238678
maarek,1,1,4.238678
yoell,1,1,4.238678
kando,1,1,4.238678
noriko,1,1,4.238678
gabrilovich,1,1,4.238678
evgeniy,1,1,4.238678
carmel,1,1,4.238678
yiqun,1,1,4.238678
lalma,1,1,4.238678
mounia,1,1,4.238678
harman,1,1,4.238678
diaz,1,2,4.238678
fernando,1,1,4.238678
yime,1,1,4.238678
sakai,1,1,4.238678
tetsuya,1,1,4.238678
ferro,1,1,4.238678
teevan,1,1,4.238678
vicker,1,1,4.238678
vester,1,1,4.238678
sigca,1,1,4.238678
sigbio,1,1,4.238678
sigb,1,1,4.238678
sigarch,1,1,4.238678
sigapp,1,1,4.238678
sigai,1,1,4.238678
sigada,1,1,4.238678
sigact,1,1,4.238678
sigaccess,1,1,4.238678
metzer,1,1,4.238678
ciir,1,1,4.238678
uiuc,1,1,4.238678
lti,1,1,4.238678
jiafeng,1,1,4.238678
chirag,1,3,4.238678
metzler,1,1,4.238678
sigsam,1,1,4.238678
sigsac,1,1,4.238678
sigop,1,1,4.238678
sigmobil,1,1,4.238678
sigmm,1,1,4.238678
sigmi,1,1,4.238678
sigmicro,1,1,4.238678
sigmetr,1,1,4.238678
siglog,1,1,4.238678
sigit,1,1,4.238678
sighpc,1,1,4.238678
sigecom,1,1,4.238678
sigdoc,1,1,4.238678
sigda,1,1,4.238678
sigcs,1,2,4.238678
sigcomm,1,2,4.238678
sigsoft,1,1,4.238678
radcliff,1,1,4.238678
lyapunov,1,1,4.238678
synerget,1,1,4.238678
sociocybernet,1,1,4.238678
cybersemiot,1,1,4.238678
homeostasi,1,1,4.238678
neurocybernet,1,1,4.238678
biosemiot,1,1,4.238678
cybernetician,1,2,4.238678
gaid,1,1,4.238678
radford,1,1,4.238678
alec,1,1,4.238678
murati,1,1,4.238678
mira,1,1,4.238678
sigsim,1,1,4.238678
hopl,1,1,4.238678
ghc,1,1,4.238678
fcrc,1,1,4.238678
dac,1,1,4.238678
asplo,1,1,4.238678
aie,1,1,4.238678
queue,1,1,4.238678
digest,1,1,4.238678
alonzo,1,1,4.238678
coon,1,1,4.238678
kanellaki,1,1,4.238678
hopper,1,1,4.238678
mauchli,1,1,4.238678
eckert,1,1,4.238678
sigucc,1,1,4.238678
sigspati,1,1,4.238678
stoc,1,1,4.238678
splash,1,1,4.238678
spaa,1,1,4.238678
sosp,1,1,4.238678
soda,1,1,4.238678
socg,1,1,4.238678
popl,1,1,4.238678
pod,1,1,4.238678
podc,1,1,4.238678
pldi,1,1,4.238678
mobicom,1,1,4.238678
issac,1,1,4.238678
ispd,1,1,4.238678
ismm,1,1,4.238678
icfp,1,1,4.238678
hot,1,1,4.238678
perci,1,1,4.238678
stepfun,1,1,4.238678
sarvam,1,1,4.238678
moonshot,1,1,4.238678
minimax,1,1,4.238678
gptzero,1,1,4.238678
lmarena,1,1,4.238678
mmlu,1,1,4.238678
cuda,1,1,4.238678
chromadb,1,1,4.238678
openvino,1,1,4.238678
onnx,1,1,4.238678
vllm,1,1,4.238678
vric,1,1,4.238678
uist,1,1,4.238678
tapia,1,1,4.238678
glitch,1,1,4.238678
tensorrt,1,1,4.238678
sglang,1,1,4.238678
ollama,1,1,4.238678
cpp,1,1,4.238678
langchain,1,1,4.238678
sparrow,1,1,4.238678
perplex,1,2,4.238678
erni,1,1,4.238678
xlnet,1,1,4.238678
vicuna,1,1,4.238678
palm,1,1,4.238678
nemotron,1,1,4.238678
epsilon,1,1,4.238678
upsilon,1,1,4.238678
wenfeng,1,1,4.238678
wilczek,1,1,4.238678
tegmark,1,1,4.238678
tallinn,1,1,4.238678
jaan,1,1,4.238678
glimmer,1,1,4.238678
mixtral,1,1,4.238678
minerva,1,1,4.238678
mimo,1,1,4.238678
lamda,1,1,4.238678
jai,1,1,4.238678
granit,1,1,4.238678
pangu,1,1,4.238678
glm,1,2,4.238678
gemma,1,1,4.238678
dbrx,1,1,4.238678
apertu,1,1,4.238678
tobi,1,1,4.238678
hendryck,1,1,4.238678
owain,1,1,4.238678
drexler,1,1,4.238678
christiano,1,1,4.238678
amodei,1,2,4.238678
dario,1,2,4.238678
pauseai,1,1,4.238678
metr,1,1,4.238678
leverhulm,1,1,4.238678
succession,1,1,4.238678
inject,1,1,4.238678
pagedattent,1,1,4.238678
decod,1,1,4.238678
precipic,1,1,4.238678
yampolskiy,1,1,4.238678
exoskeleton,1,1,4.238678
welltec,1,1,4.238678
tesla,1,1,4.238678
fastbrick,1,1,4.238678
neura,1,1,4.238678
ubtech,1,1,4.238678
roborock,1,1,4.238678
agibot,1,1,4.238678
unitre,1,1,4.238678
agil,1,1,4.238678
yaskawa,1,1,4.238678
zoox,1,1,4.238678
waymo,1,1,4.238678
symbot,1,1,4.238678
ree,1,1,4.238678
huw,1,1,4.238678
actuat,1,1,4.238678
unicycl,1,1,4.238678
climb,1,1,4.238678
hexapod,1,1,4.238678
ubli,1,1,4.238678
starship,1,1,4.238678
robomow,1,1,4.238678
kuka,1,2,4.238678
irobot,1,1,4.238678
honeybe,1,1,4.238678
hyundai,1,1,4.238678
fourier,1,1,4.238678
fanuc,1,1,4.238678
farmwis,1,1,4.238678
energid,1,1,4.238678
terrain,1,1,4.238678
underwat,1,1,4.238678
telerobot,1,1,4.238678
probe,1,1,4.238678
spacecraft,1,1,4.238678
necrobot,1,1,4.238678
nanorobot,1,1,4.238678
microbot,1,1,4.238678
unman,1,1,4.238678
juggl,1,1,4.238678
animatron,1,2,4.238678
doosan,1,1,4.238678
daxbot,1,1,4.238678
anybot,1,1,4.238678
abb,1,1,4.238678
perceptu,1,1,4.238678
odometri,1,1,4.238678
nanotub,1,1,4.238678
atomtron,1,1,4.238678
automaton,1,1,4.238678
claytron,1,1,4.238678
gynoid,1,1,4.238678
aerobot,1,1,4.238678
scout,1,1,4.238678
proactionari,1,1,4.238678
neuroeth,1,1,4.238678
cybereth,1,1,4.238678
bioethic,1,1,4.238678
ephemer,1,1,4.238678
disrupt,1,1,4.238678
collingridg,1,1,4.238678
chipless,1,1,4.238678
rfid,1,2,4.238678
memet,1,1,4.238678
metaheurist,1,1,4.238678
ultraram,1,1,4.238678
sono,1,1,4.238678
rram,1,1,4.238678
racetrack,1,1,4.238678
pram,1,1,4.238678
nram,1,1,4.238678
mram,1,1,4.238678
milliped,1,1,4.238678
fram,1,1,4.238678
cbram,1,1,4.238678
gpgpu,1,1,4.238678
holograph,1,1,4.238678
disc,1,1,4.238678
cybermethodolog,1,1,4.238678
cma,1,1,4.238678
cellular,1,2,4.238678
psillo,1,1,4.238678
stathi,1,1,4.238678
laudan,1,1,4.238678
feyerabend,1,1,4.238678
lakato,1,1,4.238678
imr,1,1,4.238678
evol,1,2,4.238678
evostar,1,1,4.238678
ppsn,1,1,4.238678
cec,1,1,4.238678
ci,1,1,4.238678
prematur,1,1,4.238678
mate,1,1,4.238678
lunch,1,1,4.238678
verification,1,1,4.238678
uniformitarian,1,1,4.238678
scientism,1,1,4.238678
quin,1,1,4.238678
hempel,1,1,4.238678
gustav,1,1,4.238678
carnap,1,1,4.238678
rudolf,1,1,4.238678
reichenbach,1,1,4.238678
neurath,1,1,4.238678
bertrand,1,1,4.238678
windelband,1,1,4.238678
duhem,1,1,4.238678
bacteri,1,1,4.238678
cuckoo,1,1,4.238678
neuroevolut,1,1,4.238678
positiv,1,1,4.238678
induction,1,1,4.238678
hypothetico,1,1,4.238678
foundation,1,1,4.238678
fallibil,1,1,4.238678
evolution,1,1,4.238678
nomolog,1,1,4.238678
convention,1,1,4.238678
holism,1,1,4.238678
coherent,1,1,4.238678
poincar,1,1,4.238678
comt,1,1,4.238678
galilei,1,1,4.238678
galileo,1,1,4.238678
protosci,1,1,4.238678
pseudosci,1,1,4.238678
intention,1,1,4.238678
hypostat,1,1,4.238678
solips,1,1,4.238678
phenomenolog,1,1,4.238678
phenomen,1,1,4.238678
panpsych,1,1,4.238678
nondual,1,1,4.238678
underdetermin,1,1,4.238678
laden,1,1,4.238678
intertheoret,1,1,4.238678
ignorabimu,1,1,4.238678
ignoramu,1,1,4.238678
demarc,1,1,4.238678
consili,1,1,4.238678
commensur,1,1,4.238678
reduction,1,1,4.238678
mysterian,1,1,4.238678
neurophenomenolog,1,1,4.238678
realism,1,5,4.238678
interaction,1,1,4.238678
epiphenomen,1,1,4.238678
dualism,1,3,4.238678
zhuangzi,1,1,4.238678
yablo,1,1,4.238678
wittgenstein,1,1,4.238678
vasubandhu,1,1,4.238678
tye,1,1,4.238678
spinoza,1,1,4.238678
baruch,1,1,4.238678
rasa,1,1,4.238678
tabula,1,1,4.238678
qualia,1,1,4.238678
dharmakirti,1,1,4.238678
churchland,1,2,4.238678
burg,1,1,4.238678
brentano,1,1,4.238678
franz,1,1,4.238678
sellar,1,1,4.238678
ryle,1,1,4.238678
rorti,1,1,4.238678
parfit,1,1,4.238678
alva,1,1,4.238678
nagel,1,1,4.238678
ponti,1,1,4.238678
merleau,1,1,4.238678
mauric,1,1,4.238678
wilhelm,1,2,4.238678
immanuel,1,1,4.238678
foss,1,1,4.238678
kaveh,1,1,4.238678
vise,1,1,4.238678
scari,1,1,4.238678
bergson,1,1,4.238678
bain,1,1,4.238678
anscomb,1,1,4.238678
algol,1,1,4.238678
garbag,1,1,4.238678
gcr,1,1,4.238678
catastroph,1,2,4.238678
husserl,1,1,4.238678
hume,1,2,4.238678
heidegg,1,1,4.238678
dretsk,1,1,4.238678
descart,1,1,4.238678
shapley,1,1,4.238678
yugesh,1,1,4.238678
ekin,1,1,4.238678
invernizzi,1,1,4.238678
filippa,1,1,4.238678
lentzo,1,1,4.238678
lix,1,1,4.238678
revolution,1,1,4.238678
tieniu,1,1,4.238678
jianhua,1,1,4.238678
ire,1,1,4.238678
thelen,1,1,4.238678
stockman,1,1,4.238678
sporn,1,1,4.238678
pentland,1,1,4.238678
harmondsworth,1,1,4.238678
indlaw,1,1,4.238678
armageddon,1,1,4.238678
insist,1,1,4.238678
inffu,1,2,4.238678
unimod,1,1,4.238678
hussain,1,1,4.238678
bajpai,1,1,4.238678
soujanya,1,1,4.238678
perenni,1,1,4.238678
darkest,1,1,4.238678
std,1,1,4.238678
hongjiang,1,1,4.238678
neunet,1,1,4.238678
inna,1,1,4.238678
sergei,1,2,4.238678
codemot,1,1,4.238678
pergamon,1,1,4.238678
halbert,1,1,4.238678
maxwel,1,1,4.238678
kurt,1,1,4.238678
ois,1,1,4.238678
meg,1,1,4.238678
arwa,1,1,4.238678
killer,1,1,4.238678
consc,1,1,4.238678
sandini,1,1,4.238678
pfeifer,1,1,4.238678
metta,1,1,4.238678
imavi,1,1,4.238678
ralf,1,1,4.238678
englewood,1,1,4.238678
dwab,1,1,4.238678
kingsburi,1,1,4.238678
sainath,1,1,4.238678
vanhouck,1,1,4.238678
jaitli,1,1,4.238678
dahl,1,1,4.238678
tyranni,1,1,4.238678
rohan,1,1,4.238678
kashmir,1,1,4.238678
aimag,1,1,4.238678
techtarget,1,1,4.238678
jamia,1,1,4.238678
humanoid,1,3,4.238678
yarden,1,1,4.238678
gop,1,1,4.238678
mihali,1,1,4.238678
igmchicago,1,1,4.238678
bebo,1,1,4.238678
utopia,1,2,4.238678
sophi,1,1,4.238678
nervou,1,1,4.238678
techtalk,1,1,4.238678
cbo,1,1,4.238678
ultraintellig,1,1,4.238678
rage,1,1,4.238678
fuller,1,2,4.238678
sf,1,1,4.238678
posthuman,1,1,4.238678
jill,1,1,4.238678
techfor,1,1,4.238678
computeris,1,1,4.238678
msp,1,1,4.238678
ispm,1,1,4.238678
tamd,1,2,4.238678
itamd,1,2,4.238678
yoshida,1,1,4.238678
err,1,1,4.238678
keegan,1,1,4.238678
mcbride,1,1,4.238678
clogher,1,1,4.238678
kok,1,1,4.238678
vin,1,1,4.238678
heang,1,1,4.238678
darko,1,1,4.238678
icki,1,1,4.238678
moreland,1,1,4.238678
subhash,1,1,4.238678
mankind,1,1,4.238678
rori,1,1,4.238678
inui,1,1,4.238678
ishiguro,1,1,4.238678
kuniyoshi,1,1,4.238678
hosoda,1,1,4.238678
melani,1,1,4.238678
metaeth,1,1,4.238678
greed,1,1,4.238678
ego,1,1,4.238678
federico,1,1,4.238678
girosi,1,1,4.238678
osond,1,1,4.238678
osoba,1,1,4.238678
mann,1,1,4.238678
cheltenham,1,1,4.238678
ugo,1,1,4.238678
woodrow,1,1,4.238678
cuddi,1,1,4.238678
newsweek,1,1,4.238678
dovey,1,1,4.238678
terrifi,1,1,4.238678
kateman,1,1,4.238678
leith,1,1,4.238678
natick,1,1,4.238678
basicbook,1,1,4.238678
tumultu,1,1,4.238678
wolgang,1,1,4.238678
ertl,1,1,4.238678
tata,1,1,4.238678
shivashankar,1,1,4.238678
nair,1,1,4.238678
galvan,1,2,4.238678
yoshikawa,1,1,4.238678
oshan,1,1,4.238678
jarow,1,1,4.238678
aspir,1,1,4.238678
katz,1,2,4.238678
fearn,1,2,4.238678
pinker,1,2,4.238678
rmf,1,1,4.238678
elham,1,1,4.238678
tabassi,1,1,4.238678
eur,1,1,4.238678
bsi,1,1,4.238678
musser,1,1,4.238678
mccauley,1,2,4.238678
buttazzo,1,2,4.238678
omohundro,1,3,4.238678
euronew,1,1,4.238678
marianna,1,1,4.238678
apidianaki,1,1,4.238678
oudey,1,2,4.238678
asada,1,2,4.238678
lungarella,1,2,4.238678
weng,1,2,4.238678
haugeland,1,3,4.238678
rehak,1,1,4.238678
uncontroversi,1,1,4.238678
suchman,1,1,4.238678
domenico,1,1,4.238678
cameron,1,2,4.238678
giannini,1,1,4.238678
kirk,1,1,4.238678
huma,1,1,4.238678
jmc,1,1,4.238678
sahil,1,1,4.238678
jasrotia,1,1,4.238678
manoj,1,1,4.238678
kamila,1,1,4.238678
berna,1,1,4.238678
clarendon,1,1,4.238678
copeland,1,1,4.238678
buntz,1,1,4.238678
milmo,1,2,4.238678
kasperowicz,1,2,4.238678
brockman,1,2,4.238678
buiten,1,2,4.238678
grayl,1,1,4.238678
goswami,1,2,4.238678
difeliciantonio,1,2,4.238678
gorichanaz,1,1,4.238678
buruk,1,1,4.238678
cowl,1,1,4.238678
floridi,1,1,4.238678
kelsey,1,1,4.238678
supremaci,1,1,4.238678
brodski,1,1,4.238678
handout,1,1,4.238678
geyer,1,2,4.238678
weyer,1,2,4.238678
wirtz,1,2,4.238678
kritiko,1,2,4.238678
iphofen,1,2,4.238678
pagallo,1,2,4.238678
barfield,1,2,4.238678
berryhil,1,2,4.238678
ijo,1,1,4.238678
melton,1,1,4.238678
ashley,1,1,4.238678
madrig,1,2,4.238678
geist,1,2,4.238678
immin,1,1,4.238678
stupid,1,1,4.238678
scare,1,2,4.238678
mcmorrow,1,1,4.238678
dystopia,1,2,4.238678
renown,1,1,4.238678
juergen,1,1,4.238678
arda,1,1,4.238678
elif,1,1,4.238678
perihan,1,1,4.238678
ekmekci,1,1,4.238678
banu,1,1,4.238678
limitedli,1,1,4.238678
ajob,1,1,4.238678
farisco,1,1,4.238678
kathinka,1,1,4.238678
hessi,1,1,4.238678
emma,1,1,4.238678
colton,1,1,4.238678
inevit,1,1,4.238678
josh,1,3,4.238678
valanc,1,2,4.238678
bnn,1,1,4.238678
outsmart,1,1,4.238678
cbc,1,1,4.238678
pitti,1,1,4.238678
cb,1,1,4.238678
monica,1,1,4.238678
mindless,1,1,4.238678
youngm,1,1,4.238678
nass,1,2,4.238678
qtac,1,1,4.238678
jochen,1,1,4.238678
rinaldo,1,1,4.238678
hne,1,1,4.238678
tarnoff,1,1,4.238678
wipe,1,1,4.238678
holley,1,2,4.238678
rawlinson,1,2,4.238678
cellan,1,2,4.238678
shweta,1,1,4.238678
watw,1,1,4.238678
jargon,1,1,4.238678
insofar,1,1,4.238678
gizmodo,1,1,4.238678
ropek,1,1,4.238678
rothman,1,2,4.238678
flaw,1,2,4.238678
sciencedaili,1,2,4.238678
mahdawi,1,2,4.238678
morgenstern,1,2,4.238678
canari,1,1,4.238678
viola,1,1,4.238678
zierahn,1,3,4.238678
arntz,1,3,4.238678
igm,1,2,4.238678
colvin,1,2,4.238678
mcgaughey,1,3,4.238678
urbina,1,2,4.238678
arleen,1,1,4.238678
severin,1,1,4.238678
kacianka,1,1,4.238678
agnew,1,1,4.238678
hundt,1,1,4.238678
flaxman,1,2,4.238678
lipartito,1,2,4.238678
larson,1,2,4.238678
berdahl,1,2,4.238678
laps,1,1,4.238678
zack,1,1,4.238678
whittak,1,1,4.238678
subdu,1,1,4.238678
mozur,1,1,4.238678
buckley,1,1,4.238678
sainato,1,3,4.238678
robitzski,1,2,4.238678
czarnek,1,1,4.238678
haus,1,1,4.238678
hern,1,3,4.238678
suvorova,1,2,4.238678
samoilenko,1,2,4.238678
goffrey,1,3,4.238678
khoja,1,1,4.238678
jaehyuk,1,1,4.238678
rishub,1,1,4.238678
tamirisa,1,1,4.238678
xuwang,1,1,4.238678
mazeika,1,1,4.238678
cna,1,3,4.238678
damn,1,1,4.238678
sigal,1,1,4.238678
gombolay,1,1,4.238678
hiller,1,2,4.238678
guzzl,1,1,4.238678
perrigo,1,1,4.238678
chow,1,1,4.238678
bewar,1,1,4.238678
unreal,1,1,4.238678
vaniti,1,1,4.238678
kosoff,1,1,4.238678
pew,1,1,4.238678
perrin,1,1,4.238678
keeter,1,1,4.238678
raini,1,1,4.238678
pennycook,1,1,4.238678
costello,1,1,4.238678
berinski,1,1,4.238678
gabriela,1,1,4.238678
burgess,1,1,4.238678
carli,1,1,4.238678
halper,1,2,4.238678
vox,1,5,4.238678
calvert,1,1,4.238678
coren,1,1,4.238678
lerman,1,1,4.238678
abha,1,1,4.238678
bhattarai,1,1,4.238678
naureen,1,1,4.238678
shoko,1,1,4.238678
oda,1,1,4.238678
takashi,1,1,4.238678
mochizuki,1,1,4.238678
datacenterdynam,1,1,4.238678
niva,1,1,4.238678
valinski,1,2,4.238678
laskowski,1,2,4.238678
simonit,1,2,4.238678
meduza,1,1,4.238678
lichtenberg,1,1,4.238678
tide,1,1,4.238678
vigilant,1,1,4.238678
gorelick,1,1,4.238678
damiencharlotin,1,1,4.238678
kinated,1,1,4.238678
fung,1,1,4.238678
goma,1,1,4.238678
reisner,1,2,4.238678
anton,1,1,4.238678
shilov,1,1,4.238678
bypass,1,1,4.238678
ehab,1,1,4.238678
zalok,1,1,4.238678
duong,1,1,4.238678
nour,1,1,4.238678
elsagan,1,1,4.238678
chunyun,1,1,4.238678
noureddin,1,1,4.238678
nichou,1,1,4.238678
yoon,1,1,4.238678
spencer,1,1,4.238678
gwynn,1,1,4.238678
masoud,1,1,4.238678
adelzadeh,1,1,4.238678
islam,1,1,4.238678
gomaa,1,1,4.238678
kopel,1,1,4.238678
karolina,1,1,4.238678
sociu,1,1,4.238678
reddit,1,1,4.238678
reev,1,2,4.238678
gerbert,1,1,4.238678
kiron,1,1,4.238678
ransbotham,1,1,4.238678
wisniewski,1,1,4.238678
munmun,1,1,4.238678
choudhuri,1,1,4.238678
thamar,1,1,4.238678
solorio,1,1,4.238678
gianluca,1,1,4.238678
stringhini,1,1,4.238678
ashwaq,1,1,4.238678
alsoubai,1,1,4.238678
hannah,1,1,4.238678
bolthous,1,1,4.238678
hanson,1,1,4.238678
sext,1,1,4.238678
refus,1,1,4.238678
snapchat,1,1,4.238678
ruschel,1,1,4.238678
thrash,1,1,4.238678
graci,1,1,4.238678
seunghyun,1,1,4.238678
afsaneh,1,1,4.238678
vaishnavi,1,1,4.238678
nambiar,1,1,4.238678
suyesha,1,1,4.238678
trauma,1,1,4.238678
porn,1,1,4.238678
pym,1,1,4.238678
yunan,1,1,4.238678
jacquelyn,1,1,4.238678
ankrah,1,1,4.238678
mayara,1,1,4.238678
figueiredo,1,1,4.238678
techcrunch,1,3,4.238678
broaden,1,1,4.238678
lipman,1,1,4.238678
varmu,1,11,4.238678
biom,1,10,4.238678
entrez,1,1,4.238678
ncbi,1,8,4.238678
pmcid,1,6,4.238678
pubm,1,46,4.238678
erot,1,1,4.238678
scrambl,1,1,4.238678
kati,1,1,4.238678
jake,1,1,4.238678
coyl,1,1,4.238678
overlay,1,1,4.238678
lengthi,1,1,4.238678
enthusiasm,1,2,4.238678
lanx,1,1,4.238678
ginsparg,1,1,4.238678
parnassu,1,1,4.238678
bakeri,1,1,4.238678
tassajara,1,1,4.238678
caf,1,1,4.238678
tiffani,1,1,4.238678
marcantonio,1,1,4.238678
tinone,1,1,4.238678
davenport,1,2,4.238678
bean,1,1,4.238678
mogaji,1,1,4.238678
npj,1,1,4.238678
kvedar,1,1,4.238678
kaushik,1,1,4.238678
venkatesh,1,1,4.238678
marium,1,1,4.238678
arnoud,1,1,4.238678
holtzbrinck,1,1,4.238678
afternoon,1,1,4.238678
hurri,1,1,4.238678
stm,1,5,4.238678
wholli,1,1,4.238678
karyn,1,1,4.238678
wigger,1,2,4.238678
shahaf,1,2,4.238678
craze,1,1,4.238678
roos,1,1,4.238678
cheat,1,1,4.238678
davalo,1,1,4.238678
dina,1,1,4.238678
voluntarili,1,1,4.238678
unnam,1,1,4.238678
embargo,1,3,4.238678
vigor,1,1,4.238678
ingoldsbi,1,1,4.238678
iop,1,1,4.238678
aip,1,1,4.238678
kemp,1,1,4.238678
lindsey,1,1,4.238678
brynjolfsson,1,1,4.238678
coronaviru,1,3,4.238678
randomis,1,2,4.238678
antelman,1,2,4.238678
readership,1,3,4.238678
nihm,1,2,4.238678
unresolv,1,1,4.238678
xslt,1,1,4.238678
prohibit,1,1,4.238678
purport,1,1,4.238678
pubspac,1,1,4.238678
dtd,1,12,4.238678
wellcom,1,1,4.238678
ukpmc,1,1,4.238678
raza,1,1,4.238678
ynetglob,1,1,4.238678
lightrick,1,1,4.238678
erin,1,1,4.238678
pasick,1,1,4.238678
gero,1,1,4.238678
strobel,1,1,4.238678
leonardo,1,1,4.238678
banh,1,1,4.238678
zeitung,1,1,4.238678
rcher,1,1,4.238678
operieren,1,1,4.238678
sollen,1,1,4.238678
deshalb,1,1,4.238678
balisagevol,1,1,4.238678
haul,1,1,4.238678
scielo,1,1,4.238678
redalyc,1,1,4.238678
jat,1,1,4.238678
kirschner,1,1,4.238678
ashburn,1,1,4.238678
vitek,1,1,4.238678
myer,1,1,4.238678
kutz,1,1,4.238678
frighten,1,1,4.238678
reassur,1,1,4.238678
anlog,1,1,4.238678
weblik,1,1,4.238678
fortuna,1,1,4.238678
addendum,1,1,4.238678
orri,1,1,4.238678
sequeira,1,1,4.238678
maloney,1,1,4.238678
nate,1,2,4.238678
lanxon,1,1,4.238678
inera,1,1,4.238678
rsender,1,1,4.238678
empfindlich,1,1,4.238678
doch,1,1,4.238678
revolutioniert,1,1,4.238678
krieg,1,1,4.238678
drohnen,1,1,4.238678
werner,1,1,4.238678
sabbagh,1,1,4.238678
bethan,1,1,4.238678
alpsp,1,2,4.238678
signer,1,1,4.238678
wold,1,1,4.238678
roel,1,1,4.238678
nuss,1,1,4.238678
chaitan,1,1,4.238678
telehealth,1,1,4.238678
telemedicin,1,2,4.238678
publicaccess,1,2,4.238678
bmj,1,2,4.238678
connolli,1,1,4.238678
lewenstein,1,1,4.238678
crln,1,1,4.238678
stemper,1,1,4.238678
crl,1,1,4.238678
faseb,1,1,4.238678
physiologist,1,1,4.238678
applaud,1,1,4.238678
researchg,1,1,4.238678
ouerfelli,1,1,4.238678
kovo,1,1,4.238678
cendi,1,1,4.238678
lavend,1,1,4.238678
amjad,1,1,4.238678
iraqi,1,1,4.238678
vadym,1,1,4.238678
slyusar,1,1,4.238678
siobhan,1,1,4.238678
outrac,1,1,4.238678
telement,1,1,4.238678
teledermatolog,1,1,4.238678
teledentistri,1,1,4.238678
audiolog,1,1,4.238678
tele,1,2,4.238678
ehealth,1,1,4.238678
subspecialti,1,1,4.238678
mhealth,1,1,4.238678
absentia,1,1,4.238678
erratum,1,1,4.238678
postprint,1,1,4.238678
icanhazpdf,1,1,4.238678
cartel,1,1,4.238678
eigenfactor,1,1,4.238678
altmetr,1,1,4.238678
festschrift,1,1,4.238678
pamphlet,1,1,4.238678
telerehabilit,1,1,4.238678
teleradiolog,1,1,4.238678
telepsychiatri,1,1,4.238678
telepharmaci,1,1,4.238678
telepatholog,1,1,4.238678
teleophthalmolog,1,1,4.238678
telenurs,1,1,4.238678
gaza,1,2,4.238678
wurman,1,1,4.238678
fiendishli,1,1,4.238678
shogi,1,1,4.238678
aay,1,1,4.238678
multiplay,1,1,4.238678
superhuman,1,1,4.238678
sandholm,1,1,4.238678
byford,1,1,4.238678
markoff,1,1,4.238678
imprint,1,1,4.238678
openair,1,1,4.238678
romeo,1,1,4.238678
sherpa,1,1,4.238678
erih,1,1,4.238678
amin,1,1,4.238678
retract,1,1,4.238678
gibson,1,1,4.238678
mohana,1,1,4.238678
basu,1,1,4.238678
ryai,1,1,4.238678
radiolog,1,1,4.238678
chest,1,1,4.238678
nodul,1,1,4.238678
wouter,1,1,4.238678
lancour,1,1,4.238678
dekker,1,2,4.238678
galvin,1,2,4.238678
reel,1,2,4.238678
perish,1,1,4.238678
ingelfing,1,1,4.238678
kawamoto,1,1,4.238678
barrett,1,2,4.238678
heuvelman,1,1,4.238678
christiaan,1,1,4.238678
boerma,1,1,4.238678
tenda,1,1,4.238678
marjan,1,1,4.238678
jong,1,1,4.238678
elin,1,1,4.238678
steenhui,1,1,4.238678
dima,1,1,4.238678
oke,1,1,4.238678
asmara,1,1,4.238678
froehlich,1,1,4.238678
microcomput,1,1,4.238678
lardner,1,1,4.238678
bmc,1,1,4.238678
barnett,1,1,4.238678
aegean,1,1,4.238678
actinopterygii,1,1,4.238678
aberdeenshir,1,1,4.238678
aardwolf,1,1,4.238678
aardvark,1,1,4.238678
clockwork,1,1,4.238678
overwrit,1,1,4.238678
anomi,1,1,4.238678
rhaworth,1,1,4.238678
thumbnail,1,1,4.238678
csd,1,1,4.238678
compliant,1,1,4.238678
caption,1,1,4.238678
svg,1,9,4.238678
geffen,1,1,4.238678
marjolein,1,1,4.238678
tuoma,1,2,4.238678
knowl,1,1,4.238678
byron,1,2,4.238678
caughey,1,1,4.238678
ghetti,1,1,4.238678
pietro,1,1,4.238678
sormanni,1,1,4.238678
chia,1,1,4.238678
possenti,1,1,4.238678
roxin,1,1,4.238678
staat,1,1,4.238678
albania,1,1,4.238678
alain,1,1,4.238678
aikido,1,1,4.238678
afghanistan,1,1,4.238678
affidavit,1,1,4.238678
tarkovski,1,1,4.238678
agassi,1,1,4.238678
andorra,1,1,4.238678
anatolia,1,1,4.238678
anaconda,1,1,4.238678
amphibian,1,1,4.238678
amateur,1,1,4.238678
altaic,1,1,4.238678
dwan,1,1,4.238678
alismatal,1,1,4.238678
hitchcock,1,1,4.238678
alchemi,1,1,4.238678
sidney,1,1,4.238678
albedo,1,1,4.238678
potent,1,1,4.238678
vendruscolo,1,1,4.238678
aubert,1,1,4.238678
ankit,1,1,4.238678
faidon,1,1,4.238678
brotzaki,1,1,4.238678
parvez,1,1,4.238678
alam,1,1,4.238678
ewa,1,1,4.238678
andrzejewska,1,1,4.238678
pritzel,1,1,4.238678
jumper,1,1,4.238678
mim,1,1,4.238678
schopenhau,1,1,4.238678
aquariu,1,1,4.238678
apial,1,1,4.238678
ankara,1,1,4.238678
angola,1,2,4.238678
kobielu,1,2,4.238678
marmouyet,1,2,4.238678
meier,1,2,4.238678
postwar,1,5,4.238678
scanner,1,1,4.238678
bitumen,1,1,4.238678
azerbaijan,1,1,4.238678
austroasiat,1,1,4.238678
audi,1,1,4.238678
attila,1,1,4.238678
asteroid,1,2,4.238678
asteral,1,1,4.238678
asparagal,1,1,4.238678
aruba,1,1,4.238678
magdalena,1,1,4.238678
nowinska,1,1,4.238678
ciaramella,1,4,4.238678
middendorf,1,2,4.238678
merkl,1,2,4.238678
nagesh,1,1,4.238678
chauhan,1,1,4.238678
greedi,1,1,4.238678
nech,1,1,4.238678
vahcuengh,1,1,4.238678
gigant,1,1,4.238678
benioff,1,1,4.238678
taryn,1,1,4.238678
plumb,1,1,4.238678
wodecki,1,1,4.238678
resurg,1,1,4.238678
mojo,1,1,4.238678
thomason,1,1,4.238678
uvc,1,1,4.238678
cwpa,1,1,4.238678
neisa,1,1,4.238678
newmac,1,1,4.238678
midsiz,1,1,4.238678
chandrakasan,1,1,4.238678
anantha,1,1,4.238678
kornbluth,1,4,4.238678
uarc,1,1,4.238678
naicu,1,2,4.238678
ciresan,1,2,4.238678
stinchcomb,1,2,4.238678
hornik,1,2,4.238678
cybenko,1,2,4.238678
parameter,1,1,4.238678
intellisemant,1,2,4.238678
goertzel,1,3,4.238678
pennachin,1,3,4.238678
poria,1,2,4.238678
scassellati,1,2,4.238678
edelson,1,2,4.238678
thro,1,2,4.238678
ail,1,1,4.238678
challa,1,2,4.238678
bushwick,1,2,4.238678
cambria,1,3,4.238678
corridor,1,6,4.238678
ligo,1,6,4.238678
contractor,1,5,4.238678
beaver,1,3,4.238678
eawrc,1,1,4.238678
earc,1,1,4.238678
sanitari,1,2,4.238678
chronic,1,2,4.238678
dynamo,1,1,4.238678
morril,1,2,4.238678
mercantil,1,1,4.238678
inculc,1,1,4.238678
geologist,1,1,4.238678
governor,1,2,4.238678
albion,1,1,4.238678
conservatori,1,5,4.238678
abroad,1,2,4.238678
medalist,1,3,4.238678
prank,1,12,4.238678
haystack,1,1,4.238678
beal,1,2,4.238678
overspecialis,1,1,4.238678
wilk,1,1,4.238678
cohes,1,2,4.238678
replan,1,1,4.238678
sensorless,1,1,4.238678
qualif,1,1,4.238678
guha,1,2,4.238678
lenat,1,2,4.238678
circumscript,1,2,4.238678
fluent,1,1,4.238678
desper,1,1,4.238678
overcrowd,1,1,4.238678
cramp,1,1,4.238678
absorb,1,1,4.238678
eliot,1,3,4.238678
rebuf,1,1,4.238678
fledgl,1,1,4.238678
paid,1,1,4.238678
patronag,1,1,4.238678
deepen,1,1,4.238678
maclaurin,1,5,4.238678
ivi,1,4,4.238678
occas,1,1,4.238678
bucentaur,1,1,4.238678
barg,1,1,4.238678
ceremoni,1,2,4.238678
bosworth,1,9,4.238678
neoclass,1,2,4.238678
tract,1,1,4.238678
vehement,1,1,4.238678
allston,1,1,4.238678
dickson,1,2,4.238678
yorick,1,1,4.238678
torniai,1,2,4.238678
bimbo,1,2,4.238678
bertini,1,2,4.238678
mcgarri,1,2,4.238678
reichley,1,2,4.238678
kuperman,1,2,4.238678
smoliar,1,2,4.238678
tverski,1,2,4.238678
slovic,1,2,4.238678
wason,1,2,4.238678
kahneman,1,4,4.238678
chpt,1,52,4.238678
swope,1,1,4.238678
mandat,1,1,4.238678
elit,1,4,4.238678
salari,1,2,4.238678
mansfield,1,1,4.238678
newquist,1,8,4.238678
microelectron,1,1,4.238678
mccorduck,1,17,4.238678
sporad,1,1,4.238678
quiet,1,1,4.238678
ndrc,1,4,4.238678
roosevelt,1,2,4.238678
rad,1,7,4.238678
uneven,1,1,4.238678
philanthrop,1,1,4.238678
tripl,1,1,4.238678
reliev,1,1,4.238678
overhaul,1,2,4.238678
telephon,1,1,4.238678
jewett,1,1,4.238678
percent,1,17,4.238678
neglig,1,1,4.238678
quintupl,1,1,4.238678
spawn,1,1,4.238678
lunar,1,2,4.238678
missil,1,2,4.238678
ballist,1,2,4.238678
inerti,1,2,4.238678
gunsight,1,2,4.238678
draper,1,9,4.238678
continent,1,1,4.238678
interdepartment,1,2,4.238678
expend,1,1,4.238678
conceal,1,1,4.238678
microwav,1,3,4.238678
toew,1,2,4.238678
matteo,1,3,4.238678
nouvel,1,1,4.238678
bobrow,1,1,4.238678
smartish,1,1,4.238678
incept,1,1,4.238678
birthdat,1,1,4.238678
robopocalyps,1,1,4.238678
stoppag,1,1,4.238678
picket,1,1,4.238678
destabil,1,1,4.238678
warhead,1,1,4.238678
mirv,1,1,4.238678
poseidon,1,1,4.238678
unclassifi,1,1,4.238678
append,1,1,4.238678
coiner,1,1,4.238678
kerr,1,3,4.238678
macvicar,1,1,4.238678
urop,1,2,4.238678
wait,1,1,4.238678
derberg,1,1,4.238678
preoccup,1,1,4.238678
killian,1,17,4.238678
dwarf,1,1,4.238678
divestitur,1,2,4.238678
reaffirm,1,2,4.238678
pound,1,3,4.238678
planck,1,1,4.238678
corbett,1,1,4.238678
chouldechova,1,1,4.238678
mullainathan,1,1,4.238678
sendhil,1,1,4.238678
nakano,1,1,4.238678
kaoru,1,1,4.238678
lapa,1,1,4.238678
ivakhnenko,1,1,4.238678
alexey,1,2,4.238678
steinbuch,1,1,4.238678
acquist,1,1,4.238678
stubblefield,1,22,4.238678
luger,1,23,4.238678
wetwar,1,1,4.238678
contenti,1,1,4.238678
staf,1,1,4.238678
luria,1,1,4.238678
ame,1,1,4.238678
candi,1,1,4.238678
portfolio,1,2,4.238678
organoid,1,2,4.238678
amplif,1,1,4.238678
immort,1,1,4.238678
sheep,1,2,4.238678
machina,1,1,4.238678
whirlwind,1,1,4.238678
hockfield,1,4,4.238678
headquart,1,1,4.238678
novarti,1,1,4.238678
genzym,1,1,4.238678
biogen,1,1,4.238678
homegrown,1,1,4.238678
picow,1,2,4.238678
mcgovern,1,2,4.238678
lander,1,6,4.238678
sixteen,1,1,4.238678
outpost,1,1,4.238678
multivac,1,1,4.238678
asimov,1,4,4.238678
gort,1,1,4.238678
loyal,1,1,4.238678
blade,1,1,4.238678
spaceship,1,1,4.238678
kubrick,1,1,4.238678
wiesner,1,9,4.238678
negropont,1,1,4.238678
authent,1,1,4.238678
kerbero,1,1,4.238678
birthplac,1,1,4.238678
beneath,1,1,4.238678
scatter,1,1,4.238678
pseudorandom,1,1,4.238678
shelley,1,1,4.238678
trope,1,1,4.238678
storytel,1,1,4.238678
rossum,1,1,4.238678
apek,1,2,4.238678
karel,1,2,4.238678
dyson,1,3,4.238678
fredkin,1,2,4.238678
etting,1,1,4.238678
bomber,1,1,4.238678
fatal,1,1,4.238678
pariti,1,1,4.238678
antitrust,1,4,4.238678
schwarzman,1,4,4.238678
architect,1,5,4.238678
csail,1,3,4.238678
nanoscal,1,1,4.238678
offset,1,2,4.238678
solar,1,2,4.238678
cogener,1,2,4.238678
retool,1,1,4.238678
retrofit,1,1,4.238678
roof,1,1,4.238678
tunnel,1,5,4.238678
incub,1,1,4.238678
subway,1,2,4.238678
smoot,1,4,4.238678
basin,1,2,4.238678
stata,1,5,4.238678
dome,1,5,4.238678
manhunt,1,1,4.238678
frankenstein,1,1,4.238678
cyborg,1,2,4.238678
kurzweil,1,5,4.238678
cyberneticist,1,1,4.238678
ving,1,4,4.238678
vernor,1,3,4.238678
reprogram,1,1,4.238678
brightest,1,1,4.238678
carelessli,1,1,4.238678
propon,1,1,4.238678
atop,1,2,4.238678
metrolog,1,1,4.238678
damp,1,1,4.238678
nanoimag,1,1,4.238678
costliest,1,1,4.238678
glass,1,1,4.238678
cleanroom,1,1,4.238678
downplay,1,1,4.238678
discern,1,1,4.238678
sapienc,1,1,4.238678
sentient,1,2,4.238678
putnam,1,2,4.238678
hilari,1,2,4.238678
fodor,1,2,4.238678
colour,1,1,4.238678
limeston,1,1,4.238678
friez,1,2,4.238678
esqu,1,1,4.238678
pantheon,1,1,4.238678
alcat,1,1,4.238678
tow,1,1,4.238678
aerodynam,1,1,4.238678
slab,1,1,4.238678
fumihiko,1,1,4.238678
simmon,1,6,4.238678
holl,1,1,4.238678
landau,1,1,4.238678
kresg,1,3,4.238678
saarinen,1,2,4.238678
eero,1,2,4.238678
aalto,1,1,4.238678
modernist,1,1,4.238678
acclaim,1,1,4.238678
cheapli,1,1,4.238678
demolish,1,2,4.238678
lid,1,1,4.238678
engrav,1,2,4.238678
clad,1,2,4.238678
futurist,1,1,4.238678
krueger,1,1,4.238678
fsilg,1,4,4.238678
illus,1,1,4.238678
illusion,1,1,4.238678
dennett,1,4,4.238678
be,1,4,4.238678
rigour,1,1,4.238678
eleg,1,1,4.238678
inscrut,1,1,4.238678
thrive,1,2,4.238678
mentor,1,1,4.238678
ilg,1,1,4.238678
unsightli,1,2,4.238678
tini,1,2,4.238678
starchitectur,1,2,4.238678
maki,1,1,4.238678
vastli,1,1,4.238678
catapult,1,1,4.238678
ridicul,1,1,4.238678
instinct,1,3,4.238678
moravec,1,12,4.238678
gofai,1,1,4.238678
eclips,1,1,4.238678
unpreced,1,1,4.238678
pigeon,1,2,4.238678
lieu,1,1,4.238678
bexley,1,1,4.238678
dorm,1,4,4.238678
undergrad,1,4,4.238678
freshmen,1,5,4.238678
gamma,1,1,4.238678
pledg,1,1,4.238678
neurobiolog,1,1,4.238678
handwritten,1,1,4.238678
judea,1,1,4.238678
rodney,1,4,4.238678
disreput,1,1,4.238678
restor,1,2,4.238678
bose,1,5,4.238678
mitimco,1,2,4.238678
officio,1,2,4.238678
cambridgeport,1,2,4.238678
taxpay,1,2,4.238678
intensifi,1,1,4.238678
consciou,1,6,4.238678
pitchbook,1,2,4.238678
breakout,1,1,4.238678
fastest,1,1,4.238678
antiqu,1,2,4.238678
seoul,1,3,4.238678
mandatori,1,1,4.238678
terrascop,1,1,4.238678
concours,1,1,4.238678
unrecord,1,1,4.238678
gentli,1,1,4.238678
hose,1,3,4.238678
recit,1,1,4.238678
passageway,1,1,4.238678
swim,1,2,4.238678
classroom,1,1,4.238678
pronounc,1,1,4.238678
discredit,1,1,4.238678
lighthil,1,4,4.238678
astonish,1,2,4.238678
dsc,1,1,4.238678
emir,1,1,4.238678
mauritiu,1,1,4.238678
mba,1,1,4.238678
stipend,1,1,4.238678
ta,1,1,4.238678
assistantship,1,2,4.238678
qualifi,1,1,4.238678
maneuv,1,1,4.238678
unwritten,1,2,4.238678
gamesmanship,1,1,4.238678
attitud,1,2,4.238678
ipso,1,2,4.238678
signatori,1,1,4.238678
huttenloch,1,1,4.238678
kissing,1,3,4.238678
am,1,1,4.238678
liaison,1,3,4.238678
toolset,1,1,4.238678
asilomar,1,1,4.238678
wellb,1,2,4.238678
openli,1,1,4.238678
sincer,1,1,4.238678
digniti,1,1,4.238678
ventur,1,4,4.238678
grisswold,1,1,4.238678
merril,1,1,4.238678
investor,1,1,4.238678
doriot,1,3,4.238678
lesser,1,1,4.238678
oceanograph,1,2,4.238678
oceanographi,1,1,4.238678
mistral,1,4,4.238678
llama,1,3,4.238678
eleutherai,1,2,4.238678
provabl,1,2,4.238678
wallach,1,3,4.238678
wendel,1,2,4.238678
yudkowski,1,4,4.238678
eliez,1,2,4.238678
warrant,1,1,4.238678
ipsr,1,3,4.238678
photon,1,3,4.238678
photondelta,1,2,4.238678
microphoton,1,2,4.238678
misti,1,1,4.238678
milano,1,1,4.238678
politecnico,1,1,4.238678
subordin,1,1,4.238678
hype,1,1,4.238678
doomsday,1,1,4.238678
healthier,1,1,4.238678
sculptur,1,1,4.238678
renov,1,1,4.238678
disciplinari,1,1,4.238678
galleri,1,2,4.238678
microform,1,1,4.238678
rotch,1,1,4.238678
hayden,1,2,4.238678
barker,1,1,4.238678
wtmf,1,1,4.238678
bioterror,1,1,4.238678
drastic,1,1,4.238678
ineffect,1,1,4.238678
optimist,1,1,4.238678
extinct,1,3,4.238678
worst,1,1,4.238678
musk,1,4,4.238678
elon,1,4,4.238678
unconcern,1,1,4.238678
dirac,1,2,4.238678
ictp,1,1,4.238678
edgerton,1,5,4.238678
deshpand,1,1,4.238678
hallway,1,1,4.238678
nautic,1,1,4.238678
supercharg,1,1,4.238678
dystopian,1,1,4.238678
ing,1,1,4.238678
scoff,1,1,4.238678
ideolog,1,1,4.238678
civilis,1,1,4.238678
harari,1,5,4.238678
laser,1,2,4.238678
mri,1,1,4.238678
frog,1,2,4.238678
lettvin,1,1,4.238678
gehrig,1,1,4.238678
lou,1,1,4.238678
sclerosi,1,1,4.238678
amyotroph,1,1,4.238678
penicillin,1,1,4.238678
positronium,1,2,4.238678
immunolog,1,1,4.238678
subatom,1,1,4.238678
emphasis,1,1,4.238678
oncogen,1,1,4.238678
clariv,1,1,4.238678
guilti,1,2,4.238678
parij,1,2,4.238678
postol,1,2,4.238678
falsif,1,1,4.238678
embroil,1,1,4.238678
improprieti,1,1,4.238678
unconvent,1,1,4.238678
blueprint,1,1,4.238678
interferometr,1,1,4.238678
barish,1,1,4.238678
thorn,1,1,4.238678
kip,1,1,4.238678
sizeabl,1,1,4.238678
invad,1,1,4.238678
adleman,1,1,4.238678
shamir,1,1,4.238678
rivest,1,1,4.238678
leighton,1,1,4.238678
lewin,1,1,4.238678
akamai,1,2,4.238678
electroweak,1,2,4.238678
cosmet,1,1,4.238678
canning,1,1,4.238678
underwood,1,1,4.238678
lyman,1,1,4.238678
cate,1,2,4.238678
rsv,1,1,4.238678
mlv,1,1,4.238678
tumor,1,1,4.238678
rna,1,4,4.238678
maxima,1,1,4.238678
macsyma,1,3,4.238678
zirconium,1,1,4.238678
niobium,1,1,4.238678
aluminium,1,1,4.238678
chiang,1,3,4.238678
edelman,1,1,4.238678
viral,1,1,4.238678
karpinski,1,1,4.238678
bezanson,1,1,4.238678
emac,1,1,4.238678
jacobson,1,1,4.238678
ink,1,1,4.238678
pave,1,1,4.238678
rsa,1,2,4.238678
cryptosystem,1,2,4.238678
companionship,1,1,4.238678
loneli,1,1,4.238678
yuval,1,3,4.238678
fetch,1,1,4.238678
unplug,1,1,4.238678
paperclip,1,2,4.238678
malevol,1,1,4.238678
suddenli,1,1,4.238678
irrevers,1,1,4.238678
endang,1,1,4.238678
sketchpad,1,2,4.238678
perdix,1,2,4.238678
ocw,1,1,4.238678
binger,1,2,4.238678
timm,1,1,4.238678
bingen,1,1,4.238678
buzzfe,1,1,4.238678
raibert,1,1,4.238678
paraleg,1,1,4.238678
collar,1,4,4.238678
golub,1,1,4.238678
blackrock,1,1,4.238678
lorber,1,1,4.238678
linux,1,3,4.238678
frankston,1,1,4.238678
bricklin,1,1,4.238678
visicorp,1,1,4.238678
visicalc,1,1,4.238678
cad,1,1,4.238678
hci,1,1,4.238678
ivan,1,2,4.238678
outcast,1,2,4.238678
vmware,1,1,4.238678
tsmc,1,2,4.238678
cecil,1,1,4.238678
collison,1,1,4.238678
stripe,1,1,4.238678
viterbi,1,1,4.238678
irwin,1,1,4.238678
qualcomm,1,2,4.238678
koch,1,5,4.238678
salman,1,2,4.238678
noyc,1,2,4.238678
huffpost,1,1,4.238678
ferdowsi,1,1,4.238678
dropbox,1,2,4.238678
peretti,1,2,4.238678
jonah,1,2,4.238678
flank,1,1,4.238678
evidenti,1,1,4.238678
criticis,1,1,4.238678
frey,1,3,4.238678
disagr,1,2,4.238678
unchart,1,1,4.238678
toxic,1,1,4.238678
foreseen,1,1,4.238678
brass,1,3,4.238678
rushdi,1,2,4.238678
churchil,1,1,4.238678
professorship,1,1,4.238678
profici,1,1,4.238678
meritocraci,1,2,4.238678
rotc,1,1,4.238678
ring,1,7,4.238678
destruct,1,2,4.238678
inexpens,1,1,4.238678
rogu,1,1,4.238678
terrorist,1,1,4.238678
anthrop,1,5,4.238678
deconvolut,1,1,4.238678
multitask,1,1,4.238678
fondl,1,1,4.238678
tomfooleri,1,1,4.238678
finest,1,1,4.238678
paradis,1,1,4.238678
jocularli,1,1,4.238678
fuck,1,1,4.238678
hate,1,1,4.238678
ihtfp,1,2,4.238678
bezel,1,1,4.238678
charm,1,2,4.238678
maslab,1,1,4.238678
robocraft,1,1,4.238678
iap,1,1,4.238678
recur,1,1,4.238678
vibrant,1,1,4.238678
hotter,1,1,4.238678
mug,1,2,4.238678
destin,1,1,4.238678
baxter,1,1,4.238678
tardi,1,2,4.238678
retali,1,1,4.238678
banner,1,1,4.238678
exterior,1,1,4.238678
spywar,1,1,4.238678
battlefield,1,1,4.238678
operationalis,1,1,4.238678
invis,1,1,4.238678
visualis,1,1,4.238678
shap,1,2,4.238678
unsolv,1,1,4.238678
pneumonia,1,2,4.238678
asthma,1,4,4.238678
malign,1,3,4.238678
ruler,1,2,4.238678
skin,1,1,4.238678
zesig,1,2,4.238678
lnir,1,1,4.238678
adorn,1,1,4.238678
joke,1,1,4.238678
rooftop,1,1,4.238678
externship,1,3,4.238678
offenc,1,1,4.238678
offend,1,2,4.238678
overestim,1,1,4.238678
overrul,1,1,4.238678
wealthiest,1,1,4.238678
wealthi,1,1,4.238678
deme,1,2,4.238678
cheek,1,1,4.238678
tongu,1,1,4.238678
flown,1,1,4.238678
macarthur,1,2,4.238678
championship,1,2,4.238678
intercollegi,1,1,4.238678
patriot,1,1,4.238678
rework,1,1,4.238678
ethicist,1,1,4.238678
geophysicist,1,1,4.238678
eisenhow,1,4,4.238678
olin,1,4,4.238678
hale,1,2,4.238678
elleri,1,2,4.238678
extraordinari,1,1,4.238678
guggenheim,1,1,4.238678
thirteen,1,1,4.238678
solow,1,1,4.238678
modigliani,1,1,4.238678
emer,1,1,4.238678
outnumb,1,1,4.238678
mccormick,1,2,4.238678
swallow,1,2,4.238678
latino,1,2,4.238678
hardt,1,2,4.238678
bernank,1,3,4.238678
complain,1,1,4.238678
calibr,1,1,4.238678
angwin,1,3,4.238678
recidivist,1,1,4.238678
compa,1,5,4.238678
alcin,1,1,4.238678
jacki,1,3,4.238678
serious,1,2,4.238678
discriminatori,1,1,4.238678
decept,1,5,4.238678
brigg,1,2,4.238678
mcnutt,1,1,4.238678
widnal,1,4,4.238678
moniz,1,2,4.238678
biden,1,2,4.238678
personhood,1,4,4.238678
elector,1,2,4.238678
authoritarian,1,4,4.238678
indistinguish,1,1,4.238678
partisan,1,1,4.238678
buzz,1,2,4.238678
spaceflight,1,1,4.238678
gdp,1,1,4.238678
workforc,1,2,4.238678
soup,1,1,4.238678
genentech,1,1,4.238678
apotex,1,1,4.238678
mcdonnel,1,1,4.238678
padilla,1,1,4.238678
massi,1,1,4.238678
olver,1,1,4.238678
scd,1,1,4.238678
eileen,1,2,4.238678
dresselhau,1,1,4.238678
mildr,1,1,4.238678
duflo,1,3,4.238678
esther,1,3,4.238678
cass,1,1,4.238678
krugman,1,2,4.238678
columnist,1,1,4.238678
itn,1,1,4.238678
scholz,1,1,4.238678
sculptor,1,1,4.238678
loft,1,1,4.238678
avik,1,2,4.238678
aldrin,1,2,4.238678
credenti,1,2,4.238678
netanyahu,1,1,4.238678
mcnair,1,1,4.238678
conspiraci,1,2,4.238678
footprint,1,1,4.238678
bioenergi,1,1,4.238678
forbad,1,1,4.238678
uruguay,1,1,4.238678
deficit,1,1,4.238678
datar,1,1,4.238678
saharan,1,1,4.238678
kahl,1,1,4.238678
brewster,1,1,4.238678
draghi,1,1,4.238678
feynman,1,2,4.238678
annan,1,1,4.238678
kofi,1,1,4.238678
taoyuan,1,1,4.238678
wast,1,1,4.238678
rebound,1,1,4.238678
tonn,1,1,4.238678
emiss,1,6,4.238678
greenhous,1,1,4.238678
susquehanna,1,1,4.238678
fano,1,1,4.238678
outgrowth,1,1,4.238678
servomechan,1,1,4.238678
gyroscop,1,1,4.238678
coop,1,1,4.238678
edyth,1,1,4.238678
woodward,1,2,4.238678
amd,1,1,4.238678
barch,1,1,4.238678
inflat,1,1,4.238678
meltdown,1,1,4.238678
reopen,1,5,4.238678
surmount,1,1,4.238678
vinci,1,1,4.238678
faraday,1,1,4.238678
lavoisi,1,2,4.238678
pasteur,1,1,4.238678
marbl,1,1,4.238678
charit,1,1,4.238678
metallurgi,1,1,4.238678
diversifi,1,2,4.238678
dod,1,2,4.238678
talen,1,1,4.238678
ferc,1,1,4.238678
ubitu,1,1,4.238678
rhyne,1,2,4.238678
presag,1,1,4.238678
goldman,1,5,4.238678
truman,1,2,4.238678
xviii,1,2,4.238678
hst,1,2,4.238678
treasur,1,2,4.238678
hoff,1,1,4.238678
mendelejeff,1,1,4.238678
bunsen,1,1,4.238678
liebig,1,1,4.238678
woehler,1,1,4.238678
berzeliu,1,1,4.238678
lussac,1,1,4.238678
priestley,1,1,4.238678
palisad,1,1,4.238678
angulo,1,3,4.238678
coal,1,3,4.238678
fossil,1,1,4.238678
iea,1,4,4.238678
mckinsey,1,4,4.238678
fuell,1,1,4.238678
archivespac,1,1,4.238678
archivesspac,1,1,4.238678
kneeland,1,1,4.238678
timbeav,1,1,4.238678
stever,1,1,4.238678
guyford,1,1,4.238678
rabi,1,1,4.238678
dubridg,1,1,4.238678
lyndon,1,1,4.238678
dwight,1,1,4.238678
franzen,1,4,4.238678
grisham,1,2,4.238678
txt,1,3,4.238678
disagre,1,4,4.238678
unlicens,1,1,4.238678
souvenir,1,1,4.238678
budari,1,1,4.238678
holt,1,1,4.238678
munro,1,1,4.238678
dunbar,1,1,4.238678
mannix,1,3,4.238678
stratton,1,8,4.238678
visionari,1,1,4.238678
rosko,1,1,4.238678
nora,1,1,4.238678
geiger,1,13,4.238678
evil,1,1,4.238678
transcrib,1,1,4.238678
geoloc,1,1,4.238678
citerefkillian,1,4,4.238678
bridger,1,3,4.238678
citerefnelkin,1,3,4.238678
nelkin,1,4,4.238678
canizar,1,1,4.238678
lindgren,1,3,4.238678
burchard,1,3,4.238678
lesli,1,13,4.238678
kevl,1,5,4.238678
cuyer,1,21,4.238678
webmuseum,1,1,4.238678
wgbh,1,1,4.238678
middlesex,1,3,4.238678
serg,1,1,4.238678
kovaleski,1,1,4.238678
wendi,1,1,4.238678
ruderman,1,1,4.238678
epilogu,1,1,4.238678
zernik,1,4,4.238678
carlton,1,2,4.238678
keyser,1,2,4.238678
gershgorn,1,1,4.238678
eva,1,1,4.238678
ch,1,1,4.238678
mitei,1,1,4.238678
buderi,1,5,4.238678
citereflewi,1,3,4.238678
dwork,1,1,4.238678
uneth,1,1,4.238678
harl,1,1,4.238678
carrington,1,1,4.238678
exacerb,1,1,4.238678
unauthoris,1,1,4.238678
unexplain,1,1,4.238678
aviv,1,1,4.238678
tel,1,1,4.238678
charlotin,1,2,4.238678
damien,1,2,4.238678
globe,1,19,4.238678
trek,1,1,4.238678
skirt,1,1,4.238678
subterranean,1,1,4.238678
yardstick,1,1,4.238678
fahrenthold,1,1,4.238678
bidgood,1,1,4.238678
voter,1,2,4.238678
alli,1,1,4.238678
authoris,1,1,4.238678
groom,1,1,4.238678
violenc,1,2,4.238678
replika,1,2,4.238678
teledildon,1,1,4.238678
jarzombek,1,2,4.238678
trafton,1,1,4.238678
boldli,1,2,4.238678
dillon,1,1,4.238678
superson,1,1,4.238678
ultrasmal,1,1,4.238678
mitnano,1,1,4.238678
nuke,1,1,4.238678
talusan,1,1,4.238678
thoughtco,1,1,4.238678
butcher,1,1,4.238678
gell,1,1,4.238678
bra,1,1,4.238678
bradt,1,1,4.238678
bylaw,1,1,4.238678
sudhanshu,1,1,4.238678
hayley,1,1,4.238678
glatter,1,1,4.238678
jenna,1,1,4.238678
curs,1,1,4.238678
hubri,1,1,4.238678
unto,1,1,4.238678
flagpol,1,1,4.238678
rectangl,1,1,4.238678
xlii,1,1,4.238678
openclaw,1,1,4.238678
ltx,1,1,4.238678
kimi,1,2,4.238678
doubao,1,2,4.238678
deepseek,1,3,4.238678
genai,1,1,4.238678
corbal,1,1,4.238678
sergiovanni,1,1,4.238678
firehos,1,2,4.238678
quicken,1,1,4.238678
juliu,1,4,4.238678
wettest,1,1,4.238678
morel,1,1,4.238678
petri,1,1,4.238678
vivian,1,2,4.238678
hir,1,2,4.238678
whoi,1,1,4.238678
citerefbenson,1,1,4.238678
palmer,1,1,4.238678
maeroff,1,1,4.238678
mechatron,1,1,4.238678
graciou,1,1,4.238678
guru,1,2,4.238678
bryan,1,1,4.238678
marquard,1,1,4.238678
freshman,1,2,4.238678
keuss,1,1,4.238678
mattuck,1,1,4.238678
spoke,1,1,4.238678
fertil,1,2,4.238678
menstruat,1,1,4.238678
crewai,1,2,4.238678
roi,1,1,4.238678
shass,1,2,4.238678
syria,1,1,4.238678
iraq,1,1,4.238678
deconflict,1,1,4.238678
effector,1,2,4.238678
semiautonom,1,1,4.238678
automatis,1,1,4.238678
scimagoir,1,1,4.238678
coughlan,1,1,4.238678
parchment,1,2,4.238678
qj,1,1,4.238678
qje,1,2,4.238678
metrick,1,1,4.238678
hoxbi,1,1,4.238678
glickman,1,1,4.238678
photonicsmanufactur,1,1,4.238678
rocca,1,1,4.238678
roberto,1,1,4.238678
amsi,1,1,4.238678
unparallel,1,1,4.238678
lobbyist,1,1,4.238678
kolata,1,1,4.238678
corp,1,1,4.238678
jane,1,1,4.238678
underserv,1,1,4.238678
handpick,1,1,4.238678
googleplex,1,1,4.238678
ponderosa,1,1,4.238678
amiti,1,1,4.238678
shlae,1,1,4.238678
technologist,1,2,4.238678
firzli,1,2,4.238678
olympiad,1,3,4.238678
funsearch,1,1,4.238678
alphaevolv,1,3,4.238678
alphaproof,1,1,4.238678
alphageometri,1,1,4.238678
alphatensor,1,1,4.238678
rstar,1,2,4.238678
qwen,1,6,4.238678
alibaba,1,3,4.238678
guttag,1,1,4.238678
murki,1,1,4.238678
strobe,1,1,4.238678
tlo,1,1,4.238678
ncsesdata,1,1,4.238678
geraci,1,1,4.238678
herper,1,1,4.238678
jaggi,1,1,4.238678
margalit,1,1,4.238678
hardesti,1,1,4.238678
plywood,1,1,4.238678
rite,1,1,4.238678
hilt,1,1,4.238678
first,1,1,4.238678
sheehan,1,1,4.238678
dewar,1,1,4.238678
zodi,1,1,4.238678
nusbaum,1,1,4.238678
birren,1,1,4.238678
linton,1,1,4.238678
rudolph,1,1,4.238678
lampson,1,1,4.238678
polymeras,1,1,4.238678
carcinoma,1,1,4.238678
bladder,1,1,4.238678
newswir,1,1,4.238678
penal,1,1,4.238678
eugeni,1,1,4.238678
brendan,1,1,4.238678
godfrey,1,1,4.238678
angelin,1,1,4.238678
caught,1,1,4.238678
boffey,1,1,4.238678
saltu,1,1,4.238678
matchan,1,1,4.238678
guernsey,1,1,4.238678
belt,1,1,4.238678
tighten,1,1,4.238678
aiaa,1,1,4.238678
eldon,1,1,4.238678
sunil,1,1,4.238678
casino,1,1,4.238678
untold,1,1,4.238678
poundston,1,1,4.238678
cock,1,1,4.238678
physrevlett,1,2,4.238678
phrvl,1,1,4.238678
lett,1,1,4.238678
lepton,1,1,4.238678
nutrit,1,1,4.238678
trumbal,1,1,4.238678
goldblith,1,1,4.238678
tumour,1,1,4.238678
virion,1,1,4.238678
olivin,1,1,4.238678
phospho,1,1,4.238678
alphadev,1,1,4.238678
sima,1,1,4.238678
turismo,1,3,4.238678
starcraft,1,2,4.238678
alphastar,1,1,4.238678
atari,1,2,4.238678
generalist,1,1,4.238678
pluribu,1,1,4.238678
poker,1,2,4.238678
imperfect,1,1,4.238678
bloke,1,1,4.238678
klok,1,1,4.238678
yoni,1,1,4.238678
nazarathi,1,1,4.238678
acsaem,1,1,4.238678
acsa,1,1,4.238678
xrf,1,1,4.238678
discharg,1,1,4.238678
lifepo,1,1,4.238678
dorth,1,1,4.238678
ravnsb,1,1,4.238678
garrevoet,1,1,4.238678
lund,1,1,4.238678
kaar,1,1,4.238678
rasmussen,1,1,4.238678
henriksen,1,1,4.238678
ulrik,1,1,4.238678
boesenberg,1,1,4.238678
nmat,1,1,4.238678
natma,1,1,4.238678
grad,1,2,4.238678
sedol,1,1,4.238678
jen,1,1,4.238678
rutter,1,1,4.238678
quiz,1,1,4.238678
kasparov,1,2,4.238678
garri,1,1,4.238678
advers,1,1,4.238678
steinfeld,1,1,4.238678
jacko,1,1,4.238678
bonvillian,1,1,4.238678
oli,1,1,4.238678
jsc,1,1,4.238678
mileston,1,1,4.238678
mose,1,2,4.238678
nanofib,1,2,4.238678
unreli,1,3,4.238678
dubiou,1,2,4.238678
lung,1,2,4.238678
synuclein,1,2,4.238678
clump,1,1,4.238678
bacteria,1,2,4.238678
antibiot,1,2,4.238678
offbeat,1,1,4.238678
roadsid,1,1,4.238678
quirki,1,1,4.238678
gellerman,1,1,4.238678
stun,1,1,4.238678
foofi,1,1,4.238678
spuriou,1,1,4.238678
almsgiv,1,1,4.238678
marile,1,1,4.238678
marzen,1,1,4.238678
facenet,1,1,4.238678
deepfac,1,1,4.238678
faceid,1,1,4.238678
alexa,1,2,4.238678
siri,1,1,4.238678
prefrosh,1,1,4.238678
cpw,1,1,4.238678
hanhan,1,1,4.238678
techer,1,1,4.238678
trench,1,1,4.238678
seigel,1,1,4.238678
bauer,1,1,4.238678
pourian,1,1,4.238678
pequot,1,1,4.238678
stroke,1,1,4.238678
halo,1,1,4.238678
adsens,1,2,4.238678
jensen,1,2,4.238678
raspberri,1,1,4.238678
copilot,1,5,4.238678
marcella,1,1,4.238678
bombadieri,1,1,4.238678
agnieska,1,1,4.238678
biskup,1,1,4.238678
nightwork,1,2,4.238678
kirkpatrick,1,2,4.238678
geek,1,1,4.238678
scaveng,1,1,4.238678
nerd,1,1,4.238678
dowl,1,1,4.238678
liz,1,1,4.238678
sharpli,1,1,4.238678
anemona,1,1,4.238678
hartocolli,1,1,4.238678
qjae,1,1,4.238678
hike,1,1,4.238678
bolotin,1,1,4.238678
wbur,1,1,4.238678
vallillo,1,1,4.238678
alum,1,1,4.238678
soriero,1,1,4.238678
schmill,1,1,4.238678
assn,1,1,4.238678
natl,1,1,4.238678
asst,1,1,4.238678
krtnick,1,1,4.238678
kathryn,1,1,4.238678
shini,1,1,4.238678
erupt,1,2,4.238678
harmless,1,1,4.238678
repeatedli,1,1,4.238678
subword,1,1,4.238678
profoundli,1,1,4.238678
vanish,1,2,4.238678
longterm,1,2,4.238678
fresh,1,1,4.238678
reportedli,1,3,4.238678
starter,1,1,4.238678
simha,1,2,4.238678
bowden,1,1,4.238678
lorin,1,1,4.238678
francesca,1,1,4.238678
maglion,1,1,4.238678
clausal,1,1,4.238678
backward,1,2,4.238678
axiom,1,2,4.238678
leaf,1,1,4.238678
silvey,1,1,4.238678
maverick,1,1,4.238678
pilkington,1,1,4.238678
chickowski,1,1,4.238678
ericka,1,1,4.238678
mongo,1,1,4.238678
glassdoor,1,5,4.238678
dusp,1,1,4.238678
deputi,1,1,4.238678
rebuk,1,1,4.238678
uneasi,1,1,4.238678
neighbour,1,4,4.238678
countermov,1,1,4.238678
prioritis,1,1,4.238678
thumb,1,1,4.238678
subgoal,1,1,4.238678
rpi,1,1,4.238678
clintonwhitehous,1,1,4.238678
catalyst,1,1,4.238678
angier,1,1,4.238678
whitehous,1,1,4.238678
jeanna,1,1,4.238678
smialek,1,1,4.238678
nobelpr,1,1,4.238678
riksbank,1,1,4.238678
woolworth,1,1,4.238678
mifflin,1,1,4.238678
houghton,1,1,4.238678
loofbourow,1,1,4.238678
soderberg,1,1,4.238678
robnett,1,1,4.238678
hapgood,1,1,4.238678
entrepreneuri,1,1,4.238678
etzkowitz,1,1,4.238678
refrain,1,1,4.238678
hhbpp,1,4,4.238678
ctt,1,4,4.238678
kwoka,1,1,4.238678
gustavo,1,1,4.238678
abelmann,1,1,4.238678
smithsonian,1,1,4.238678
lila,1,1,4.238678
thulin,1,1,4.238678
fittest,1,1,4.238678
gre,1,1,4.238678
scholast,1,1,4.238678
videotap,1,1,4.238678
unrealist,1,1,4.238678
humor,1,1,4.238678
banter,1,1,4.238678
kismet,1,2,4.238678
lidar,1,1,4.238678
nilo,1,1,4.238678
endless,1,1,4.238678
rake,1,1,4.238678
shrock,1,1,4.238678
servo,1,1,4.238678
colm,1,1,4.238678
renehan,1,1,4.238678
bazaar,1,1,4.238678
thorough,1,1,4.238678
reassess,1,1,4.238678
guess,1,4,4.238678
determinist,1,2,4.238678
pritchett,1,1,4.238678
runkl,1,1,4.238678
dinghi,1,1,4.238678
scratch,1,1,4.238678
mitx,1,1,4.238678
lemelson,1,1,4.238678
pal,1,1,4.238678
senseabl,1,1,4.238678
plasma,1,1,4.238678
electromagnet,1,1,4.238678
swain,1,1,4.238678
scribner,1,1,4.238678
subproblem,1,2,4.238678
unintend,1,2,4.238678
chess,1,8,4.238678
psd,1,1,4.238678
strawberri,1,1,4.238678
highland,1,1,4.238678
agassiz,1,1,4.238678
harrington,1,1,4.238678
lechmer,1,2,4.238678
inman,1,1,4.238678
reif,1,1,4.238678
elihu,1,2,4.238678
cockburn,1,1,4.238678
noy,1,1,4.238678
enorm,1,2,4.238678
commonsens,1,5,4.238678
lojban,1,1,4.238678
patoi,1,1,4.238678
tahiti,1,1,4.238678
reo,1,1,4.238678
leboa,1,1,4.238678
sesotho,1,1,4.238678
alewif,1,1,4.238678
mbta,1,2,4.238678
tallest,1,1,4.238678
lesley,1,4,4.238678
choir,1,1,4.238678
buckingham,1,1,4.238678
rindg,1,1,4.238678
montessori,1,1,4.238678
tobin,1,1,4.238678
amigo,1,1,4.238678
computation,1,4,4.238678
sentienc,1,5,4.238678
scruffi,1,8,4.238678
neat,1,7,4.238678
weaponis,1,2,4.238678
furlan,1,1,4.238678
ngb,1,1,4.238678
kadazandusun,1,1,4.238678
bsczi,1,1,4.238678
kasz,1,1,4.238678
fiji,1,1,4.238678
konknni,1,1,4.238678
ychi,1,1,4.238678
gwiyannen,1,1,4.238678
kriy,1,1,4.238678
taqbaylit,1,1,4.238678
mackay,1,1,4.238678
stork,1,1,4.238678
scarc,1,1,4.238678
jorg,1,1,4.238678
cabral,1,1,4.238678
ole,1,1,4.238678
umbc,1,1,4.238678
lsu,1,2,4.238678
lafayett,1,1,4.238678
fiu,1,1,4.238678
ucf,1,1,4.238678
uahuntsvil,1,1,4.238678
uab,1,1,4.238678
mloss,1,1,4.238678
explanatori,1,3,4.238678
transhuman,1,6,4.238678
hult,1,1,4.238678
hellen,1,1,4.238678
seminari,1,2,4.238678
conwel,1,1,4.238678
endicott,1,3,4.238678
emerson,1,3,4.238678
curri,1,3,4.238678
bunker,1,2,4.238678
psychoanalysi,1,1,4.238678
berkle,1,3,4.238678
bentley,1,2,4.238678
babson,1,3,4.238678
idaho,1,1,4.238678
vcu,1,1,4.238678
regina,1,3,4.238678
mississippi,1,1,4.238678
messina,1,1,4.238678
manor,1,1,4.238678
newburi,1,2,4.238678
sacr,1,1,4.238678
alvernia,1,1,4.238678
burdett,1,1,4.238678
wentworth,1,2,4.238678
roxburi,1,1,4.238678
regi,1,2,4.238678
optometri,1,1,4.238678
mgh,1,2,4.238678
andov,1,2,4.238678
pharmaci,1,1,4.238678
bard,1,1,4.238678
longi,1,2,4.238678
lasel,1,2,4.238678
nyuad,1,1,4.238678
branco,1,1,4.238678
dsl,1,1,4.238678
eager,1,1,4.238678
icec,1,2,4.238678
vall,1,1,4.238678
hussein,1,1,4.238678
chibl,1,1,4.238678
moustafa,1,1,4.238678
saleh,1,1,4.238678
mohamad,1,1,4.238678
lse,1,1,4.238678
epfl,1,1,4.238678
laidlaw,1,1,4.238678
wheelock,1,1,4.238678
smfa,1,1,4.238678
mudd,1,1,4.238678
harrisburg,1,1,4.238678
dunwoodi,1,1,4.238678
clarkson,1,1,4.238678
wsu,1,1,4.238678
wvu,1,1,4.238678
washburn,1,1,4.238678
stout,1,1,4.238678
osuit,1,1,4.238678
njit,1,1,4.238678
montana,1,1,4.238678
salina,1,1,4.238678
obispo,1,1,4.238678
lui,1,1,4.238678
humboldt,1,1,4.238678
asu,1,1,4.238678
ajay,1,1,4.238678
janapa,1,1,4.238678
vijay,1,1,4.238678
warden,1,1,4.238678
suyog,1,1,4.238678
leila,1,1,4.238678
delshadtehrani,1,1,4.238678
azad,1,1,4.238678
elm,1,1,4.238678
aicum,1,1,4.238678
uat,1,1,4.238678
digipen,1,1,4.238678
wpi,1,3,4.238678
hulman,1,1,4.238678
nyit,1,1,4.238678
msoe,1,1,4.238678
paltz,1,1,4.238678
cadet,1,1,4.238678
norwich,1,1,4.238678
seahawk,1,2,4.238678
salv,1,2,4.238678
wheaton,1,2,4.238678
stonehil,1,1,4.238678
springfield,1,2,4.238678
neco,1,1,4.238678
holyok,1,2,4.238678
montserrat,1,1,4.238678
mcph,1,1,4.238678
alameh,1,1,4.238678
osta,1,1,4.238678
risc,1,1,4.238678
lite,1,1,4.238678
giusepp,1,1,4.238678
guglielmo,1,1,4.238678
kuan,1,1,4.238678
chiu,1,1,4.238678
giri,1,1,4.238678
jiot,1,1,4.238678
iitj,1,1,4.238678
ultralow,1,1,4.238678
huski,1,1,4.238678
midshipmen,1,1,4.238678
crusad,1,1,4.238678
hoya,1,1,4.238678
tournament,1,1,4.238678
buccan,1,2,4.238678
volleybal,1,1,4.238678
brewer,1,1,4.238678
beacon,1,1,4.238678
framingham,1,1,4.238678
fitchburg,1,1,4.238678
warrior,1,1,4.238678
nefc,1,1,4.238678
easter,1,1,4.238678
husson,1,1,4.238678
gull,1,1,4.238678
colonel,1,1,4.238678
ccc,1,2,4.238678
bulldog,1,1,4.238678
badger,1,1,4.238678
quaker,1,1,4.238678
sahaya,1,1,4.238678
carloni,1,1,4.238678
mantovani,1,1,4.238678
speedup,1,1,4.238678
fdb,1,1,4.238678
craddock,1,1,4.238678
piechocki,1,1,4.238678
pope,1,1,4.238678
ati,1,1,4.238678
lancer,1,1,4.238678
worcest,1,1,4.238678
owl,1,1,4.238678
westfield,1,1,4.238678
panther,1,1,4.238678
charger,1,1,4.238678
haven,1,1,4.238678
pilgrim,1,1,4.238678
nec,1,1,4.238678
corsair,1,1,4.238678
jiaotong,1,1,4.238678
petrochem,1,1,4.238678
curtin,1,1,4.238678
esprit,1,1,4.238678
cdio,1,1,4.238678
cassin,1,1,4.238678
symphoni,1,1,4.238678
rever,1,1,4.238678
holocaust,1,1,4.238678
gardner,1,1,4.238678
fenway,1,1,4.238678
faneuil,1,1,4.238678
calero,1,1,4.238678
alcaraz,1,1,4.238678
alselek,1,1,4.238678
syncedreview,1,1,4.238678
turku,1,2,4.238678
joki,1,1,4.238678
savonia,1,1,4.238678
novia,1,1,4.238678
metropolia,1,1,4.238678
lapland,1,1,4.238678
lahti,1,1,4.238678
minh,1,1,4.238678
sultan,1,1,4.238678
ungku,1,1,4.238678
mara,1,1,4.238678
neusoft,1,1,4.238678
dalian,1,1,4.238678
yanshan,1,1,4.238678
shantou,1,1,4.238678
chengdu,1,1,4.238678
lule,1,1,4.238678
kth,1,1,4.238678
kristianstad,1,1,4.238678
ping,1,2,4.238678
bleking,1,1,4.238678
ural,1,1,4.238678
radioelectron,1,1,4.238678
tomsk,1,2,4.238678
skolkovo,1,1,4.238678
siberian,1,1,4.238678
petersburg,1,1,4.238678
orel,1,1,4.238678
mephi,1,1,4.238678
kazan,1,1,4.238678
cherepovet,1,1,4.238678
astrakhan,1,1,4.238678
atlantiqu,1,1,4.238678
imt,1,1,4.238678
cesi,1,1,4.238678
aarhu,1,1,4.238678
aalborg,1,1,4.238678
gent,1,1,4.238678
ulster,1,1,4.238678
strathclyd,1,1,4.238678
belfast,1,1,4.238678
trent,1,1,4.238678
leicest,1,1,4.238678
hertfordshir,1,1,4.238678
chichest,1,1,4.238678
aston,1,1,4.238678
ume,1,1,4.238678
vde,1,1,4.238678
aachen,1,1,4.238678
elst,1,1,4.238678
letizia,1,1,4.238678
marchegiani,1,1,4.238678
xenofon,1,1,4.238678
fafouti,1,1,4.238678
spaghetti,1,1,4.238678
ntt,1,1,4.238678
sarazen,1,1,4.238678
hecat,1,1,4.238678
datacent,1,1,4.238678
rwth,1,1,4.238678
wismar,1,1,4.238678
hochschul,1,1,4.238678
jena,1,1,4.238678
eah,1,1,4.238678
borcher,1,1,4.238678
nan,1,1,4.238678
suresh,1,1,4.238678
ramind,1,1,4.238678
bajwa,1,1,4.238678
embri,1,1,4.238678
sheridan,1,1,4.238678
montr,1,1,4.238678
porto,1,1,4.238678
gda,1,1,4.238678
stfold,1,1,4.238678
twent,1,1,4.238678
delft,1,1,4.238678
hagu,1,1,4.238678
limerick,1,1,4.238678
reykjavik,1,1,4.238678
beng,1,1,4.238678
oak,1,7,4.238678
electromechan,1,6,4.238678
wstitl,1,1,4.238678
nsrw,1,2,4.238678
oro,1,1,4.238678
compasso,1,1,4.238678
rugbi,1,1,4.238678
structura,1,1,4.238678
quind,1,1,4.238678
antioquia,1,1,4.238678
incolda,1,1,4.238678
lago,1,1,4.238678
riddl,1,1,4.238678
coriel,1,1,4.238678
cantin,1,1,4.238678
childhood,1,1,4.238678
semiautomat,1,2,4.238678
gaurav,1,1,4.238678
nishant,1,1,4.238678
patil,1,1,4.238678
jouppi,1,1,4.238678
zdnet,1,2,4.238678
tiernan,1,1,4.238678
airesearch,1,1,4.238678
nejmp,1,1,4.238678
magnu,1,1,4.238678
columbian,1,1,4.238678
cresson,1,1,4.238678
elliott,1,1,4.238678
lucia,1,1,4.238678
businessman,1,2,4.238678
char,1,1,4.238678
sexbot,1,1,4.238678
nazi,1,1,4.238678
neo,1,1,4.238678
tinker,1,1,4.238678
lamb,1,1,4.238678
avelar,1,1,4.238678
randel,1,4,4.238678
marit,1,1,4.238678
datum,1,3,4.238678
plaqu,1,1,4.238678
chesapeak,1,1,4.238678
rhineland,1,1,4.238678
fischlingen,1,1,4.238678
lutheran,1,1,4.238678
eighter,1,1,4.238678
disappear,1,1,4.238678
prate,1,1,4.238678
guyon,1,1,4.238678
luxburg,1,1,4.238678
sanjoy,1,1,4.238678
xinan,1,1,4.238678
aal,1,1,4.238678
arvind,1,2,4.238678
narayanan,1,2,4.238678
prewir,1,1,4.238678
rewir,1,1,4.238678
hardwir,1,1,4.238678
census,1,1,4.238678
headcount,1,1,4.238678
talli,1,1,4.238678
sorter,1,2,4.238678
eleventh,1,2,4.238678
oakhillcemeterydc,1,1,4.238678
lydenberg,1,1,4.238678
austrian,1,5,4.238678
museumsforum,1,1,4.238678
nixdorf,1,1,4.238678
aupaderborn,1,1,4.238678
hnf,1,1,4.238678
aspray,1,1,4.238678
iverson,1,1,4.238678
priest,1,1,4.238678
dioces,1,2,4.238678
grandson,1,3,4.238678
constant,1,1,4.238678
buri,1,1,4.238678
subsum,1,1,4.238678
fortran,1,1,4.238678
amphitheat,1,1,4.238678
mackenzi,1,1,4.238678
mouvement,1,1,4.238678
recens,1,1,4.238678
sgf,1,1,4.238678
tableaux,1,1,4.238678
comptabl,1,1,4.238678
renc,1,1,4.238678
coh,1,1,4.238678
bonneuil,1,1,4.238678
engelbourg,1,2,4.238678
tenth,1,1,4.238678
cleric,1,1,4.238678
cessat,1,1,4.238678
interior,1,1,4.238678
caliskan,1,1,4.238678
carissa,1,1,4.238678
phylon,1,1,4.238678
kenney,1,1,4.238678
silva,1,1,4.238678
adriann,1,1,4.238678
jeffri,1,1,4.238678
tolulop,1,1,4.238678
edionw,1,1,4.238678
ashurst,1,1,4.238678
gpo,1,1,4.238678
truesdel,1,1,4.238678
dispatch,1,1,4.238678
virginian,1,1,4.238678
epsicop,1,1,4.238678
vegh,1,1,4.238678
polytechnica,1,1,4.238678
cagatay,1,1,4.238678
zamir,1,1,4.238678
vaikuntanathan,1,1,4.238678
shafi,1,1,4.238678
fleishman,1,1,4.238678
hagley,1,2,4.238678
fascin,1,1,4.238678
heid,1,2,4.238678
arno,1,1,4.238678
burrough,1,1,4.238678
ncr,1,1,4.238678
cortada,1,1,4.238678
benig,1,1,4.238678
muller,1,1,4.238678
aylin,1,1,4.238678
vladu,1,1,4.238678
tsipra,1,1,4.238678
makelov,1,1,4.238678
madri,1,1,4.238678
infoshop,1,1,4.238678
plaza,1,1,4.238678
nbome,1,10,4.238678
genocid,1,1,4.238678
salut,1,1,4.238678
congo,1,3,4.238678
commando,1,3,4.238678
bioprint,1,1,4.238678
femin,1,1,4.238678
watchlist,1,1,4.238678
megan,1,1,4.238678
hungarica,1,1,4.238678
desai,1,2,4.238678
devour,1,1,4.238678
eunsuk,1,1,4.238678
tildev,1,1,4.238678
tild,1,1,4.238678
deepimpact,1,2,4.238678
unicoil,1,1,4.238678
deepct,1,1,4.238678
lsr,1,2,4.238678
splayd,1,1,4.238678
er,1,1,4.238678
biennal,1,2,4.238678
vanier,1,1,4.238678
goldwass,1,1,4.238678
plantabl,1,1,4.238678
cltc,1,2,4.238678
kruschwitz,1,1,4.238678
cathal,1,1,4.238678
gurrin,1,1,4.238678
hideo,1,1,4.238678
joho,1,1,4.238678
maistro,1,1,4.238678
crestani,1,1,4.238678
goeuriot,1,1,4.238678
macavaney,1,2,4.238678
thong,1,2,4.238678
sprint,1,2,4.238678
noncommerci,1,1,4.238678
ranker,1,1,4.238678
latenc,1,1,4.238678
distilsplad,1,1,4.238678
sparta,1,2,4.238678
tonellotto,1,2,4.238678
raffael,1,1,4.238678
perego,1,1,4.238678
nardini,1,1,4.238678
coil,1,1,4.238678
xueguang,1,1,4.238678
zhuyun,1,1,4.238678
dai,1,1,4.238678
lassanc,1,4,4.238678
piworwarski,1,1,4.238678
clinchant,1,5,4.238678
piwowarski,1,3,4.238678
thibault,1,4,4.238678
annalina,1,1,4.238678
caputo,1,1,4.238678
udo,1,1,4.238678
kif,1,1,4.238678
lesw,1,1,4.238678
qing,1,1,4.238678
qilong,1,1,4.238678
sokolov,1,1,4.238678
xun,1,1,4.238678
wynter,1,1,4.238678
tiancheng,1,1,4.238678
guido,1,1,4.238678
zuccon,1,1,4.238678
shengyao,1,1,4.238678
zhuang,1,1,4.238678
torsten,1,1,4.238678
suel,1,1,4.238678
mallia,1,1,4.238678
nazli,1,1,4.238678
plachoura,1,3,4.238678
vassili,1,3,4.238678
amati,1,1,4.238678
eetasia,1,1,4.238678
flaherti,1,1,4.238678
millman,1,1,4.238678
linuxlink,1,1,4.238678
emm,1,1,4.238678
mozilla,1,2,4.238678
demystifi,1,1,4.238678
kexin,1,1,4.238678
naver,1,1,4.238678
mariya,1,1,4.238678
hendriksen,1,1,4.238678
kyusong,1,1,4.238678
xiaopeng,1,1,4.238678
shashi,1,1,4.238678
narayan,1,1,4.238678
maynez,1,1,4.238678
shake,1,1,4.238678
freita,1,1,4.238678
nando,1,1,4.238678
yutian,1,1,4.238678
erez,1,1,4.238678
emilio,1,1,4.238678
contenido,1,4,4.238678
enciclopedia,1,3,4.238678
peng,1,1,4.238678
osir,1,1,4.238678
lioma,1,2,4.238678
christina,1,2,4.238678
macdonald,1,3,4.238678
cuenta,1,3,4.238678
crear,1,3,4.238678
donacion,1,2,4.238678
apariencia,1,2,4.238678
buscar,1,4,4.238678
especial,1,1,4.238678
notificar,1,1,4.238678
ayuda,1,2,4.238678
aleatoria,1,1,4.238678
nueva,1,1,4.238678
recient,1,1,4.238678
cambio,1,3,4.238678
actualidad,1,1,4.238678
comunidad,1,2,4.238678
ocultar,1,4,4.238678
bohnet,1,1,4.238678
propiedad,1,3,4.238678
segunda,1,2,4.238678
modelo,1,26,4.238678
tipo,1,4,4.238678
promedio,1,10,4.238678
fallo,1,4,4.238678
exhaustividad,1,7,4.238678
alternar,1,2,4.238678
correctitud,1,3,4.238678
rendimiento,1,5,4.238678
medida,1,16,4.238678
presentaci,1,2,4.238678
inicio,1,1,4.238678
personal,1,1,4.238678
herramienta,1,3,4.238678
acced,1,2,4.238678
parisotto,1,1,4.238678
corentin,1,1,4.238678
tallec,1,1,4.238678
everitt,1,1,4.238678
perolat,1,1,4.238678
bilal,1,1,4.238678
piot,1,1,4.238678
degrav,1,1,4.238678
buchli,1,1,4.238678
kunesch,1,1,4.238678
disregard,1,1,4.238678
cambiar,1,3,4.238678
externo,1,2,4.238678
enlac,1,4,4.238678
bibliograf,1,2,4.238678
referencia,1,4,4.238678
antiguo,1,1,4.238678
analizador,1,1,4.238678
acortado,1,1,4.238678
obten,1,3,4.238678
esta,1,8,4.238678
citar,1,1,4.238678
archivo,1,2,4.238678
subir,1,1,4.238678
enlazada,1,1,4.238678
aqu,1,1,4.238678
enlaza,1,1,4.238678
leer,1,2,4.238678
discusi,1,1,4.238678
culo,1,9,4.238678
editar,1,18,4.238678
idioma,1,2,4.238678
mico,1,1,4.238678
noticia,1,1,4.238678
fuent,1,3,4.238678
busca,1,1,4.238678
verificabilidad,1,1,4.238678
complementar,1,1,4.238678
necesita,1,2,4.238678
pero,1,2,4.238678
secci,1,1,4.238678
elemento,1,2,4.238678
proyecto,1,2,4.238678
otro,1,2,4.238678
descargar,1,1,4.238678
libro,1,2,4.238678
exportar,1,1,4.238678
imprimir,1,2,4.238678
esto,1,5,4.238678
dentro,1,4,4.238678
encargada,1,1,4.238678
colecci,1,7,4.238678
cualquier,1,3,4.238678
documento,1,49,4.238678
ciencia,1,2,4.238678
memoria,1,1,4.238678
ase,1,1,4.238678
gico,1,1,4.238678
psicol,1,1,4.238678
concepto,1,1,4.238678
marzo,1,1,4.238678
puesto,1,1,4.238678
fue,1,4,4.238678
aviso,1,1,4.238678
ndez,1,1,4.238678
fern,1,1,4.238678
dawn,1,1,4.238678
xuandong,1,1,4.238678
haimin,1,1,4.238678
kaiqu,1,1,4.238678
slater,1,1,4.238678
humphri,1,1,4.238678
townsen,1,1,4.238678
hick,1,1,4.238678
relacional,1,1,4.238678
dato,1,5,4.238678
tambi,1,4,4.238678
describan,1,1,4.238678
metadato,1,1,4.238678
mismo,1,2,4.238678
conocimiento,1,1,4.238678
normalment,1,1,4.238678
genera,1,1,4.238678
eso,1,1,4.238678
disciplina,1,2,4.238678
tanta,1,1,4.238678
cubr,1,1,4.238678
interdisciplinario,1,1,4.238678
estudio,1,2,4.238678
pertinent,1,1,4.238678
otra,1,6,4.238678
sonido,1,1,4.238678
realiza,1,1,4.238678
objetivo,1,2,4.238678
trav,1,1,4.238678
fisac,1,1,4.238678
bibliotec,1,1,4.238678
intervienen,1,1,4.238678
multidisciplinario,1,1,4.238678
cter,1,1,4.238678
sustenta,1,1,4.238678
alcanzar,1,1,4.238678
biblioteconom,1,1,4.238678
inteligencia,1,1,4.238678
dise,1,1,4.238678
cognitiva,1,1,4.238678
psicolog,1,1,4.238678
ocupan,1,1,4.238678
alguna,1,3,4.238678
perspectiva,1,1,4.238678
desd,1,3,4.238678
parcial,1,1,4.238678
prueba,1,1,4.238678
realizaron,1,1,4.238678
presentado,1,2,4.238678
fueron,1,2,4.238678
automatizado,1,1,4.238678
primero,1,2,4.238678
populariz,1,1,4.238678
trozo,1,1,4.238678
computadora,1,1,4.238678
uso,1,5,4.238678
conjunto,1,4,4.238678
rmino,1,9,4.238678
pertinencia,1,1,4.238678
relevancia,1,4,4.238678
criterio,1,1,4.238678
determinar,1,1,4.238678
por,1,15,4.238678
tecnolog,1,2,4.238678
ndare,1,1,4.238678
conjuntament,1,1,4.238678
unido,1,1,4.238678
estado,1,1,4.238678
departamento,1,1,4.238678
principio,1,1,4.238678
utilizars,1,1,4.238678
comenzaron,1,1,4.238678
larga,1,2,4.238678
cuyo,1,1,4.238678
cnica,1,1,4.238678
distinta,1,1,4.238678
mero,1,4,4.238678
grupo,1,1,4.238678
cofound,1,1,4.238678
rockstar,1,1,4.238678
adarlo,1,1,4.238678
baraniuk,1,1,4.238678
siahkoohi,1,1,4.238678
lejeun,1,1,4.238678
babaei,1,1,4.238678
humayun,1,1,4.238678
imtiaz,1,1,4.238678
ahm,1,1,4.238678
lorenzo,1,1,4.238678
luzi,1,1,4.238678
josu,1,1,4.238678
patrocinaron,1,1,4.238678
ingl,1,5,4.238678
sigla,1,1,4.238678
casco,1,1,4.238678
sina,1,1,4.238678
alemohammad,1,1,4.238678
livescu,1,1,4.238678
gibberish,1,1,4.238678
inbr,1,1,4.238678
choke,1,1,4.238678
almacenar,1,1,4.238678
todo,1,5,4.238678
capacidad,1,1,4.238678
necesidad,1,3,4.238678
elevado,1,1,4.238678
evaluaci,1,1,4.238678
necesaria,1,1,4.238678
suministrar,1,1,4.238678
provey,1,1,4.238678
inicialment,1,1,4.238678
encuentra,1,1,4.238678
ese,1,1,4.238678
utilizado,1,1,4.238678
sico,1,1,4.238678
medio,1,2,4.238678
porqu,1,1,4.238678
acces,1,1,4.238678
deja,1,1,4.238678
cuando,1,2,4.238678
suced,1,1,4.238678
obsolescencia,1,1,4.238678
meno,1,3,4.238678
fen,1,1,4.238678
denominado,1,1,4.238678
desembocado,1,1,4.238678
regla,1,1,4.238678
incluya,1,1,4.238678
algoritmo,1,1,4.238678
lenguaj,1,2,4.238678
lista,1,3,4.238678
vocabulario,1,1,4.238678
copern,1,1,4.238678
lyco,1,1,4.238678
buscador,1,1,4.238678
definitivament,1,1,4.238678
pierd,1,1,4.238678
entonc,1,1,4.238678
dicha,1,1,4.238678
papel,1,1,4.238678
lugar,1,1,4.238678
cil,1,1,4.238678
pregunta,1,1,4.238678
plantear,1,1,4.238678
agrformet,1,1,4.238678
agfm,1,1,4.238678
kaiguang,1,1,4.238678
yuyu,1,1,4.238678
yanlan,1,1,4.238678
bohrer,1,1,4.238678
xuesong,1,1,4.238678
tongxi,1,1,4.238678
pue,1,2,4.238678
posibl,1,1,4.238678
lograda,1,1,4.238678
cantidad,1,1,4.238678
resultado,1,3,4.238678
verdad,1,1,4.238678
silencio,1,1,4.238678
razon,1,1,4.238678
provocado,1,1,4.238678
problema,1,1,4.238678
cierto,1,1,4.238678
plantean,1,1,4.238678
vece,1,4,4.238678
destacado,1,1,4.238678
alrededor,1,1,4.238678
interaccion,1,1,4.238678
logaritmo,1,1,4.238678
nimo,1,2,4.238678
mostrar,1,1,4.238678
pueden,1,4,4.238678
caso,1,2,4.238678
alguno,1,3,4.238678
meera,1,1,4.238678
viswanathan,1,1,4.238678
fenton,1,1,4.238678
weyrich,1,1,4.238678
patel,1,1,4.238678
shivani,1,1,4.238678
backfir,1,1,4.238678
greenwald,1,1,4.238678
comienza,1,1,4.238678
proceso,1,3,4.238678
edad,1,1,4.238678
homograf,1,1,4.238678
polisemia,1,1,4.238678
ruido,1,1,4.238678
sinonimia,1,1,4.238678
debido,1,2,4.238678
menudo,1,1,4.238678
muy,1,1,4.238678
mapa,1,1,4.238678
dependencia,1,3,4.238678
identidad,1,1,4.238678
grado,1,1,4.238678
diferent,1,2,4.238678
respuesta,1,2,4.238678
vario,1,1,4.238678
hecho,1,1,4.238678
objeto,1,7,4.238678
afirmaci,1,1,4.238678
vez,1,2,4.238678
hace,1,1,4.238678
usuario,1,5,4.238678
rudin,1,1,4.238678
hernandez,1,1,4.238678
unsaf,1,1,4.238678
rusi,1,1,4.238678
rinik,1,1,4.238678
babuta,1,1,4.238678
euphoria,1,1,4.238678
doom,1,2,4.238678
pued,1,3,4.238678
mostrado,1,1,4.238678
acuerdo,1,2,4.238678
ordenando,1,1,4.238678
bien,1,1,4.238678
computan,1,1,4.238678
representado,1,1,4.238678
sino,1,2,4.238678
almacenado,1,1,4.238678
evaluada,1,1,4.238678
recuperado,1,15,4.238678
matic,1,1,4.238678
haber,1,1,4.238678
sabe,1,1,4.238678
asumen,1,1,4.238678
cual,1,1,4.238678
descrita,1,1,4.238678
necesitan,1,2,4.238678
evaluar,1,1,4.238678
propuesta,1,1,4.238678
sido,1,1,4.238678
mucha,1,1,4.238678
desea,1,1,4.238678
iteracion,1,1,4.238678
tener,1,1,4.238678
quicktak,1,1,4.238678
firesaf,1,1,4.238678
firsj,1,1,4.238678
shunzhi,1,1,4.238678
algena,1,1,4.238678
goh,1,1,4.238678
xiupeng,1,1,4.238678
kincad,1,1,4.238678
definicion,1,1,4.238678
difier,1,1,4.238678
significado,1,1,4.238678
tese,1,2,4.238678
obtenido,1,2,4.238678
solament,1,1,4.238678
considerando,1,1,4.238678
determinado,1,1,4.238678
uniformement,1,1,4.238678
pesado,1,1,4.238678
adem,1,2,4.238678
conocida,1,1,4.238678
recobrado,1,15,4.238678
devuelv,1,1,4.238678
fuera,1,1,4.238678
llamada,1,1,4.238678
lculo,1,1,4.238678
ejemplo,1,1,4.238678
medir,1,1,4.238678
suficient,1,1,4.238678
tanto,1,1,4.238678
toman,1,1,4.238678
resulta,1,2,4.238678
rama,1,1,4.238678
cova,1,1,4.238678
ningzh,1,1,4.238678
ijdr,1,1,4.238678
yunsi,1,1,4.238678
atribuy,1,1,4.238678
respecto,1,1,4.238678
efectividad,1,1,4.238678
mide,1,1,4.238678
obtenida,1,1,4.238678
pesa,1,1,4.238678
encima,1,2,4.238678
pondera,1,1,4.238678
utilizada,1,1,4.238678
ampliament,1,1,4.238678
negativo,1,1,4.238678
rmula,1,1,4.238678
podemo,1,1,4.238678
keywan,1,1,4.238678
rasekhschaff,1,1,4.238678
prolong,1,1,4.238678
mpsoc,1,1,4.238678
maier,1,1,4.238678
mcdonald,1,2,4.238678
secuencia,1,3,4.238678
deseabl,1,1,4.238678
retornado,1,2,4.238678
hacen,1,1,4.238678
dada,1,2,4.238678
toda,1,2,4.238678
dond,1,4,4.238678
basada,1,2,4.238678
importancia,1,1,4.238678
cero,1,2,4.238678
xiaohang,1,1,4.238678
somdip,1,1,4.238678
dey,1,1,4.238678
tourism,1,1,4.238678
cypru,1,1,4.238678
haywante,1,1,4.238678
ramkissoon,1,1,4.238678
akhshik,1,1,4.238678
rezapouraghdam,1,1,4.238678
dsx,1,1,4.238678
equivalent,1,1,4.238678
remplazada,1,1,4.238678
hasta,1,2,4.238678
curva,1,2,4.238678
plotear,1,1,4.238678
metabol,1,1,4.238678
abid,1,1,4.238678
haleem,1,2,4.238678
mohd,1,1,4.238678
javaid,1,1,4.238678
raju,1,1,4.238678
vaishya,1,1,4.238678
estrategia,1,2,4.238678
efectivament,1,1,4.238678
evaluando,1,1,4.238678
puntuacion,1,1,4.238678
conocido,1,1,4.238678
bajo,1,3,4.238678
refier,1,1,4.238678
ocasion,1,1,4.238678
obtienen,1,1,4.238678
att,1,1,4.238678
belkor,1,1,4.238678
senso,1,1,4.238678
thorax,1,1,4.238678
xiaoheng,1,1,4.238678
palabra,1,1,4.238678
representan,1,1,4.238678
teor,1,1,4.238678
basado,1,1,4.238678
categorizaci,1,1,4.238678
categorizado,1,1,4.238678
ilustra,1,1,4.238678
derecha,1,1,4.238678
sito,1,1,4.238678
fico,1,1,4.238678
transformado,1,1,4.238678
rede,1,2,4.238678
binaria,1,1,4.238678
independencia,1,1,4.238678
probabilidad,1,1,4.238678
calculada,1,1,4.238678
inferencia,1,2,4.238678
tratan,1,2,4.238678
stico,1,2,4.238678
generalizado,1,1,4.238678
tenemo,1,1,4.238678
ello,1,1,4.238678
tupla,1,1,4.238678
algebraico,1,1,4.238678
extendido,1,2,4.238678
booleano,1,3,4.238678
patterson,1,2,4.238678
mikhail,1,1,4.238678
ivanenko,1,1,4.238678
prado,1,1,4.238678
cfa,1,1,4.238678
timmi,1,1,4.238678
nune,1,1,4.238678
leandro,1,1,4.238678
castro,1,1,4.238678
fpl,1,1,4.238678
frp,1,1,4.238678
soybean,1,1,4.238678
interdependencia,1,1,4.238678
permiten,1,1,4.238678
independient,1,1,4.238678
fueran,1,1,4.238678
creencia,1,1,4.238678
adicional,1,2,4.238678
oculta,1,1,4.238678
computacion,1,1,4.238678
dico,1,1,4.238678
diccionario,1,1,4.238678
aat,1,2,4.238678
nli,1,1,4.238678
identificador,1,7,4.238678
compartirigu,1,2,4.238678
atribuci,1,2,4.238678
licencia,1,3,4.238678
publicada,1,1,4.238678
traducci,1,1,4.238678
contien,1,1,4.238678
obra,1,1,4.238678
xiaohan,1,1,4.238678
lucro,1,1,4.238678
organizaci,1,1,4.238678
fundaci,1,1,4.238678
privacidad,1,2,4.238678
nuestra,1,1,4.238678
nuestro,1,1,4.238678
acepta,1,1,4.238678
sitio,1,1,4.238678
usar,1,1,4.238678
usula,1,1,4.238678
aplicars,1,1,4.238678
renderizada,1,1,4.238678
ltima,1,1,4.238678
traduccion,1,1,4.238678
clasificar,1,1,4.238678
referenciar,1,1,4.238678
seguridad,1,1,4.238678
hyperspectr,1,1,4.238678
milad,1,1,4.238678
eskandari,1,1,4.238678
sulik,1,1,4.238678
tulpan,1,1,4.238678
mohsen,1,1,4.238678
najafabadi,1,1,4.238678
yoosefzadeh,1,1,4.238678
schutter,1,1,4.238678
verbert,1,1,4.238678
icim,1,1,4.238678
contacto,1,1,4.238678
responsabilidad,1,1,4.238678
limitaci,1,1,4.238678
acerca,1,1,4.238678
cwru,1,44,4.238678
shi,1,2,4.238678
jiao,1,1,4.238678
yue,1,1,4.238678
ying,1,1,4.238678
zhi,1,1,4.238678
zhan,1,1,4.238678
hlc,1,1,4.238678
ecclesia,1,1,4.238678
electrochemistri,1,4,4.238678
mather,1,11,4.238678
quad,1,8,4.238678
adir,1,1,4.238678
vile,1,1,4.238678
desarrollador,1,1,4.238678
digo,1,1,4.238678
chaplain,1,1,4.238678
unhappi,1,1,4.238678
ferri,1,1,4.238678
abolitionist,1,5,4.238678
truste,1,6,4.238678
antislaveri,1,1,4.238678
evangel,1,1,4.238678
instil,1,1,4.238678
verita,1,1,4.238678
popularli,1,1,4.238678
preparatori,1,1,4.238678
michelson,1,14,4.238678
presbyterian,1,7,4.238678
sparti,1,1,4.238678
uaa,1,5,4.238678
spartan,1,10,4.238678
morley,1,11,4.238678
abbey,1,1,4.238678
adelbert,1,8,4.238678
physician,1,1,4.238678
zakrzewska,1,1,4.238678
talbot,1,1,4.238678
loomi,1,3,4.238678
douglass,1,1,4.238678
fayett,1,2,4.238678
syke,1,2,4.238678
appalachian,1,1,4.238678
elizur,1,1,4.238678
storr,1,1,4.238678
backu,1,1,4.238678
sermon,1,2,4.238678
beriah,1,3,4.238678
halder,1,4,4.238678
biswanath,1,1,4.238678
shoot,1,4,4.238678
surfboard,1,1,4.238678
derid,1,1,4.238678
eastwood,1,5,4.238678
interim,1,7,4.238678
heald,1,2,4.238678
glennan,1,1,4.238678
milli,1,1,4.238678
schoff,1,1,4.238678
dissolv,1,1,4.238678
coven,1,1,4.238678
macromolecular,1,1,4.238678
baer,1,2,4.238678
polym,1,4,4.238678
hid,1,1,4.238678
barricad,1,1,4.238678
horwood,1,1,4.238678
michi,1,1,4.238678
engappai,1,2,4.238678
tomographi,1,2,4.238678
capacit,1,1,4.238678
pseudoinvers,1,1,4.238678
przemi,1,2,4.238678
blewski,1,2,4.238678
mateusz,1,2,4.238678
midura,1,2,4.238678
waldemar,1,2,4.238678
smolik,1,3,4.238678
wallac,1,2,4.238678
weatherhead,1,4,4.238678
dissatisfact,1,1,4.238678
redesign,1,1,4.238678
prais,1,1,4.238678
brighter,1,2,4.238678
cowen,1,2,4.238678
pavilion,1,3,4.238678
samson,1,2,4.238678
unanim,1,1,4.238678
sunburst,1,2,4.238678
wordmark,1,2,4.238678
feloni,1,1,4.238678
convict,1,1,4.238678
swat,1,1,4.238678
apprehend,1,1,4.238678
indiscrimin,1,1,4.238678
gunman,1,1,4.238678
southernmost,1,1,4.238678
rockefel,1,2,4.238678
quadrangl,1,5,4.238678
flora,1,5,4.238678
haydn,1,1,4.238678
hundert,1,1,4.238678
wagner,1,2,4.238678
auston,1,1,4.238678
pytt,1,1,4.238678
agnar,1,1,4.238678
ragon,1,1,4.238678
toepfer,1,1,4.238678
mors,1,2,4.238678
reoccur,1,1,4.238678
stain,1,1,4.238678
embarrass,1,1,4.238678
philanthropist,1,2,4.238678
bellflow,1,1,4.238678
wanta,1,2,4.238678
facultystaff,1,1,4.238678
vapnik,1,1,4.238678
randomforestregressor,1,1,4.238678
ranganath,1,1,4.238678
rajesh,1,1,4.238678
junip,1,3,4.238678
blvd,1,2,4.238678
euclid,1,8,4.238678
natatorium,1,1,4.238678
horsburgh,1,1,4.238678
convoc,1,1,4.238678
veal,1,5,4.238678
gymnasium,1,2,4.238678
gpa,1,2,4.238678
ftf,1,2,4.238678
metrohealth,1,4,4.238678
nurs,1,4,4.238678
bolton,1,1,4.238678
payn,1,1,4.238678
dental,1,2,4.238678
ave,1,2,4.238678
healthlin,1,1,4.238678
brt,1,1,4.238678
cedar,1,3,4.238678
rta,1,5,4.238678
circlelink,1,1,4.238678
mandel,1,2,4.238678
statesman,1,1,4.238678
livingston,1,1,4.238678
transfus,1,1,4.238678
blood,1,2,4.238678
polen,1,1,4.238678
andriy,1,2,4.238678
burkov,1,2,4.238678
lassez,1,1,4.238678
urbanowicz,1,2,4.238678
crile,1,1,4.238678
oxygen,1,3,4.238678
ether,1,1,4.238678
dexter,1,2,4.238678
lgbt,1,3,4.238678
basement,1,1,4.238678
biochemistri,1,1,4.238678
matricul,1,1,4.238678
interquartil,1,2,4.238678
wheg,1,1,4.238678
quinn,1,2,4.238678
cosmic,1,1,4.238678
neutrino,1,2,4.238678
rein,1,5,4.238678
wiper,1,1,4.238678
windshield,1,1,4.238678
intermitt,1,1,4.238678
kearn,1,1,4.238678
arteri,1,1,4.238678
coronari,1,1,4.238678
bacilli,1,1,4.238678
typhoid,1,1,4.238678
erad,1,1,4.238678
chlorin,1,1,4.238678
vessel,1,1,4.238678
spacelab,1,1,4.238678
kamotani,1,3,4.238678
yasuhiro,1,2,4.238678
ostrach,1,3,4.238678
eardrum,1,1,4.238678
thinner,1,1,4.238678
drumhead,1,1,4.238678
finalist,1,1,4.238678
asymmetri,1,1,4.238678
bluf,1,1,4.238678
counterfactu,1,1,4.238678
larynx,1,1,4.238678
unbundl,1,2,4.238678
marwala,1,2,4.238678
tshilidzi,1,1,4.238678
cockroach,1,1,4.238678
swasey,1,3,4.238678
burrel,1,1,4.238678
reflight,1,2,4.238678
buoyant,1,2,4.238678
flame,1,3,4.238678
candl,1,3,4.238678
combust,1,1,4.238678
micrograv,1,2,4.238678
ien,1,2,4.238678
thermocapillari,1,1,4.238678
oscillatori,1,1,4.238678
usml,1,1,4.238678
st,1,3,4.238678
aboard,1,4,4.238678
stdce,1,4,4.238678
surfac,1,1,4.238678
methanol,1,1,4.238678
pem,1,1,4.238678
pbi,1,1,4.238678
polybenzimidazol,1,1,4.238678
spectroscopi,1,1,4.238678
boron,1,1,4.238678
yce,1,1,4.238678
zinc,1,1,4.238678
orr,1,1,4.238678
electrodeposit,1,1,4.238678
ultrasound,1,2,4.238678
yeager,1,2,4.238678
quinon,1,1,4.238678
quinhydron,1,1,4.238678
hovorka,1,1,4.238678
kitt,1,2,4.238678
zlotnick,1,2,4.238678
capacitor,1,1,4.238678
tpc,1,1,4.238678
planc,1,1,4.238678
arabidopsi,1,1,4.238678
jaum,1,1,4.238678
bacardit,1,1,4.238678
holdsworth,1,1,4.238678
julietta,1,1,4.238678
marquez,1,1,4.238678
glaab,1,1,4.238678
bassel,1,1,4.238678
frawley,1,1,4.238678
emfl,1,1,4.238678
eeel,1,1,4.238678
dendrit,1,1,4.238678
pdp,1,1,4.238678
interrupt,1,1,4.238678
lightpen,1,1,4.238678
pd,1,1,4.238678
imlac,1,2,4.238678
bbn,1,1,4.238678
tenex,1,1,4.238678
arpanet,1,4,4.238678
ecocent,1,1,4.238678
beachwood,1,2,4.238678
abet,1,1,4.238678
aclara,1,1,4.238678
hexagram,1,1,4.238678
mixon,1,1,4.238678
richey,1,1,4.238678
makerspac,1,3,4.238678
hartcher,1,1,4.238678
ilana,1,1,4.238678
niski,1,1,4.238678
helg,1,1,4.238678
guillaum,1,1,4.238678
walck,1,1,4.238678
pone,1,1,4.238678
onecleveland,1,2,4.238678
neff,1,1,4.238678
tcp,1,1,4.238678
biba,1,2,4.238678
predecessor,1,1,4.238678
ld,1,2,4.238678
department,1,1,4.238678
brenneman,1,1,4.238678
huff,1,1,4.238678
influx,1,1,4.238678
mistleto,1,3,4.238678
shaker,1,4,4.238678
coventri,1,1,4.238678
affluent,1,1,4.238678
wii,1,1,4.238678
xbox,1,1,4.238678
consol,1,1,4.238678
torqu,1,1,4.238678
pc,1,1,4.238678
alienwar,1,1,4.238678
gigabit,1,1,4.238678
broadband,1,1,4.238678
smeet,1,1,4.238678
micha,1,1,4.238678
wiertlewski,1,1,4.238678
sae,1,2,4.238678
baja,1,1,4.238678
motorsport,1,1,4.238678
kula,1,1,4.238678
cim,1,1,4.238678
hark,1,1,4.238678
cappella,1,1,4.238678
broadcast,1,1,4.238678
wruw,1,3,4.238678
showcas,1,1,4.238678
maltz,1,3,4.238678
seat,1,1,4.238678
boast,1,2,4.238678
tubb,1,1,4.238678
srv,1,1,4.238678
multicultur,1,1,4.238678
klatzki,1,2,4.238678
moringen,1,3,4.238678
fleer,1,3,4.238678
chandola,1,1,4.238678
jaideep,1,1,4.238678
aleksandar,1,1,4.238678
lazarev,1,1,4.238678
psi,1,4,4.238678
zeta,1,5,4.238678
kappa,1,2,4.238678
harass,1,2,4.238678
survivor,1,1,4.238678
cwrubotix,1,1,4.238678
esra,1,1,4.238678
spaceport,1,1,4.238678
automot,1,1,4.238678
relay,1,7,4.238678
ambul,1,1,4.238678
em,1,4,4.238678
exercis,1,2,4.238678
drill,1,1,4.238678
tabletop,1,1,4.238678
sworn,1,1,4.238678
prepared,1,1,4.238678
rave,1,1,4.238678
infecti,1,1,4.238678
undergo,1,1,4.238678
ifc,1,1,4.238678
interfratern,1,3,4.238678
tau,1,1,4.238678
haptic,1,3,4.238678
ritter,1,3,4.238678
reemerg,1,1,4.238678
ncac,1,3,4.238678
soccer,1,2,4.238678
disanto,1,2,4.238678
tartan,1,2,4.238678
nike,1,1,4.238678
rudi,1,1,4.238678
even,1,1,4.238678
friday,1,1,4.238678
subgenr,1,1,4.238678
trailer,1,1,4.238678
cartoon,1,1,4.238678
dinner,1,1,4.238678
steak,1,1,4.238678
champagn,1,1,4.238678
dictat,1,1,4.238678
syphili,1,3,4.238678
levent,1,1,4.238678
ertoz,1,1,4.238678
doka,1,1,4.238678
hodg,1,1,4.238678
schubert,1,1,4.238678
overcomplet,1,1,4.238678
bruckstein,1,1,4.238678
aharon,1,1,4.238678
lsp,1,1,4.238678
ispl,1,1,4.238678
tuskege,1,2,4.238678
luther,1,1,4.238678
buchheit,1,2,4.238678
undef,1,1,4.238678
debeljak,1,1,4.238678
hurtado,1,1,4.238678
antiviru,1,1,4.238678
symantec,1,1,4.238678
vaccin,1,1,4.238678
tippett,1,1,4.238678
haut,1,1,4.238678
terr,1,1,4.238678
sherwin,1,2,4.238678
cinemat,1,1,4.238678
marvel,1,1,4.238678
splendor,1,1,4.238678
pekar,1,1,4.238678
hannifin,1,2,4.238678
craigslist,1,2,4.238678
billionair,1,2,4.238678
newmark,1,2,4.238678
lauterbur,1,2,4.238678
sejnowski,1,1,4.238678
luminari,1,1,4.238678
typeset,1,1,4.238678
itsekiri,1,1,4.238678
monarch,1,1,4.238678
warri,1,1,4.238678
olu,1,1,4.238678
emiko,1,1,4.238678
tsola,1,1,4.238678
atuwats,1,1,4.238678
ogiam,1,1,4.238678
allostasi,1,1,4.238678
sterl,1,1,4.238678
zen,1,1,4.238678
hilbert,1,1,4.238678
olah,1,1,4.238678
gilman,1,1,4.238678
hitch,1,1,4.238678
pharmacolog,1,1,4.238678
glaser,1,1,4.238678
kusch,1,1,4.238678
polykarp,1,1,4.238678
pediatr,1,1,4.238678
robbin,1,1,4.238678
reflex,1,1,4.238678
sinu,1,1,4.238678
carotid,1,1,4.238678
heyman,1,1,4.238678
corneil,1,1,4.238678
macleod,1,1,4.238678
agr,1,2,4.238678
cedarvil,1,2,4.238678
muskingum,1,2,4.238678
rserev,1,1,4.238678
buckey,1,3,4.238678
kern,1,1,4.238678
barnum,1,1,4.238678
glanc,1,2,4.238678
nacubo,1,1,4.238678
xlsx,1,1,4.238678
ncse,1,1,4.238678
wru,1,1,4.238678
bare,1,1,4.238678
thaler,1,1,4.238678
instructor,1,1,4.238678
murad,1,1,4.238678
ferid,1,1,4.238678
libraryweb,1,1,4.238678
ethnolog,1,1,4.238678
negro,1,1,4.238678
recollect,1,1,4.238678
onefil,1,1,4.238678
cwh,1,1,4.238678
schism,1,1,4.238678
piou,1,1,4.238678
preach,1,1,4.238678
goodheart,1,1,4.238678
oneida,1,1,4.238678
axe,1,1,4.238678
milton,1,1,4.238678
sernett,1,1,4.238678
postsecondari,1,1,4.238678
frankl,1,1,4.238678
deac,1,1,4.238678
tillmann,1,1,4.238678
patcog,1,1,4.238678
patr,1,1,4.238678
venetsanopoulo,1,1,4.238678
platanioti,1,1,4.238678
haip,1,1,4.238678
keypoint,1,1,4.238678
bray,1,1,4.238678
jutta,1,1,4.238678
willamowski,1,1,4.238678
stamati,1,1,4.238678
jrasc,1,1,4.238678
centenni,1,1,4.238678
hogg,1,1,4.238678
sawyer,1,1,4.238678
tuesday,1,1,4.238678
fundrais,1,1,4.238678
thedaili,1,2,4.238678
bolder,1,1,4.238678
lvi,1,1,4.238678
zachari,1,2,4.238678
tresel,1,2,4.238678
newsnet,1,1,4.238678
injur,1,1,4.238678
misson,1,1,4.238678
superfici,1,1,4.238678
pieragastini,1,1,4.238678
xxxix,1,2,4.238678
woe,1,1,4.238678
classmat,1,1,4.238678
realclearhistori,1,1,4.238678
gabriella,1,1,4.238678
csurka,1,1,4.238678
aistat,1,1,4.238678
honglak,1,2,4.238678
coat,1,1,4.238678
jaakkola,1,1,4.238678
tommi,1,1,4.238678
renni,1,1,4.238678
brimr,1,2,4.238678
timeshighereduc,1,1,4.238678
usnew,1,2,4.238678
experienti,1,1,4.238678
riderta,1,1,4.238678
cityvisitor,1,1,4.238678
newsroom,1,1,4.238678
sept,1,1,4.238678
onecommun,1,1,4.238678
plummet,1,1,4.238678
whalen,1,1,4.238678
diy,1,1,4.238678
thinkbox,1,3,4.238678
cbpss,1,1,4.238678
dept,1,1,4.238678
dietrich,1,1,4.238678
ntr,1,2,4.238678
scitechdaili,1,1,4.238678
ritzmann,1,1,4.238678
offi,1,1,4.238678
kingsley,1,1,4.238678
bachmann,1,1,4.238678
washingtonmonthli,1,1,4.238678
drama,1,1,4.238678
srebro,1,1,4.238678
tpami,1,1,4.238678
itpam,1,1,4.238678
liljana,1,1,4.238678
bozinovska,1,1,4.238678
procedia,1,1,4.238678
stevo,1,2,4.238678
augsburg,1,1,4.238678
dhamakapella,1,1,4.238678
babi,1,2,4.238678
dittrick,1,2,4.238678
crocker,1,1,4.238678
panhellen,1,1,4.238678
shreya,1,1,4.238678
filer,1,1,4.238678
glee,1,2,4.238678
towson,1,1,4.238678
stockton,1,1,4.238678
newark,1,1,4.238678
camden,1,1,4.238678
montclair,1,1,4.238678
medgar,1,1,4.238678
loyola,1,2,4.238678
lone,1,1,4.238678
beckett,1,1,4.238678
guilford,1,1,4.238678
fairleigh,1,1,4.238678
duquesn,1,1,4.238678
depaul,1,1,4.238678
coppin,1,1,4.238678
clayton,1,1,4.238678
dominguez,1,1,4.238678
lourd,1,1,4.238678
hiram,1,2,4.238678
steubenvil,1,1,4.238678
franciscan,1,3,4.238678
findlay,1,1,4.238678
defianc,1,1,4.238678
bluffton,1,1,4.238678
ashland,1,1,4.238678
cincinnati,1,4,4.238678
antioch,1,2,4.238678
paso,1,1,4.238678
chattanooga,1,1,4.238678
upstat,1,1,4.238678
greensboro,1,1,4.238678
charlott,1,1,4.238678
dearborn,1,1,4.238678
passim,1,1,4.238678
metalearn,1,1,4.238678
vilalta,1,1,4.238678
giraud,1,1,4.238678
brazdil,1,1,4.238678
pavel,1,1,4.238678
wier,1,1,4.238678
otterlo,1,1,4.238678
hazi,1,1,4.238678
hazyresearch,1,1,4.238678
ursulin,1,1,4.238678
tiffin,1,1,4.238678
vernon,1,1,4.238678
otterbein,1,1,4.238678
dominican,1,1,4.238678
marietta,1,1,4.238678
csa,1,1,4.238678
msa,1,1,4.238678
skyscrap,1,1,4.238678
defunct,1,1,4.238678
zane,1,1,4.238678
youngstown,1,1,4.238678
terra,1,1,4.238678
sinclair,1,1,4.238678
shawne,1,1,4.238678
lorain,1,1,4.238678
lakeland,1,1,4.238678
hock,1,1,4.238678
edison,1,1,4.238678
wittenberg,1,1,4.238678
wilmington,1,1,4.238678
wilberforc,1,1,4.238678
cod,1,1,4.238678
steamship,1,1,4.238678
cozad,1,1,4.238678
christma,1,1,4.238678
armori,1,1,4.238678
tavern,1,1,4.238678
dunham,1,1,4.238678
arcad,1,1,4.238678
goodtim,1,1,4.238678
lakefront,1,1,4.238678
detroit,1,2,4.238678
shoreway,1,2,4.238678
courthous,1,2,4.238678
metzenbaum,1,1,4.238678
celebrezz,1,1,4.238678
lausch,1,1,4.238678
paroma,1,1,4.238678
bach,1,1,4.238678
ratner,1,1,4.238678
rowei,1,1,4.238678
fillia,1,1,4.238678
makedon,1,1,4.238678
debapriya,1,1,4.238678
zaki,1,1,4.238678
mohammad,1,2,4.238678
playhous,1,2,4.238678
cinemathequ,1,1,4.238678
ballet,1,1,4.238678
willard,1,1,4.238678
mall,1,1,4.238678
metropark,1,2,4.238678
botan,1,1,4.238678
flat,1,1,4.238678
cudel,1,1,4.238678
collinwood,1,1,4.238678
fulton,1,1,4.238678
woodhil,1,1,4.238678
slavic,1,1,4.238678
thyagaraja,1,1,4.238678
sweetest,1,1,4.238678
kurentovanj,1,1,4.238678
dyngu,1,1,4.238678
wolstein,1,1,4.238678
fwd,1,1,4.238678
agora,1,1,4.238678
talespinn,1,1,4.238678
karamu,1,1,4.238678
varma,1,1,4.238678
purita,1,1,4.238678
bellair,1,1,4.238678
boulevard,1,1,4.238678
tremont,1,1,4.238678
stockyard,1,1,4.238678
pleasant,1,1,4.238678
kinsman,1,1,4.238678
hough,1,1,4.238678
asiatown,1,1,4.238678
kirtland,1,1,4.238678
goodrich,1,1,4.238678
glenvil,1,1,4.238678
fairfax,1,1,4.238678
edgewat,1,1,4.238678
civic,1,1,4.238678
whiskey,1,1,4.238678
lakewood,1,1,4.238678
fairview,1,1,4.238678
chagrin,1,1,4.238678
broadview,1,1,4.238678
brecksvil,1,1,4.238678
berea,1,1,4.238678
bedford,1,1,4.238678
ml,1,1,4.238678
monster,1,1,4.238678
ahl,1,1,4.238678
mli,1,1,4.238678
siren,1,1,4.238678
wnba,1,1,4.238678
mlb,1,1,4.238678
cavali,1,1,4.238678
kamm,1,1,4.238678
babu,1,2,4.238678
jaiswal,1,1,4.238678
cvf,1,1,4.238678
pretext,1,1,4.238678
maaten,1,1,4.238678
ishan,1,1,4.238678
misra,1,1,4.238678
warrensvil,1,1,4.238678
strongsvil,1,1,4.238678
lyndhurst,1,1,4.238678
solon,1,1,4.238678
rocki,1,1,4.238678
parma,1,1,4.238678
royalton,1,1,4.238678
olmst,1,2,4.238678
mapl,1,1,4.238678
thiel,1,1,4.238678
bearcat,1,1,4.238678
wolverin,1,1,4.238678
chatham,1,1,4.238678
bethani,1,1,4.238678
gator,1,1,4.238678
yellowjacket,1,1,4.238678
maroon,1,1,4.238678
ignatiu,1,1,4.238678
padua,1,1,4.238678
magnificat,1,1,4.238678
gilmour,1,1,4.238678
benedictin,1,1,4.238678
beaumont,1,1,4.238678
westlak,1,1,4.238678
ashwin,1,1,4.238678
tert,1,1,4.238678
biochar,1,1,4.238678
wastewat,1,1,4.238678
burcu,1,1,4.238678
gune,1,1,4.238678
chukwuma,1,1,4.238678
ogbaga,1,1,4.238678
asynchron,1,2,4.238678
millisecond,1,1,4.238678
predetermin,1,1,4.238678
mapfram,1,1,4.238678
westminst,1,1,4.238678
jacket,1,1,4.238678
yellow,1,1,4.238678
waynesburg,1,1,4.238678
tomcat,1,1,4.238678
savag,1,1,4.238678
jude,1,1,4.238678
okoli,1,1,4.238678
issam,1,1,4.238678
naqa,1,1,4.238678
ethem,1,3,4.238678
rebuild,1,2,4.238678
witch,1,3,4.238678
moo,1,2,4.238678
incoher,1,1,4.238678
unison,1,1,4.238678
magnifi,1,1,4.238678
grab,1,1,4.238678
bwt,1,1,4.238678
trie,1,2,4.238678
totert,1,1,4.238678
latex,1,1,4.238678
postscript,1,1,4.238678
intricaci,1,1,4.238678
extran,1,1,4.238678
lexer,1,1,4.238678
obey,1,1,4.238678
unspecifi,1,1,4.238678
faulti,1,1,4.238678
whitespac,1,1,4.238678
slang,1,1,4.238678
concord,1,1,4.238678
decompress,1,2,4.238678
uncompress,1,1,4.238678
circumv,1,1,4.238678
delin,1,2,4.238678
shauna,1,1,4.238678
roshal,1,1,4.238678
alpaydin,1,3,4.238678
ameet,1,2,4.238678
talwalkar,1,2,4.238678
afshin,1,2,4.238678
rostamizadeh,1,2,4.238678
mehryar,1,2,4.238678
mohri,1,2,4.238678
physrev,1,1,4.238678
phrve,1,1,4.238678
mashaghi,1,2,4.238678
ramezanpour,1,2,4.238678
rar,1,1,4.238678
lotu,1,1,4.238678
powerpoint,1,1,4.238678
rss,1,1,4.238678
pedersen,1,1,4.238678
multiresolut,1,1,4.238678
salesin,1,1,4.238678
finkelstein,1,1,4.238678
techrep,1,1,4.238678
sticki,1,1,4.238678
drain,1,1,4.238678
brick,1,1,4.238678
noscript,1,1,4.238678
bother,1,1,4.238678
foreground,1,1,4.238678
div,1,1,4.238678
spamdex,1,2,4.238678
tar,1,4,4.238678
bzip,1,3,4.238678
gzip,1,3,4.238678
aug,1,1,4.238678
daniela,1,2,4.238678
rejoind,1,1,4.238678
nmeth,1,1,4.238678
krzywinski,1,1,4.238678
naomi,1,1,4.238678
danilo,1,1,4.238678
osdi,1,1,4.238678
mapreduc,1,1,4.238678
ghemawat,1,1,4.238678
sanjay,1,1,4.238678
ldc,1,1,4.238678
landauer,1,1,4.238678
avl,1,1,4.238678
gusfield,1,1,4.238678
mysql,1,1,4.238678
teleolog,1,5,4.238678
functionalist,1,3,4.238678
hermeneut,1,4,4.238678
empiricist,1,5,4.238678
rationalist,1,5,4.238678
ereshevski,1,2,4.238678
hyponymi,1,4,4.238678
multisearch,1,1,4.238678
seo,1,1,4.238678
webmast,1,1,4.238678
nfor,1,1,4.238678
heap,1,1,4.238678
tomas,1,1,4.238678
sandhya,1,1,4.238678
dwarkada,1,1,4.238678
hunqiang,1,1,4.238678
uw,1,1,4.238678
bzdok,1,1,4.238678
nowozin,1,1,4.238678
suvrit,1,1,4.238678
sra,1,1,4.238678
fitzgibbon,1,1,4.238678
veness,1,2,4.238678
marcu,1,2,4.238678
laurent,1,1,4.238678
orseau,1,1,4.238678
chishona,1,1,4.238678
novial,1,1,4.238678
dsm,1,6,4.238678
hornbostel,1,8,4.238678
linnaean,1,8,4.238678
taxonom,1,11,4.238678
llull,1,1,4.238678
majorcan,1,1,4.238678
thirteenth,1,1,4.238678
atran,1,2,4.238678
durkheim,1,1,4.238678
anthropologist,1,1,4.238678
penumbra,1,1,4.238678
reborrow,1,1,4.238678
taxinomi,1,2,4.238678
nomo,1,1,4.238678
irregularli,1,1,4.238678
candol,1,1,4.238678
botanist,1,1,4.238678
typolog,1,3,4.238678
taxon,1,2,4.238678
taxa,1,2,4.238678
ftse,1,1,4.238678
soil,1,2,4.238678
nosolog,1,1,4.238678
ancestr,1,1,4.238678
put,1,2,4.238678
phenet,1,4,4.238678
darwinian,1,1,4.238678
clade,1,1,4.238678
subspeci,1,2,4.238678
splitter,1,1,4.238678
lumper,1,1,4.238678
roget,1,1,4.238678
universali,1,1,4.238678
characteristica,1,1,4.238678
ultima,1,1,4.238678
generali,1,1,4.238678
propound,1,1,4.238678
colli,1,2,4.238678
bigg,1,1,4.238678
zentralblatt,1,1,4.238678
alphanumer,1,1,4.238678
folksonomi,1,3,4.238678
flynn,1,1,4.238678
engstr,1,2,4.238678
static,1,2,4.238678
ore,1,2,4.238678
compel,1,1,4.238678
srk,1,1,4.238678
xbrl,1,1,4.238678
pavitt,1,1,4.238678
naic,1,1,4.238678
isic,1,1,4.238678
wenliang,1,1,4.238678
jordi,1,2,4.238678
moya,1,2,4.238678
mattern,1,1,4.238678
genewein,1,2,4.238678
elliot,1,1,4.238678
catt,1,1,4.238678
ambrois,1,1,4.238678
duquenn,1,1,4.238678
anian,1,1,4.238678
ruoss,1,1,4.238678
goir,1,2,4.238678
furnitur,1,1,4.238678
cira,1,1,4.238678
orlandella,1,1,4.238678
dant,1,1,4.238678
arp,1,2,4.238678
swan,1,2,4.238678
gees,1,2,4.238678
waterfowl,1,2,4.238678
hyponym,1,3,4.238678
hypernym,1,6,4.238678
fluffi,1,1,4.238678
fido,1,2,4.238678
mereolog,1,1,4.238678
trunk,1,2,4.238678
mammal,1,4,4.238678
subtyp,1,3,4.238678
genu,1,2,4.238678
supp,1,4,4.238678
polyhierarch,1,1,4.238678
aitchison,1,1,4.238678
eess,1,1,4.238678
eirikur,1,1,4.238678
agustsson,1,1,4.238678
tschannen,1,1,4.238678
toderici,1,1,4.238678
fabian,1,1,4.238678
mentzer,1,1,4.238678
downward,1,1,4.238678
ereshefski,1,5,4.238678
leclercq,1,2,4.238678
cladist,1,3,4.238678
reconsid,1,1,4.238678
blackbird,1,3,4.238678
ranska,1,1,4.238678
conceptualist,1,1,4.238678
spear,1,2,4.238678
stamen,1,2,4.238678
partli,1,1,4.238678
imperfectli,1,1,4.238678
ridley,1,3,4.238678
bonaccorsi,1,2,4.238678
cookwar,1,1,4.238678
applianc,1,1,4.238678
kitchenwar,1,1,4.238678
pet,1,1,4.238678
pest,1,1,4.238678
embedded,1,1,4.238678
historicist,1,1,4.238678
coextens,1,1,4.238678
upward,1,1,4.238678
bunn,1,2,4.238678
dichotomi,1,1,4.238678
hitherto,1,1,4.238678
anybodi,1,1,4.238678
feger,1,2,4.238678
scerri,1,2,4.238678
authorit,1,1,4.238678
mendeleev,1,2,4.238678
dmitri,1,1,4.238678
monist,1,1,4.238678
proton,1,2,4.238678
stamo,1,2,4.238678
various,1,1,4.238678
uncorrel,1,1,4.238678
classificatori,1,2,4.238678
contradistinct,1,1,4.238678
seldom,1,1,4.238678
pistil,1,2,4.238678
idiophon,1,1,4.238678
curt,1,2,4.238678
celesti,1,2,4.238678
jupit,1,1,4.238678
copernican,1,1,4.238678
ptolema,1,1,4.238678
natura,1,1,4.238678
systema,1,1,4.238678
pristin,1,1,4.238678
slot,1,1,4.238678
substrat,1,1,4.238678
kindhood,1,1,4.238678
paradigmat,1,1,4.238678
hallmark,1,1,4.238678
hepler,1,1,4.238678
bursten,1,3,4.238678
aerophon,1,1,4.238678
adcock,1,1,4.238678
dcc,1,2,4.238678
brodley,1,1,4.238678
carla,1,1,4.238678
forex,1,1,4.238678
intraday,1,1,4.238678
gal,1,2,4.238678
kahiri,1,1,4.238678
shmilovici,1,1,4.238678
wooden,1,1,4.238678
chordophon,1,1,4.238678
rub,1,1,4.238678
struck,1,1,4.238678
membranophon,1,1,4.238678
reson,1,1,4.238678
benevol,1,1,4.238678
emporium,1,1,4.238678
occlupanid,1,1,4.238678
holotyp,1,1,4.238678
offshor,1,1,4.238678
wine,1,1,4.238678
sword,1,1,4.238678
assort,1,1,4.238678
therapist,1,1,4.238678
atheoret,1,2,4.238678
psychodynam,1,1,4.238678
newest,1,1,4.238678
psychiatr,1,7,4.238678
organolog,1,1,4.238678
amplifi,1,1,4.238678
electrophon,1,1,4.238678
ponzetto,1,2,4.238678
eswc,1,1,4.238678
sugi,1,1,4.238678
sarl,1,1,4.238678
strube,1,2,4.238678
nastas,1,1,4.238678
vivi,1,1,4.238678
cilia,1,1,4.238678
zirn,1,1,4.238678
rale,1,1,4.238678
aper,1,1,4.238678
adjudg,1,1,4.238678
taxonomist,1,1,4.238678
prot,1,1,4.238678
supertyp,1,1,4.238678
gellish,1,1,4.238678
novak,1,1,4.238678
stvr,1,1,4.238678
ut,1,1,4.238678
tse,1,1,4.238678
itsen,1,1,4.238678
khalil,1,1,4.238678
bould,1,1,4.238678
meyer,1,1,4.238678
jule,1,1,4.238678
dignum,1,1,4.238678
grossi,1,1,4.238678
hendra,1,1,4.238678
suryanto,1,1,4.238678
joab,1,1,4.238678
pasadena,1,1,4.238678
navigli,1,1,4.238678
natco,1,1,4.238678
damon,1,1,4.238678
centola,1,1,4.238678
baronchelli,1,1,4.238678
guilbeault,1,1,4.238678
brachman,1,2,4.238678
barnouw,1,1,4.238678
sebastopol,1,1,4.238678
rosenfeld,1,2,4.238678
morvil,1,1,4.238678
backend,1,1,4.238678
engstrom,1,1,4.238678
serp,1,3,4.238678
emeli,1,2,4.238678
mipro,1,1,4.238678
jernej,1,1,4.238678
gualtiero,1,1,4.238678
sneath,1,1,4.238678
sokal,1,1,4.238678
mayr,1,1,4.238678
preu,1,1,4.238678
pellegrin,1,1,4.238678
aristotelian,1,2,4.238678
edicion,1,1,4.238678
lynx,1,1,4.238678
barcelona,1,1,4.238678
avian,1,1,4.238678
fjeld,1,1,4.238678
foi,1,1,4.238678
laur,1,1,4.238678
vieu,1,1,4.238678
varzi,1,1,4.238678
hackett,1,1,4.238678
woodruff,1,1,4.238678
nehama,1,1,4.238678
phaedru,1,1,4.238678
staffan,1,2,4.238678
cladism,1,1,4.238678
kegan,1,1,4.238678
thelwal,1,1,4.238678
schmoch,1,1,4.238678
mo,1,1,4.238678
henk,1,1,4.238678
nzel,1,1,4.238678
gabelloni,1,1,4.238678
donata,1,1,4.238678
apreda,1,1,4.238678
fantoni,1,1,4.238678
versuch,1,1,4.238678
musikinstrument,1,1,4.238678
illia,1,1,4.238678
polosukhin,1,1,4.238678
ukasz,1,1,4.238678
llion,1,1,4.238678
uszkoreit,1,1,4.238678
niki,1,1,4.238678
parmar,1,1,4.238678
systematik,1,1,4.238678
lanham,1,1,4.238678
weinstock,1,1,4.238678
balt,1,1,4.238678
smelser,1,1,4.238678
dyer,1,1,4.238678
ratiocin,1,1,4.238678
xcv,1,1,4.238678
folksong,1,1,4.238678
sherjil,1,1,4.238678
ozair,1,1,4.238678
abadi,1,1,4.238678
pouget,1,1,4.238678
composition,1,1,4.238678
corrado,1,2,4.238678
kai,1,3,4.238678
sorc,1,1,4.238678
marcello,1,1,4.238678
albani,1,1,4.238678
siekmann,1,1,4.238678
urgeschicht,1,1,4.238678
anthropologi,1,1,4.238678
ethnologi,1,2,4.238678
cambridgeshir,1,2,4.238678
sourcebook,1,1,4.238678
stevan,1,1,4.238678
harnad,1,1,4.238678
bozinovski,1,5,4.238678
intersci,1,1,4.238678
willingham,1,1,4.238678
yorkshir,1,3,4.238678
boalth,1,5,4.238678
fba,1,4,4.238678
honour,1,6,4.238678
parrochia,1,1,4.238678
shank,1,1,4.238678
lambert,1,1,4.238678
sundberg,1,1,4.238678
rlin,1,1,4.238678
scientificamerican,1,1,4.238678
sciam,1,1,4.238678
milner,1,1,4.238678
whati,1,1,4.238678
nautilu,1,1,4.238678
entireti,1,1,4.238678
uninspir,1,1,4.238678
clru,1,4,4.238678
girton,1,5,4.238678
exil,1,2,4.238678
belat,1,1,4.238678
slogan,1,2,4.238678
ksj,1,1,4.238678
lovelac,1,3,4.238678
needham,1,3,4.238678
mater,1,1,4.238678
ref,1,1,4.238678
canalsid,1,1,4.238678
eccai,1,1,4.238678
pessimist,1,1,4.238678
remark,1,2,4.238678
tait,1,5,4.238678
rarer,1,1,4.238678
photosynthesi,1,1,4.238678
schoolteach,1,1,4.238678
resili,1,1,4.238678
fled,1,1,4.238678
slava,1,1,4.238678
gerovitch,1,1,4.238678
kohavi,1,2,4.238678
vii,1,3,4.238678
dordrecht,1,1,4.238678
mayburi,1,1,4.238678
wolfson,1,2,4.238678
koza,1,1,4.238678
verbatim,1,1,4.238678
tinyml,1,2,4.238678
unlearn,1,1,4.238678
colab,1,1,4.238678
emerita,1,1,4.238678
anon,1,2,4.238678
abbat,1,1,4.238678
pulman,1,1,4.238678
amisha,1,1,4.238678
padnani,1,1,4.238678
bult,1,1,4.238678
asist,1,1,4.238678
odnb,1,3,4.238678
cibb,1,1,4.238678
biostatist,1,1,4.238678
splunk,1,1,4.238678
sequencel,1,1,4.238678
rcase,1,1,4.238678
neurosolut,1,1,4.238678
elicit,1,2,4.238678
knn,1,2,4.238678
newnham,1,1,4.238678
nagao,1,1,4.238678
makoto,1,1,4.238678
hud,1,1,4.238678
telegraph,1,1,4.238678
girtonian,1,3,4.238678
eaa,1,1,4.238678
willett,1,1,4.238678
montan,1,3,4.238678
resnick,1,3,4.238678
bellcor,1,1,4.238678
mae,1,2,4.238678
grundi,1,1,4.238678
recpack,1,2,4.238678
rechoru,1,2,4.238678
recbol,1,2,4.238678
lenskit,1,2,4.238678
deemphas,1,1,4.238678
whilst,1,1,4.238678
playlist,1,3,4.238678
pervas,1,1,4.238678
movielen,1,2,4.238678
grouplen,1,3,4.238678
iro,1,1,4.238678
ingredi,1,1,4.238678
recip,1,1,4.238678
unwis,1,1,4.238678
transplant,1,1,4.238678
drar,1,2,4.238678
upset,1,1,4.238678
unwant,1,1,4.238678
mcdm,1,2,4.238678
unexplor,1,1,4.238678
mcr,1,3,4.238678
cascad,1,1,4.238678
bandit,1,4,4.238678
offlin,1,17,4.238678
herlock,1,2,4.238678
adomaviciu,1,5,4.238678
gedimina,1,3,4.238678
energ,1,2,4.238678
steadili,1,1,4.238678
mathematica,1,1,4.238678
kxen,1,1,4.238678
vertex,1,1,4.238678
azur,1,1,4.238678
yooreeka,1,1,4.238678
xgboost,1,1,4.238678
magnitud,1,1,4.238678
hstu,1,1,4.238678
transduct,1,2,4.238678
pickup,1,1,4.238678
stamp,1,2,4.238678
longitud,1,1,4.238678
latitud,1,1,4.238678
lyft,1,1,4.238678
theano,1,1,4.238678
shogun,1,1,4.238678
tmva,1,1,4.238678
mxnet,1,1,4.238678
mindspor,1,1,4.238678
elderli,1,1,4.238678
ramakrishnan,1,2,4.238678
reachabl,1,1,4.238678
dcg,1,1,4.238678
discount,1,1,4.238678
aros,1,1,4.238678
ecommerc,1,1,4.238678
graviti,1,1,4.238678
predictor,1,1,4.238678
tiebreak,1,1,4.238678
bellkor,1,2,4.238678
ricci,1,6,4.238678
lsa,1,1,4.238678
cosin,1,1,4.238678
outer,1,1,4.238678
axi,1,1,4.238678
inflex,1,1,4.238678
bellog,1,2,4.238678
konstan,1,9,4.238678
ekstrand,1,4,4.238678
notori,1,1,4.238678
groceri,1,1,4.238678
milk,1,1,4.238678
serendip,1,3,4.238678
younger,1,1,4.238678
wabbit,1,1,4.238678
vowpal,1,1,4.238678
remigiusz,1,1,4.238678
baran,1,1,4.238678
wtf,1,1,4.238678
reza,1,1,4.238678
dong,1,2,4.238678
aneesh,1,1,4.238678
goel,1,1,4.238678
pankaj,1,1,4.238678
mala,1,1,4.238678
dutta,1,1,4.238678
deepjyoti,1,1,4.238678
bracha,1,4,4.238678
shapira,1,5,4.238678
lior,1,4,4.238678
rokach,1,5,4.238678
francesco,1,5,4.238678
zachar,1,1,4.238678
szabo,1,1,4.238678
isak,1,1,4.238678
felfernig,1,2,4.238678
collabs,1,1,4.238678
clyde,1,1,4.238678
xiaolong,1,1,4.238678
gou,1,1,4.238678
hsuan,1,3,4.238678
keyphras,1,1,4.238678
experts,1,1,4.238678
gile,1,2,4.238678
ororbia,1,1,4.238678
zeja,1,1,4.238678
andrzej,1,2,4.238678
dziech,1,1,4.238678
masashi,1,1,4.238678
elahi,1,2,4.238678
ruben,1,2,4.238678
algo,1,1,4.238678
sy,1,1,4.238678
recom,1,1,4.238678
mooney,1,2,4.238678
webb,1,1,4.238678
sammut,1,1,4.238678
vika,1,1,4.238678
sindhwani,1,1,4.238678
prem,1,2,4.238678
ipad,1,1,4.238678
revamp,1,1,4.238678
tame,1,1,4.238678
cheetham,1,1,4.238678
bengani,1,1,4.238678
xiaotong,1,1,4.238678
shen,1,1,4.238678
junhui,1,1,4.238678
pennock,1,1,4.238678
ungar,1,2,4.238678
lyle,1,2,4.238678
popescul,1,1,4.238678
alexandrin,1,1,4.238678
cosrev,1,1,4.238678
knosi,1,2,4.238678
alcal,1,1,4.238678
hernando,1,1,4.238678
bobadilla,1,1,4.238678
dain,1,1,4.238678
kaplan,1,1,4.238678
scholarwork,1,1,4.238678
bois,1,1,4.238678
lkpi,1,1,4.238678
browsabl,1,1,4.238678
exposur,1,1,4.238678
zada,1,1,4.238678
nida,1,1,4.238678
linden,1,1,4.238678
snodgrass,1,1,4.238678
harbick,1,1,4.238678
wachob,1,1,4.238678
herz,1,2,4.238678
techpolici,1,1,4.238678
priyanjana,1,1,4.238678
thorburn,1,1,4.238678
stray,1,1,4.238678
yingqian,1,1,4.238678
changxin,1,1,4.238678
yuji,1,1,4.238678
kaiyuan,1,1,4.238678
xingyu,1,1,4.238678
pan,1,1,4.238678
yushuo,1,1,4.238678
zihan,1,1,4.238678
yupeng,1,1,4.238678
shanlei,1,1,4.238678
xin,1,3,4.238678
autorecsi,1,1,4.238678
joeran,1,6,4.238678
tobia,1,1,4.238678
boisest,1,1,4.238678
facpub,1,1,4.238678
syslab,1,1,4.238678
bart,1,1,4.238678
goethal,1,1,4.238678
verachtert,1,1,4.238678
lien,1,1,4.238678
michiel,1,1,4.238678
shaop,1,1,4.238678
peiji,1,1,4.238678
weizhi,1,1,4.238678
zhiyu,1,1,4.238678
hanyu,1,1,4.238678
jiayu,1,1,4.238678
pengfei,1,1,4.238678
xinyan,1,1,4.238678
zhichao,1,1,4.238678
feng,1,3,4.238678
stead,1,1,4.238678
upendra,1,1,4.238678
mallet,1,1,4.238678
lightgbm,1,1,4.238678
libsvm,1,1,4.238678
kubeflow,1,1,4.238678
kera,1,1,4.238678
jubatu,1,1,4.238678
jasp,1,1,4.238678
jax,1,1,4.238678
dlib,1,1,4.238678
deepspe,1,1,4.238678
deeplearn,1,1,4.238678
catboost,1,1,4.238678
caff,1,1,4.238678
shardanand,1,1,4.238678
heckerman,1,1,4.238678
brees,1,1,4.238678
breiting,1,3,4.238678
genzmehr,1,6,4.238678
terveen,1,1,4.238678
tkde,1,2,4.238678
idso,1,1,4.238678
tuzhilin,1,2,4.238678
riedl,1,6,4.238678
bergstr,1,1,4.238678
suchak,1,1,4.238678
mitesh,1,1,4.238678
iacov,1,1,4.238678
neophyto,1,1,4.238678
furna,1,1,4.238678
rosenstein,1,1,4.238678
slovakia,1,1,4.238678
bratislava,1,1,4.238678
preux,1,1,4.238678
barcelo,1,1,4.238678
risson,1,1,4.238678
paix,1,1,4.238678
cio,1,1,4.238678
fel,1,1,4.238678
yong,1,2,4.238678
jihoon,1,1,4.238678
sanghack,1,1,4.238678
karypi,1,2,4.238678
sarwar,1,1,4.238678
uai,1,1,4.238678
fourteenth,1,3,4.238678
kadi,1,1,4.238678
kobsa,1,1,4.238678
urib,1,1,4.238678
reengin,1,1,4.238678
hoekstra,1,1,4.238678
rink,1,1,4.238678
pubmend,1,1,4.238678
shang,1,1,4.238678
blanda,1,1,4.238678
renchu,1,1,4.238678
guan,1,2,4.238678
xiaoyu,1,1,4.238678
yanchun,1,1,4.238678
donghui,1,1,4.238678
brusilovski,1,2,4.238678
charu,1,1,4.238678
aggarw,1,1,4.238678
balakrishnan,1,1,4.238678
narayanaswami,1,1,4.238678
yifei,1,1,4.238678
francoi,1,1,4.238678
belletti,1,1,4.238678
covington,1,1,4.238678
beutel,1,1,4.238678
minmin,1,1,4.238678
domonko,1,1,4.238678
tikk,1,1,4.238678
baltruna,1,1,4.238678
alexandro,1,3,4.238678
karatzogl,1,3,4.238678
bal,1,2,4.238678
hidasi,1,2,4.238678
nejdl,1,1,4.238678
vihan,1,1,4.238678
joemon,1,1,4.238678
ioanni,1,1,4.238678
arapaki,1,1,4.238678
refuo,1,1,4.238678
mokhosi,1,1,4.238678
yifu,1,1,4.238678
lian,1,1,4.238678
zhaochun,1,1,4.238678
zhumin,1,1,4.238678
pengji,1,1,4.238678
julian,1,1,4.238678
mcauley,1,1,4.238678
torino,1,1,4.238678
hao,1,1,4.238678
haibin,1,2,4.238678
tushar,1,1,4.238678
chandra,1,1,4.238678
systemd,1,1,4.238678
mllib,1,1,4.238678
singa,1,1,4.238678
opennlp,1,1,4.238678
mahout,1,1,4.238678
quantis,1,1,4.238678
prune,1,1,4.238678
leak,1,1,4.238678
microcontrol,1,1,4.238678
rui,1,2,4.238678
ritesh,1,1,4.238678
agarw,1,1,4.238678
sanmit,1,1,4.238678
narvekar,1,1,4.238678
djallel,1,1,4.238678
bouneffouf,1,1,4.238678
kwon,1,1,4.238678
youngok,1,1,4.238678
manous,1,1,4.238678
multicriteria,1,1,4.238678
tsoukia,1,1,4.238678
matsatsini,1,1,4.238678
lakiotaki,1,1,4.238678
dawei,1,1,4.238678
weidong,1,1,4.238678
jiax,1,1,4.238678
zhuoy,1,1,4.238678
zou,1,1,4.238678
slateq,1,1,4.238678
boutili,1,1,4.238678
xing,1,1,4.238678
subdomain,1,1,4.238678
memristor,1,1,4.238678
fpga,1,3,4.238678
liao,1,1,4.238678
jiaqi,1,1,4.238678
haralambo,1,1,4.238678
mouratidi,1,1,4.238678
nikolao,1,1,4.238678
polatidi,1,1,4.238678
pimenidi,1,1,4.238678
pazzani,1,1,4.238678
grutes,1,1,4.238678
xiao,1,1,4.238678
keli,1,1,4.238678
xiong,1,1,4.238678
acmsigir,1,1,4.238678
disproportion,1,1,4.238678
geolitica,1,1,4.238678
amatriain,1,1,4.238678
capra,1,1,4.238678
lathia,1,1,4.238678
brokeback,1,1,4.238678
trixfaktoriz,1,1,4.238678
bodoki,1,1,4.238678
volinski,1,2,4.238678
koren,1,2,4.238678
transduc,1,1,4.238678
louder,1,1,4.238678
fangda,1,1,4.238678
zhaoji,1,1,4.238678
yuem,1,1,4.238678
micarelli,1,1,4.238678
weibelzahl,1,1,4.238678
prejudic,1,1,4.238678
carberri,1,1,4.238678
geoffray,1,1,4.238678
bonnin,1,1,4.238678
fatih,1,1,4.238678
gedikli,1,1,4.238678
luka,1,1,4.238678
lerch,1,1,4.238678
dietmar,1,4,4.238678
jannach,1,4,4.238678
wen,1,1,4.238678
tsui,1,1,4.238678
chien,1,1,4.238678
hsin,1,1,4.238678
mcnee,1,1,4.238678
ziegler,1,1,4.238678
digitis,1,1,4.238678
repsi,1,2,4.238678
rnberger,1,3,4.238678
eirini,1,1,4.238678
ntoutsi,1,1,4.238678
basaran,1,1,4.238678
marcin,1,1,4.238678
werla,1,1,4.238678
cezari,1,1,4.238678
mazurek,1,1,4.238678
saranto,1,1,4.238678
kapidaki,1,1,4.238678
giovanni,1,1,4.238678
semeraro,1,1,4.238678
batul,1,1,4.238678
naren,1,1,4.238678
see,1,1,4.238678
cosley,1,1,4.238678
lnc,1,1,4.238678
tpdl,1,3,4.238678
farrugia,1,3,4.238678
tsakona,1,3,4.238678
papatheodor,1,3,4.238678
dobreva,1,3,4.238678
milena,1,3,4.238678
aalberg,1,3,4.238678
trond,1,3,4.238678
varga,1,1,4.238678
hurley,1,1,4.238678
lausen,1,1,4.238678
ferrari,1,2,4.238678
multiag,1,1,4.238678
llu,1,1,4.238678
josep,1,1,4.238678
beatriz,1,1,4.238678
miquel,1,1,4.238678
efb,1,1,4.238678
beb,1,1,4.238678
bram,1,1,4.238678
helberg,1,1,4.238678
trill,1,1,4.238678
judith,1,1,4.238678
rsh,1,1,4.238678
kantor,1,1,4.238678
grama,1,1,4.238678
ananth,1,1,4.238678
titericz,1,1,4.238678
puget,1,1,4.238678
deott,1,1,4.238678
schiffer,1,1,4.238678
cong,1,1,4.238678
geng,1,1,4.238678
xinghua,1,1,4.238678
fang,1,1,4.238678
walid,1,1,4.238678
krichen,1,1,4.238678
steffen,1,1,4.238678
rendl,1,1,4.238678
troubl,1,1,4.238678
cremonesi,1,2,4.238678
boglio,1,1,4.238678
dacrema,1,2,4.238678
basilico,1,1,4.238678
raimond,1,1,4.238678
auc,1,2,4.238678
fnr,1,1,4.238678
yve,1,1,4.238678
sanner,1,1,4.238678
yichao,1,1,4.238678
zhaoyu,1,1,4.238678
himanshu,1,1,4.238678
rai,1,1,4.238678
maksim,1,1,4.238678
volkov,1,1,4.238678
webtour,1,1,4.238678
ronay,1,1,4.238678
jiwei,1,1,4.238678
gilberto,1,1,4.238678
tast,1,1,4.238678
seaver,1,1,4.238678
gerhard,1,1,4.238678
zanker,1,1,4.238678
srikumar,1,1,4.238678
bhasker,1,1,4.238678
bharat,1,1,4.238678
dhillon,1,1,4.238678
tewari,1,1,4.238678
samek,1,1,4.238678
itkd,1,1,4.238678
technol,1,1,4.238678
khanal,1,1,4.238678
icacccn,1,2,4.238678
alejandro,1,1,4.238678
lommatzsch,1,1,4.238678
unreason,1,1,4.238678
holdout,1,2,4.238678
backdoor,1,4,4.238678
perturb,1,1,4.238678
misclassifi,1,1,4.238678
oblivi,1,1,4.238678
wager,1,41,4.238678
bettor,1,27,4.238678
crypto,1,22,4.238678
payout,1,24,4.238678
sportsbook,1,29,4.238678
soto,1,1,4.238678
overkil,1,2,4.238678
nagarajan,1,1,4.238678
ramadass,1,1,4.238678
yehuda,1,1,4.238678
draftk,1,2,4.238678
fanduel,1,1,4.238678
gtbet,1,2,4.238678
bookmak,1,3,4.238678
juic,1,1,4.238678
parlay,1,17,4.238678
favorit,1,4,4.238678
bovada,1,2,4.238678
betu,1,2,4.238678
bonus,1,22,4.238678
rollov,1,8,4.238678
everygam,1,8,4.238678
mybooki,1,11,4.238678
busr,1,12,4.238678
betnow,1,11,4.238678
betwhal,1,11,4.238678
matchup,1,7,4.238678
standout,1,2,4.238678
emb,1,1,4.238678
delus,1,2,4.238678
confabul,1,1,4.238678
bullshit,1,3,4.238678
carriag,1,2,4.238678
moneylin,1,5,4.238678
casual,1,3,4.238678
fiat,1,3,4.238678
con,1,5,4.238678
seamlessli,1,1,4.238678
bankrol,1,10,4.238678
fingertip,1,1,4.238678
marque,1,2,4.238678
hassl,1,4,4.238678
touchdown,1,1,4.238678
rush,1,1,4.238678
jacobit,1,2,4.238678
chimney,1,1,4.238678
viaduct,1,2,4.238678
glenfinnan,1,2,4.238678
sgp,1,5,4.238678
excit,1,5,4.238678
seamless,1,2,4.238678
safer,1,4,4.238678
paspa,1,1,4.238678
primetim,1,1,4.238678
promo,1,6,4.238678
riski,1,1,4.238678
volatil,1,1,4.238678
cashout,1,5,4.238678
kyc,1,1,4.238678
cater,1,1,4.238678
uncur,1,1,4.238678
autophagi,1,2,4.238678
habsburg,1,1,4.238678
cannib,1,4,4.238678
inbreed,1,2,4.238678
gerrymand,1,1,4.238678
stricter,1,1,4.238678
betslip,1,1,4.238678
streamlin,1,2,4.238678
wallet,1,5,4.238678
debit,1,2,4.238678
bigger,1,2,4.238678
thrill,1,1,4.238678
quarterback,1,1,4.238678
ncpg,1,1,4.238678
lisbdnet,1,1,4.238678
misconcept,1,1,4.238678
workload,1,2,4.238678
hostil,1,1,4.238678
cashback,1,1,4.238678
tactic,1,1,4.238678
afraid,1,1,4.238678
fanat,1,1,4.238678
injuri,1,1,4.238678
underdog,1,3,4.238678
smoother,1,1,4.238678
sunday,1,1,4.238678
overwhelm,1,2,4.238678
embark,1,1,4.238678
eas,1,1,4.238678
dev,1,1,4.238678
pedestrian,1,3,4.238678
satisfactori,1,1,4.238678
opaqu,1,1,4.238678
pid,1,1,4.238678
hugo,1,1,4.238678
multifield,1,1,4.238678
sim,1,1,4.238678
entic,1,1,4.238678
proactiv,1,1,4.238678
reload,1,1,4.238678
hesit,1,1,4.238678
betblock,1,1,4.238678
begambleawar,1,1,4.238678
gambler,1,1,4.238678
referr,1,1,4.238678
conrad,1,1,4.238678
sake,1,1,4.238678
filial,1,1,4.238678
shelv,1,6,4.238678
analytico,1,2,4.238678
enum,1,4,4.238678
miscellan,1,1,4.238678
linkedin,1,1,4.238678
csv,1,1,4.238678
ri,1,1,4.238678
endnot,1,1,4.238678
paisd,1,1,4.238678
clipboard,1,4,4.238678
profound,1,2,4.238678
annu,1,6,4.238678
mon,1,2,4.238678
mazarin,1,2,4.238678
hurrican,1,2,4.238678
wildfir,1,2,4.238678
solvent,1,2,4.238678
collector,1,1,4.238678
mesm,1,2,4.238678
mortier,1,1,4.238678
sident,1,1,4.238678
naud,1,8,4.238678
granular,1,1,4.238678
unwork,1,1,4.238678
whim,1,1,4.238678
alexandria,1,1,4.238678
callimachu,1,1,4.238678
pinak,1,1,4.238678
gessner,1,1,4.238678
yench,1,2,4.238678
gladston,1,5,4.238678
garsid,1,2,4.238678
bliss,1,4,4.238678
bisac,1,2,4.238678
ranganathan,1,3,4.238678
lcc,1,3,4.238678
biblioteksf,1,1,4.238678
nna,1,1,4.238678
allm,1,1,4.238678
sab,1,3,4.238678
iconclass,1,1,4.238678
udc,1,4,4.238678
ddc,1,10,4.238678
lettr,1,1,4.238678
brunet,1,2,4.238678
enumer,1,1,4.238678
ol,1,1,4.238678
covid,1,2,4.238678
unrecognis,1,1,4.238678
pluse,1,1,4.238678
secondli,1,1,4.238678
firstli,1,2,4.238678
cutter,1,3,4.238678
bbk,1,1,4.238678
kdc,1,2,4.238678
clc,1,2,4.238678
ndc,1,2,4.238678
nippon,1,2,4.238678
rvk,1,1,4.238678
verbundklassifik,1,1,4.238678
regensburg,1,1,4.238678
cinematch,1,1,4.238678
tomograph,1,1,4.238678
vinod,1,3,4.238678
microsystem,1,1,4.238678
evelyn,1,1,4.238678
munich,1,1,4.238678
jerzi,1,1,4.238678
wojciechowski,1,1,4.238678
radha,1,1,4.238678
shri,1,1,4.238678
ganesh,1,1,4.238678
bhattacharya,1,1,4.238678
sayer,1,2,4.238678
berwick,1,2,4.238678
breviti,1,1,4.238678
mnemon,1,1,4.238678
advi,1,1,4.238678
boitano,1,1,4.238678
gboard,1,1,4.238678
skew,1,1,4.238678
archon,1,1,4.238678
hamden,1,1,4.238678
jistap,1,1,4.238678
satija,1,1,4.238678
loi,1,1,4.238678
courtney,1,1,4.238678
mlinar,1,1,4.238678
ict,1,1,4.238678
shivendra,1,1,4.238678
pandita,1,1,4.238678
handwrit,1,1,4.238678
cheminformat,1,1,4.238678
rbml,1,2,4.238678
quantif,1,1,4.238678
caveat,1,1,4.238678
pmf,1,1,4.238678
transinforma,1,1,4.238678
madalena,1,1,4.238678
nave,1,1,4.238678
moreira,1,1,4.238678
coura,1,1,4.238678
benild,1,1,4.238678
maculan,1,1,4.238678
ana,1,1,4.238678
matveyeva,1,1,4.238678
une,1,1,4.238678
dresser,1,1,4.238678
pour,1,1,4.238678
codoc,1,1,4.238678
shafer,1,3,4.238678
dempster,1,4,4.238678
ccl,1,1,4.238678
consortia,1,1,4.238678
weed,1,1,4.238678
rove,1,1,4.238678
inventori,1,1,4.238678
opac,1,1,4.238678
documentalist,1,1,4.238678
informationist,1,1,4.238678
outlook,1,1,4.238678
mulero,1,1,4.238678
iva,1,1,4.238678
vila,1,1,4.238678
cybersecur,1,2,4.238678
tsfresh,1,5,4.238678
tsflex,1,4,4.238678
getml,1,4,4.238678
onebm,1,2,4.238678
featuretool,1,5,4.238678
insignific,1,1,4.238678
imput,1,1,4.238678
mcmd,1,4,4.238678
ntd,1,1,4.238678
ntf,1,1,4.238678
nmtf,1,1,4.238678
sediment,1,1,4.238678
nusselt,1,1,4.238678
dimensionless,1,1,4.238678
mrdtl,1,5,4.238678
superintend,1,1,4.238678
hua,1,1,4.238678
seung,1,1,4.238678
suspens,1,1,4.238678
macqueron,1,1,4.238678
shai,1,2,4.238678
shwartz,1,1,4.238678
shalev,1,1,4.238678
trc,1,1,4.238678
trpc,1,1,4.238678
nayak,1,2,4.238678
shubham,1,3,4.238678
resort,1,1,4.238678
df,1,1,4.238678
seglearn,1,3,4.238678
kat,1,3,4.238678
tsfel,1,4,4.238678
dag,1,1,4.238678
acycl,1,2,4.238678
wet,1,1,4.238678
grass,1,1,4.238678
sprinkler,1,2,4.238678
trendlin,1,2,4.238678
zdenek,1,1,4.238678
aw,1,1,4.238678
len,1,1,4.238678
khanh,1,1,4.238678
luong,1,1,4.238678
comon,1,1,4.238678
lek,1,1,4.238678
icdm,1,1,4.238678
nonneg,1,3,4.238678
feip,1,1,4.238678
donckt,1,2,4.238678
idlab,1,1,4.238678
oznur,1,1,4.238678
tiep,1,1,4.238678
mathieu,1,1,4.238678
johann,1,1,4.238678
thiebaut,1,1,4.238678
hoang,1,1,4.238678
thanh,1,1,4.238678
qut,1,1,4.238678
alteryx,1,1,4.238678
crossmin,1,1,4.238678
wallen,1,1,4.238678
sieb,1,1,4.238678
knobb,1,1,4.238678
zabokrtski,1,1,4.238678
boehmk,1,1,4.238678
sarker,1,1,4.238678
admin,1,1,4.238678
explorium,1,2,4.238678
dsaa,1,2,4.238678
endeavor,1,1,4.238678
kalyan,1,1,4.238678
veeramachaneni,1,1,4.238678
kanter,1,1,4.238678
facebookresearch,1,1,4.238678
softx,1,2,4.238678
softwarex,1,1,4.238678
sofi,1,1,4.238678
hoeck,1,1,4.238678
emiel,1,1,4.238678
deprost,1,1,4.238678
platt,1,1,4.238678
regressor,1,1,4.238678
bootstrap,1,3,4.238678
rfr,1,6,4.238678
pcbi,1,1,4.238678
plscb,1,1,4.238678
tavazzi,1,1,4.238678
oneto,1,1,4.238678
chicco,1,1,4.238678
miot,1,1,4.238678
otrok,1,1,4.238678
mizouni,1,1,4.238678
abououf,1,1,4.238678
zumel,1,1,4.238678
casari,1,1,4.238678
greenwel,1,1,4.238678
plotkin,1,3,4.238678
piecewis,1,1,4.238678
synaps,1,3,4.238678
connectionist,1,3,4.238678
arrow,1,1,4.238678
circular,1,1,4.238678
schwarz,1,1,4.238678
credibl,1,1,4.238678
nest,1,2,4.238678
laplac,1,16,4.238678
indiffer,1,1,4.238678
cromwel,1,1,4.238678
lzisch,1,1,4.238678
cryptanalysi,1,3,4.238678
frequentist,1,3,4.238678
bent,1,2,4.238678
vert,1,28,4.238678
logarithm,1,1,4.238678
mcgrayn,1,2,4.238678
hooper,1,2,4.238678
martyn,1,2,4.238678
bruss,1,3,4.238678
saunderson,1,1,4.238678
stigler,1,5,4.238678
pythagorean,1,1,4.238678
axiomat,1,1,4.238678
probabilit,1,3,4.238678
unawar,1,1,4.238678
annuiti,1,1,4.238678
aloud,1,1,4.238678
binomi,1,1,4.238678
ehud,1,4,4.238678
kolmogorov,1,2,4.238678
andrey,1,1,4.238678
nikodym,1,1,4.238678
radon,1,2,4.238678
parametr,1,1,4.238678
propto,1,1,4.238678
dagger,1,1,4.238678
assassin,1,1,4.238678
eyebrow,1,1,4.238678
suspici,1,1,4.238678
lnot,1,1,4.238678
ascrib,1,1,4.238678
flip,1,2,4.238678
pancreat,1,4,4.238678
uncondit,1,1,4.238678
neq,1,2,4.238678
moir,1,4,4.238678
ioannidi,1,1,4.238678
metasci,1,1,4.238678
qbism,1,1,4.238678
phylogeni,1,1,4.238678
recess,1,1,4.238678
crack,1,2,4.238678
enigma,1,2,4.238678
pedagog,1,1,4.238678
cipher,1,2,4.238678
envelop,1,2,4.238678
monti,1,3,4.238678
condition,1,3,4.238678
kinemat,1,1,4.238678
infect,1,23,4.238678
multipli,1,1,4.238678
fil,1,2,4.238678
villar,1,2,4.238678
meat,1,1,4.238678
hamburg,1,1,4.238678
burger,1,1,4.238678
rightarrow,1,1,4.238678
potato,1,2,4.238678
onion,1,2,4.238678
gauthier,1,2,4.238678
te,1,2,4.238678
compl,1,2,4.238678
oeuvr,1,2,4.238678
tranger,1,1,4.238678
savant,1,1,4.238678
mie,1,2,4.238678
nement,1,1,4.238678
xxiii,1,1,4.238678
rsnr,1,1,4.238678
rstl,1,1,4.238678
canton,1,1,4.238678
hartley,1,2,4.238678
apostl,1,1,4.238678
truscott,1,1,4.238678
marqui,1,1,4.238678
veuv,1,1,4.238678
madam,1,1,4.238678
courcier,1,2,4.238678
philosophiqu,1,1,4.238678
essai,1,1,4.238678
fonction,1,1,4.238678
sont,1,1,4.238678
qui,1,1,4.238678
kane,1,1,4.238678
bernardo,1,1,4.238678
downey,1,1,4.238678
biomet,1,1,4.238678
biometrika,1,1,4.238678
xxxvii,1,1,4.238678
triumphant,1,1,4.238678
submarin,1,1,4.238678
god,1,1,4.238678
vereinigung,1,1,4.238678
mathematik,1,1,4.238678
jahresbericht,1,1,4.238678
bock,1,1,4.238678
velleman,1,1,4.238678
vaux,1,1,4.238678
daston,1,1,4.238678
jek,1,1,4.238678
arun,1,1,4.238678
ski,1,2,4.238678
imi,1,2,4.238678
tomasz,1,1,4.238678
agraw,1,3,4.238678
rakesh,1,1,4.238678
immun,1,3,4.238678
ramsey,1,1,4.238678
cheryl,1,1,4.238678
misak,1,1,4.238678
skyrm,1,1,4.238678
persi,1,2,4.238678
diaconi,1,2,4.238678
orloff,1,1,4.238678
packt,1,1,4.238678
koller,1,1,4.238678
maml,1,1,4.238678
multitud,1,1,4.238678
unbalanc,1,1,4.238678
abnorm,1,1,4.238678
oijen,1,1,4.238678
jayn,1,1,4.238678
casella,1,1,4.238678
sjo,1,1,4.238678
scandinavian,1,1,4.238678
lindqvist,1,1,4.238678
jarl,1,1,4.238678
tufto,1,1,4.238678
gunnar,1,1,4.238678
taraldsen,1,1,4.238678
tjur,1,1,4.238678
physreva,1,1,4.238678
spekken,1,1,4.238678
leifer,1,1,4.238678
rescorla,1,1,4.238678
urbach,1,1,4.238678
colin,1,1,4.238678
howson,1,1,4.238678
meir,1,1,4.238678
hemmo,1,1,4.238678
yemima,1,1,4.238678
menahem,1,1,4.238678
decoher,1,1,4.238678
diger,1,1,4.238678
schack,1,1,4.238678
fuch,1,1,4.238678
zabel,1,2,4.238678
shuji,1,1,4.238678
cryptologia,1,1,4.238678
burst,1,1,4.238678
suspicion,1,1,4.238678
simpson,1,2,4.238678
jep,1,1,4.238678
greener,1,1,4.238678
nalebuff,1,1,4.238678
plenum,1,1,4.238678
rosenhous,1,1,4.238678
shin,1,1,4.238678
ichikawa,1,1,4.238678
shinsuk,1,1,4.238678
shimojo,1,1,4.238678
mcelreath,1,1,4.238678
weter,1,1,4.238678
warnock,1,1,4.238678
orlando,1,1,4.238678
schweri,1,1,4.238678
sottani,1,1,4.238678
barido,1,1,4.238678
katrina,1,1,4.238678
goddard,1,1,4.238678
wilfond,1,1,4.238678
devan,1,1,4.238678
duena,1,1,4.238678
gim,1,1,4.238678
prenat,1,1,4.238678
fibrosi,1,1,4.238678
cystic,1,1,4.238678
grodi,1,1,4.238678
hawley,1,1,4.238678
encyclopaedia,1,1,4.238678
veritasium,1,1,4.238678
denois,1,1,4.238678
sensori,1,1,4.238678
disentangl,1,1,4.238678
memoir,1,1,4.238678
schmitt,1,1,4.238678
joyc,1,1,4.238678
bolstad,1,1,4.238678
malcolm,1,1,4.238678
ziheng,1,1,4.238678
rei,1,1,4.238678
fabr,1,1,4.238678
nascimento,1,1,4.238678
openreseurop,1,1,4.238678
mcmc,1,1,4.238678
undesir,1,2,4.238678
wherefrom,1,1,4.238678
factoris,1,2,4.238678
implaus,1,1,4.238678
illiter,1,1,4.238678
adulthood,1,1,4.238678
menc,1,1,4.238678
rive,1,1,4.238678
antoinett,1,1,4.238678
bartholomew,1,1,4.238678
suburb,1,1,4.238678
couzon,1,2,4.238678
grandfath,1,2,4.238678
dit,1,5,4.238678
oullin,1,3,4.238678
lyonnai,1,3,4.238678
cutleri,1,2,4.238678
caa,1,4,4.238678
crossbar,1,5,4.238678
mdp,1,2,4.238678
burner,1,1,4.238678
blanchisseur,1,1,4.238678
bleacher,1,1,4.238678
eymard,1,4,4.238678
bowr,1,2,4.238678
dabbl,1,1,4.238678
quarri,1,1,4.238678
vineyard,1,1,4.238678
printer,1,2,4.238678
bookbind,1,2,4.238678
arduou,1,1,4.238678
barret,1,3,4.238678
rumor,1,1,4.238678
ought,1,1,4.238678
regularis,1,2,4.238678
lie,1,1,4.238678
pichegru,1,1,4.238678
battalion,1,1,4.238678
loir,1,1,4.238678
rhine,1,1,4.238678
fought,1,1,4.238678
escap,1,1,4.238678
rhone,1,2,4.238678
debt,1,2,4.238678
deepli,1,1,4.238678
dowri,1,2,4.238678
boichon,1,4,4.238678
claudin,1,1,4.238678
folder,1,1,4.238678
supervisori,1,2,4.238678
predesign,1,1,4.238678
react,1,1,4.238678
categoris,1,2,4.238678
depriv,1,1,4.238678
fierc,1,1,4.238678
metier,1,1,4.238678
ais,1,1,4.238678
produit,1,1,4.238678
treadl,1,1,4.238678
swordsmith,1,1,4.238678
lon,1,1,4.238678
antoin,1,2,4.238678
claudett,1,2,4.238678
sloppi,1,1,4.238678
ipt,1,1,4.238678
flac,1,2,4.238678
codec,1,1,4.238678
png,1,2,4.238678
strung,1,1,4.238678
manchest,1,1,4.238678
erect,1,1,4.238678
breton,1,1,4.238678
livelihood,1,1,4.238678
intim,1,1,4.238678
unavail,1,1,4.238678
breiman,1,2,4.238678
leo,1,1,4.238678
preassign,1,1,4.238678
poorer,1,1,4.238678
underfit,1,1,4.238678
empress,1,1,4.238678
emperor,1,2,4.238678
dutillieu,1,1,4.238678
bonapart,1,1,4.238678
napoleon,1,3,4.238678
britain,1,1,4.238678
pulley,1,1,4.238678
eyelet,1,1,4.238678
pin,1,1,4.238678
inspector,1,1,4.238678
modestli,1,1,4.238678
deflect,1,1,4.238678
drape,1,2,4.238678
snag,1,3,4.238678
condens,1,1,4.238678
fidel,1,2,4.238678
revu,1,1,4.238678
volut,1,1,4.238678
opencv,1,1,4.238678
aivc,1,1,4.238678
maxin,1,1,4.238678
unzip,1,2,4.238678
smallest,1,1,4.238678
hutter,1,3,4.238678
aixi,1,1,4.238678
ppm,1,1,4.238678
faill,1,1,4.238678
engend,1,1,4.238678
huchard,1,3,4.238678
unabridg,1,1,4.238678
lifelong,1,1,4.238678
josephin,1,1,4.238678
lossless,1,4,4.238678
preclud,1,1,4.238678
implicitli,1,3,4.238678
compressor,1,3,4.238678
caniqu,1,2,4.238678
tribul,1,1,4.238678
alit,1,2,4.238678
gend,1,2,4.238678
naturel,1,1,4.238678
physiqu,1,1,4.238678
imprimeri,1,1,4.238678
rivington,1,1,4.238678
marston,1,1,4.238678
sampson,1,1,4.238678
rey,1,1,4.238678
histoir,1,1,4.238678
rift,1,1,4.238678
solvabl,1,1,4.238678
flourish,1,1,4.238678
reorganis,1,1,4.238678
rumelhart,1,1,4.238678
ortner,1,1,4.238678
textilbericht,1,1,4.238678
melliand,1,1,4.238678
sonderdruck,1,1,4.238678
prinzip,1,1,4.238678
kreindl,1,2,4.238678
historyofsci,1,1,4.238678
dite,1,1,4.238678
ritabl,1,1,4.238678
vill,1,2,4.238678
lzw,1,1,4.238678
millin,1,1,4.238678
hatter,1,1,4.238678
onor,1,1,4.238678
vatican,1,1,4.238678
prak,1,1,4.238678
guild,1,2,4.238678
lilian,1,1,4.238678
payson,1,1,4.238678
abbott,1,1,4.238678
peg,1,1,4.238678
canva,1,1,4.238678
muhlviertel,1,1,4.238678
convincingli,1,1,4.238678
generalis,1,9,4.238678
reinvent,1,2,4.238678
plagu,1,1,4.238678
quota,1,1,4.238678
potsdam,1,1,4.238678
margarin,1,1,4.238678
passov,1,1,4.238678
outbreak,1,1,4.238678
parad,1,1,4.238678
spgh,1,1,4.238678
bahadur,1,1,4.238678
morfey,1,1,4.238678
nato,1,1,4.238678
bohdana,1,1,4.238678
dwg,1,1,4.238678
wash,1,1,4.238678
invoc,1,1,4.238678
transclud,1,2,4.238678
eponym,1,1,4.238678
duda,1,3,4.238678
reevalu,1,1,4.238678
goof,1,2,4.238678
repetit,1,1,4.238678
rudimentari,1,1,4.238678
electrocardiogram,1,1,4.238678
abrahadabra,1,1,4.238678
abiogenesi,1,1,4.238678
abe,1,1,4.238678
shinzo,1,1,4.238678
initio,1,1,4.238678
modulair,1,1,4.238678
armement,1,1,4.238678
aaby,1,1,4.238678
barricada,1,1,4.238678
redistrict,1,1,4.238678
adflatuss,1,1,4.238678
aust,1,1,4.238678
cybertron,1,1,4.238678
hebbian,1,1,4.238678
nerv,1,1,4.238678
adawoolf,1,4,4.238678
corneliu,1,1,4.238678
cyru,1,1,4.238678
seti,1,1,4.238678
brownian,1,1,4.238678
akara,1,1,4.238678
abzu,1,1,4.238678
thelema,1,1,4.238678
abyss,1,1,4.238678
convex,1,1,4.238678
abras,1,1,4.238678
affix,1,1,4.238678
disjunct,1,1,4.238678
hebb,1,2,4.238678
afar,1,1,4.238678
landform,1,1,4.238678
aeolian,1,1,4.238678
bleskiv,1,1,4.238678
advertori,1,1,4.238678
nsdap,1,1,4.238678
adorj,1,1,4.238678
adorjan,1,1,4.238678
adorc,1,1,4.238678
adolesc,1,1,4.238678
incidentarch,1,1,4.238678
adiaphora,1,1,4.238678
adhes,1,1,4.238678
ailish,1,1,4.238678
aigun,1,1,4.238678
eda,1,1,4.238678
ula,1,1,4.238678
ahu,1,1,4.238678
ahimsa,1,1,4.238678
agrovoc,1,1,4.238678
agramont,1,1,4.238678
agnotolog,1,1,4.238678
agl,1,1,4.238678
nanorod,1,1,4.238678
provocateur,1,1,4.238678
hypnotherapi,1,1,4.238678
agat,1,1,4.238678
agap,1,1,4.238678
pygmi,1,1,4.238678
alonso,1,1,4.238678
yeo,1,1,4.238678
shinjoung,1,1,4.238678
alm,1,1,4.238678
almond,1,1,4.238678
alley,1,1,4.238678
aljamiado,1,1,4.238678
algospeak,1,1,4.238678
algal,1,1,4.238678
algacultur,1,1,4.238678
alderson,1,1,4.238678
alchem,1,1,4.238678
akrodha,1,1,4.238678
akrasia,1,1,4.238678
ajvar,1,1,4.238678
pollut,1,1,4.238678
amuda,1,1,4.238678
carterett,1,1,4.238678
hugu,1,1,4.238678
oguz,1,1,4.238678
semerci,1,1,4.238678
amper,1,1,4.238678
globosu,1,1,4.238678
amorph,1,1,4.238678
aminoisobutyr,1,1,4.238678
mafia,1,1,4.238678
craton,1,1,4.238678
amazonian,1,1,4.238678
dsv,1,1,4.238678
aluminaut,1,1,4.238678
deiti,1,1,4.238678
alpheu,1,1,4.238678
blurb,1,1,4.238678
nyt,1,1,4.238678
macedonian,1,1,4.238678
worship,1,1,4.238678
vener,1,1,4.238678
analemma,1,1,4.238678
anagha,1,1,4.238678
anaesthet,1,1,4.238678
anachron,1,1,4.238678
aveng,1,1,4.238678
twq,1,1,4.238678
firefind,1,1,4.238678
tpq,1,1,4.238678
pv,1,1,4.238678
alr,1,2,4.238678
alq,1,3,4.238678
bislama,1,1,4.238678
aru,1,1,4.238678
aymar,1,1,4.238678
nglisc,1,1,4.238678
scam,1,1,4.238678
ieeec,1,1,4.238678
sigoi,1,1,4.238678
certitud,1,1,4.238678
krovetz,1,2,4.238678
wedg,1,6,4.238678
autoepistem,1,1,4.238678
datatyp,1,1,4.238678
noindex,1,1,4.238678
roleplay,1,1,4.238678
angelntini,1,1,4.238678
angalifu,1,1,4.238678
megiella,1,1,4.238678
davvi,1,1,4.238678
ikirundi,1,1,4.238678
rumantsch,1,1,4.238678
bizaad,1,1,4.238678
niha,1,1,4.238678
mirand,1,1,4.238678
ladin,1,1,4.238678
ladino,1,1,4.238678
hulontalo,1,1,4.238678
royskt,1,1,4.238678
dolnoserbski,1,1,4.238678
hese,1,1,4.238678
hest,1,1,4.238678
tset,1,1,4.238678
banjar,1,1,4.238678
vep,1,1,4.238678
twi,1,1,4.238678
longqi,1,1,4.238678
nazari,1,1,4.238678
aasish,1,1,4.238678
pappu,1,1,4.238678
helia,1,1,4.238678
hashemi,1,1,4.238678
sravana,1,1,4.238678
ching,1,1,4.238678
tonga,1,1,4.238678
faka,1,1,4.238678
lea,1,1,4.238678
nski,1,1,4.238678
seeltersk,1,1,4.238678
soomaaliga,1,1,4.238678
zamani,1,1,4.238678
rosi,1,1,4.238678
danni,1,1,4.238678
isu,1,1,4.238678
faughnan,1,1,4.238678
dorsch,1,1,4.238678
vandal,1,3,4.238678
remind,1,1,4.238678
cheatsheet,1,2,4.238678
ruleset,1,2,4.238678
caution,1,1,4.238678
dropdown,1,1,4.238678
teahous,1,4,4.238678
volap,1,1,4.238678
vlam,1,1,4.238678
kel,1,1,4.238678
etiquett,1,1,4.238678
doyl,1,1,4.238678
comjnl,1,1,4.238678
zator,1,1,4.238678
pillar,1,2,4.238678
toolbar,1,1,4.238678
onboard,1,1,4.238678
newcom,1,2,4.238678
rope,1,1,4.238678
totd,1,1,4.238678
wikilink,1,1,4.238678
ordinarili,1,1,4.238678
fleet,1,1,4.238678
chatroom,1,1,4.238678
wizard,1,3,4.238678
undo,1,1,4.238678
negar,1,1,4.238678
arabzadeh,1,1,4.238678
sleep,1,1,4.238678
colorless,1,1,4.238678
furious,1,1,4.238678
sensemak,1,8,4.238678
constructionist,1,7,4.238678
cognitivist,1,2,4.238678
metatheori,1,9,4.238678
shortcut,1,2,4.238678
transclus,1,1,4.238678
revert,1,1,4.238678
glam,1,1,4.238678
signpost,1,1,4.238678
misc,1,1,4.238678
meetup,1,1,4.238678
unhelp,1,1,4.238678
constructiv,1,2,4.238678
collectivist,1,2,4.238678
famous,1,1,4.238678
foucault,1,1,4.238678
construction,1,2,4.238678
nigel,1,2,4.238678
theoriz,1,2,4.238678
worldview,1,1,4.238678
chatman,1,6,4.238678
elfreda,1,4,4.238678
familiaris,1,1,4.238678
everyday,1,7,4.238678
isp,1,4,4.238678
mckenzi,1,7,4.238678
xinyi,1,1,4.238678
apprehens,1,1,4.238678
comprehend,1,1,4.238678
contempl,1,2,4.238678
tighter,1,1,4.238678
kuhlthau,1,12,4.238678
gatekeep,1,1,4.238678
acquaint,1,1,4.238678
overhear,1,1,4.238678
dervin,1,2,4.238678
inexperienc,1,1,4.238678
absent,1,1,4.238678
inmat,1,1,4.238678
assimil,1,1,4.238678
eek,1,1,4.238678
seeker,1,9,4.238678
passiv,1,2,4.238678
detlor,1,2,4.238678
roark,1,1,4.238678
purver,1,1,4.238678
shalom,1,1,4.238678
lappin,1,1,4.238678
armendariz,1,1,4.238678
jey,1,1,4.238678
lau,1,1,4.238678
choo,1,3,4.238678
esthet,1,1,4.238678
leazer,1,1,4.238678
keilti,1,1,4.238678
foci,1,3,4.238678
preliminari,1,1,4.238678
mediat,1,1,4.238678
elat,1,1,4.238678
barrio,1,1,4.238678
alcaid,1,1,4.238678
lez,1,1,4.238678
gonz,1,1,4.238678
teruel,1,2,4.238678
emerald,1,1,4.238678
wessel,1,1,4.238678
fairer,1,1,4.238678
savolainen,1,5,4.238678
reijo,1,3,4.238678
urquhart,1,2,4.238678
aimlessli,1,1,4.238678
clue,1,1,4.238678
pirolli,1,2,4.238678
undirect,1,1,4.238678
turnbul,1,2,4.238678
vanessa,1,1,4.238678
zaharia,1,2,4.238678
shengli,1,1,4.238678
rodrigo,1,1,4.238678
nogueira,1,1,4.238678
matei,1,2,4.238678
preben,1,1,4.238678
hansen,1,1,4.238678
katriina,1,1,4.238678
bystr,1,1,4.238678
utkarsh,1,1,4.238678
informationr,1,1,4.238678
jarvelin,1,1,4.238678
vivienn,1,1,4.238678
garc,1,1,4.238678
abad,1,1,4.238678
tuominen,1,1,4.238678
sanna,1,1,4.238678
talja,1,1,4.238678
wisdom,1,1,4.238678
amanda,1,1,4.238678
spink,1,2,4.238678
prigoda,1,1,4.238678
medford,1,2,4.238678
mckechni,1,1,4.238678
erdelez,1,1,4.238678
sanda,1,1,4.238678
heidi,1,3,4.238678
krikela,1,1,4.238678
rioux,1,1,4.238678
ingwersen,1,1,4.238678
sexi,1,1,4.238678
heinstr,1,1,4.238678
jannica,1,1,4.238678
rahmani,1,1,4.238678
yilmaz,1,1,4.238678
tong,1,1,4.238678
saurabh,1,1,4.238678
schuman,1,1,4.238678
neal,1,1,4.238678
rubin,1,1,4.238678
kammerloch,1,1,4.238678
isbel,1,1,4.238678
lyn,1,1,4.238678
bawden,1,1,4.238678
drucker,1,1,4.238678
pulido,1,1,4.238678
ism,1,1,4.238678
godchaux,1,24,4.238678
pigpen,1,19,4.238678
il,1,1,4.238678
dirigeon,1,1,4.238678
quoi,1,1,4.238678
venon,1,1,4.238678
informationnel,1,1,4.238678
comport,1,1,4.238678
walton,1,1,4.238678
grunewald,1,1,4.238678
hepworth,1,1,4.238678
pitkow,1,1,4.238678
chun,1,1,4.238678
eum,1,1,4.238678
meret,1,1,4.238678
haugan,1,1,4.238678
phil,1,33,4.238678
weir,1,57,4.238678
kreutzmann,1,38,4.238678
folktal,1,3,4.238678
discographi,1,8,4.238678
deadhead,1,28,4.238678
iconographi,1,3,4.238678
olymp,1,4,4.238678
lithuanian,1,9,4.238678
merchandis,1,5,4.238678
lyric,1,10,4.238678
musicianship,1,3,4.238678
thee,1,11,4.238678
fare,1,11,4.238678
welnick,1,11,4.238678
mydland,1,15,4.238678
constanten,1,9,4.238678
kid,1,7,4.238678
devil,1,14,4.238678
ratdog,1,7,4.238678
midnit,1,4,4.238678
kingfish,1,5,4.238678
legion,1,5,4.238678
purpl,1,3,4.238678
furthur,1,10,4.238678
sunflow,1,3,4.238678
rhino,1,3,4.238678
arista,1,5,4.238678
bro,1,4,4.238678
reunion,1,5,4.238678
warlock,1,7,4.238678
lesh,1,47,4.238678
alina,1,1,4.238678
stoica,1,1,4.238678
rosenberg,1,1,4.238678
mitra,1,2,4.238678
rangan,1,1,4.238678
majumd,1,1,4.238678
xiaodong,1,1,4.238678
lenni,1,4,4.238678
musician,1,8,4.238678
improvis,1,15,4.238678
psychedelia,1,1,4.238678
regga,1,1,4.238678
bluegrass,1,4,4.238678
fuse,1,1,4.238678
eclect,1,2,4.238678
vinc,1,6,4.238678
tangent,1,2,4.238678
regularli,1,1,4.238678
wildwood,1,2,4.238678
mccree,1,5,4.238678
jug,1,7,4.238678
remnant,1,1,4.238678
billboard,1,10,4.238678
album,1,45,4.238678
fanbas,1,2,4.238678
spin,1,3,4.238678
tour,1,48,4.238678
lyricist,1,5,4.238678
harmonica,1,3,4.238678
guitar,1,17,4.238678
jam,1,10,4.238678
tiwari,1,1,4.238678
hey,1,1,4.238678
elf,1,1,4.238678
silveri,1,1,4.238678
velvet,1,3,4.238678
hayward,1,1,4.238678
bikini,1,1,4.238678
frenchi,1,1,4.238678
cocktail,1,1,4.238678
menlo,1,1,4.238678
suburban,1,1,4.238678
parlor,1,2,4.238678
pizza,1,3,4.238678
magoo,1,2,4.238678
shoenstadt,1,1,4.238678
stu,1,2,4.238678
coffeehous,1,1,4.238678
telepathi,1,1,4.238678
bond,1,1,4.238678
kesey,1,5,4.238678
motif,1,4,4.238678
dmt,1,2,4.238678
psychedel,1,9,4.238678
smoke,1,1,4.238678
troy,1,2,4.238678
captain,1,2,4.238678
fictionari,1,1,4.238678
wagnal,1,1,4.238678
funk,1,2,4.238678
ice,1,1,4.238678
trist,1,1,4.238678
gratitud,1,1,4.238678
soul,1,1,4.238678
bhaktivedanta,1,1,4.238678
krishna,1,3,4.238678
hare,1,2,4.238678
avalon,1,2,4.238678
mantra,1,2,4.238678
fring,1,1,4.238678
backer,1,1,4.238678
lsd,1,4,4.238678
owsley,1,9,4.238678
hippi,1,3,4.238678
merri,1,2,4.238678
sender,1,1,4.238678
floyd,1,1,4.238678
pink,1,1,4.238678
airplan,1,2,4.238678
improvisatori,1,1,4.238678
keyboardist,1,9,4.238678
truck,1,2,4.238678
bread,1,1,4.238678
smuggl,1,1,4.238678
drummer,1,3,4.238678
tenor,1,1,4.238678
sang,1,1,4.238678
duti,1,1,4.238678
percuss,1,9,4.238678
youngest,1,1,4.238678
trumpet,1,2,4.238678
joplin,1,2,4.238678
jani,1,2,4.238678
grape,1,1,4.238678
mobi,1,1,4.238678
ginsberg,1,1,4.238678
winterland,1,8,4.238678
hiatu,1,2,4.238678
rakow,1,2,4.238678
arrowhead,1,1,4.238678
liver,1,1,4.238678
deterior,1,1,4.238678
vocalist,1,4,4.238678
reclaim,1,1,4.238678
rejoin,1,1,4.238678
percussionist,1,1,4.238678
abscond,1,1,4.238678
truckin,1,5,4.238678
bail,1,1,4.238678
arrest,1,2,4.238678
bourbon,1,1,4.238678
hotel,1,4,4.238678
recov,1,1,4.238678
coma,1,1,4.238678
opiat,1,1,4.238678
strain,1,1,4.238678
liveli,1,1,4.238678
heroin,1,1,4.238678
smoker,1,1,4.238678
overdos,1,2,4.238678
narcot,1,1,4.238678
amphitheatr,1,2,4.238678
ticket,1,7,4.238678
township,1,1,4.238678
raceway,1,1,4.238678
terrapin,1,11,4.238678
resum,1,1,4.238678
footag,1,1,4.238678
tedeschi,1,1,4.238678
alphonso,1,1,4.238678
bassist,1,5,4.238678
molo,1,1,4.238678
barraco,1,2,4.238678
chimenti,1,5,4.238678
her,1,2,4.238678
kimock,1,2,4.238678
karan,1,1,4.238678
lineup,1,3,4.238678
modulu,1,1,4.238678
marsali,1,3,4.238678
branford,1,3,4.238678
saxophonist,1,2,4.238678
hornsbi,1,10,4.238678
dylan,1,11,4.238678
reunit,1,4,4.238678
scorses,1,2,4.238678
theatric,1,1,4.238678
mali,1,1,4.238678
papa,1,1,4.238678
althea,1,2,4.238678
recount,1,1,4.238678
burbridg,1,2,4.238678
oteil,1,2,4.238678
mayer,1,4,4.238678
pehrson,1,1,4.238678
zoe,1,1,4.238678
kadlecik,1,1,4.238678
debut,1,2,4.238678
joan,1,3,4.238678
hayn,1,3,4.238678
hegarti,1,2,4.238678
meld,1,1,4.238678
stylist,1,2,4.238678
repertoir,1,1,4.238678
their,1,1,4.238678
dirtier,1,1,4.238678
lovin,1,1,4.238678
couldn,1,1,4.238678
airwav,1,1,4.238678
beach,1,2,4.238678
beatl,1,3,4.238678
dvd,1,2,4.238678
simulcast,1,1,4.238678
phish,1,3,4.238678
anastasio,1,2,4.238678
trey,1,2,4.238678
chromat,1,1,4.238678
staccato,1,3,4.238678
arpeggio,1,1,4.238678
syncop,1,3,4.238678
banjo,1,3,4.238678
scrugg,1,2,4.238678
spare,1,1,4.238678
suppl,1,1,4.238678
telstar,1,1,4.238678
rootsi,1,1,4.238678
workingman,1,4,4.238678
rehears,1,1,4.238678
soundscap,1,1,4.238678
spacey,1,1,4.238678
prog,1,2,4.238678
halliwel,1,2,4.238678
meola,1,1,4.238678
jianfeng,1,1,4.238678
payal,1,1,4.238678
bajaj,1,1,4.238678
bader,1,1,4.238678
alshemaimri,1,1,4.238678
tariq,1,1,4.238678
alsahfi,1,1,4.238678
amal,1,1,4.238678
martino,1,1,4.238678
coleman,1,2,4.238678
ornett,1,2,4.238678
soloist,1,1,4.238678
immens,1,1,4.238678
groov,1,2,4.238678
downbeat,1,2,4.238678
bounc,1,2,4.238678
withhold,1,1,4.238678
symphon,1,1,4.238678
shankar,1,3,4.238678
ravi,1,3,4.238678
sitar,1,1,4.238678
coltran,1,3,4.238678
raga,1,1,4.238678
pentaton,1,1,4.238678
dorian,1,1,4.238678
mixolydian,1,1,4.238678
underneath,1,1,4.238678
reinhardt,1,1,4.238678
django,1,1,4.238678
ellington,1,2,4.238678
tatum,1,2,4.238678
karma,1,1,4.238678
christgau,1,2,4.238678
antihero,1,1,4.238678
narrat,1,1,4.238678
confession,1,1,4.238678
footstep,1,1,4.238678
songwrit,1,1,4.238678
tonal,1,1,4.238678
segu,1,1,4.238678
juxtaposit,1,1,4.238678
obliqu,1,1,4.238678
spiki,1,1,4.238678
subvers,1,1,4.238678
tyner,1,2,4.238678
mccoy,1,1,4.238678
pianist,1,1,4.238678
nightli,1,1,4.238678
steinbeck,1,1,4.238678
kaleidoscop,1,1,4.238678
hyper,1,1,4.238678
mcnalli,1,10,4.238678
dew,1,1,4.238678
gnomic,1,1,4.238678
vivid,1,1,4.238678
ellipt,1,1,4.238678
vers,1,1,4.238678
poetri,1,2,4.238678
whimsey,1,1,4.238678
surreal,1,1,4.238678
hell,1,2,4.238678
imageri,1,2,4.238678
dualist,1,1,4.238678
iulioni,1,1,4.238678
na,1,1,4.238678
lithuania,1,2,4.238678
speir,1,1,4.238678
dy,1,2,4.238678
skulli,1,1,4.238678
mcleer,1,1,4.238678
kave,1,1,4.238678
abram,1,1,4.238678
howi,1,1,4.238678
czar,1,1,4.238678
electronica,1,1,4.238678
biscuit,1,2,4.238678
disco,1,1,4.238678
panic,1,1,4.238678
setlist,1,4,4.238678
homemad,1,1,4.238678
bukhari,1,1,4.238678
kamran,1,1,4.238678
muhammad,1,1,4.238678
daud,1,1,4.238678
mushtaq,1,1,4.238678
nadia,1,1,4.238678
gardazi,1,1,4.238678
kristina,1,1,4.238678
toutanova,1,1,4.238678
kenton,1,1,4.238678
sandwich,1,1,4.238678
grill,1,1,4.238678
shakedown,1,5,4.238678
impromptu,1,1,4.238678
coliseum,1,3,4.238678
essenc,1,1,4.238678
gonna,1,1,4.238678
glean,1,1,4.238678
shorelin,1,1,4.238678
buck,1,4,4.238678
giza,1,1,4.238678
tremend,1,1,4.238678
glen,1,3,4.238678
watkin,1,2,4.238678
allman,1,2,4.238678
withdrew,1,1,4.238678
altamont,1,3,4.238678
infam,1,1,4.238678
woodstock,1,1,4.238678
lodg,1,1,4.238678
ashburi,1,3,4.238678
breakup,1,1,4.238678
heali,1,3,4.238678
alemb,1,4,4.238678
heil,1,2,4.238678
pa,1,1,4.238678
jail,1,1,4.238678
finicki,1,1,4.238678
delic,1,1,4.238678
supplier,1,1,4.238678
soundman,1,3,4.238678
fade,1,2,4.238678
sugar,1,2,4.238678
uncl,1,5,4.238678
overnight,1,1,4.238678
vermont,1,1,4.238678
highgat,1,2,4.238678
rome,1,2,4.238678
decapit,1,1,4.238678
decor,1,1,4.238678
martyr,1,2,4.238678
relic,1,1,4.238678
anteced,1,1,4.238678
khayyam,1,1,4.238678
rubaiyat,1,1,4.238678
alton,1,2,4.238678
skull,1,12,4.238678
halligan,1,1,4.238678
meerman,1,2,4.238678
icon,1,6,4.238678
keeper,1,1,4.238678
latvala,1,3,4.238678
soundboard,1,1,4.238678
stigmat,1,1,4.238678
freak,1,1,4.238678
mcintir,1,1,4.238678
enthusiast,1,1,4.238678
gutierrez,1,1,4.238678
turtl,1,2,4.238678
kley,1,1,4.238678
heinrich,1,1,4.238678
bolt,1,3,4.238678
obvious,1,1,4.238678
styliz,1,1,4.238678
songbook,1,2,4.238678
airbrush,1,1,4.238678
lute,1,1,4.238678
skeleton,1,5,4.238678
jester,1,2,4.238678
disparagingli,1,1,4.238678
plenari,1,1,4.238678
devlin,1,1,4.238678
oir,1,1,4.238678
musa,1,1,4.238678
farouk,1,1,4.238678
aliyu,1,1,4.238678
uyar,1,1,4.238678
isdn,1,1,4.238678
creek,1,2,4.238678
scuffl,1,1,4.238678
belliger,1,1,4.238678
raynor,1,1,4.238678
det,1,1,4.238678
mellow,1,1,4.238678
dea,1,2,4.238678
grammi,1,4,4.238678
lieberman,1,1,4.238678
fredric,1,1,4.238678
unreleas,1,1,4.238678
memorabilia,1,1,4.238678
flier,1,1,4.238678
mchenri,1,1,4.238678
ucsc,1,3,4.238678
blumenth,1,2,4.238678
mcevoy,1,1,4.238678
deadbas,1,5,4.238678
mystic,1,1,4.238678
whirl,1,1,4.238678
spinner,1,2,4.238678
wharf,1,3,4.238678
touchhead,1,1,4.238678
fixtur,1,1,4.238678
intermiss,1,1,4.238678
fulltim,1,1,4.238678
guest,1,1,4.238678
grisman,1,5,4.238678
mandolinist,1,1,4.238678
pedal,1,1,4.238678
excelsior,1,1,4.238678
reluct,1,1,4.238678
spokesperson,1,1,4.238678
lagin,1,5,4.238678
presley,1,2,4.238678
elvi,1,2,4.238678
sinatra,1,2,4.238678
guin,1,2,4.238678
posthum,1,1,4.238678
offscreen,1,1,4.238678
rightli,1,1,4.238678
grayfold,1,2,4.238678
titular,1,1,4.238678
blender,1,1,4.238678
purveyor,1,1,4.238678
metzger,1,2,4.238678
meriweth,1,2,4.238678
reckon,1,2,4.238678
aoxomoxoa,1,2,4.238678
anthem,1,3,4.238678
unfinish,1,2,4.238678
dissolut,1,1,4.238678
pleas,1,1,4.238678
float,1,2,4.238678
seaston,1,1,4.238678
raitt,1,4,4.238678
bonni,1,4,4.238678
coppola,1,2,4.238678
sarmiento,1,1,4.238678
sfgate,1,2,4.238678
sentinel,1,1,4.238678
santacruzsentinel,1,1,4.238678
sylvan,1,1,4.238678
rockhal,1,1,4.238678
rockin,1,2,4.238678
reebe,1,1,4.238678
garofalo,1,4,4.238678
asp,1,1,4.238678
santoro,1,1,4.238678
totaro,1,1,4.238678
donato,1,1,4.238678
bromley,1,1,4.238678
halprin,1,1,4.238678
hirschfeld,1,1,4.238678
grimoir,1,2,4.238678
herbst,1,1,4.238678
tombston,1,1,4.238678
stanton,1,1,4.238678
nig,1,1,4.238678
nicholson,1,1,4.238678
bogg,1,1,4.238678
weiner,1,2,4.238678
aliv,1,1,4.238678
brokendown,1,1,4.238678
benji,1,2,4.238678
emce,1,1,4.238678
npr,1,3,4.238678
classicband,1,1,4.238678
dunn,1,1,4.238678
rdf,1,1,4.238678
siko,1,1,4.238678
icst,1,1,4.238678
pore,1,1,4.238678
mtv,1,1,4.238678
dolgushkin,1,3,4.238678
relix,1,9,4.238678
allmus,1,2,4.238678
planer,1,1,4.238678
picayun,1,1,4.238678
gig,1,1,4.238678
chryssid,1,1,4.238678
bucknel,1,1,4.238678
shinn,1,1,4.238678
jamband,1,3,4.238678
ramp,1,1,4.238678
greenhau,1,1,4.238678
rania,1,1,4.238678
anifto,1,1,4.238678
kindweb,1,1,4.238678
blistein,1,2,4.238678
budnick,1,2,4.238678
selvin,1,5,4.238678
coron,1,1,4.238678
strait,1,2,4.238678
legendari,1,1,4.238678
cush,1,1,4.238678
catalano,1,1,4.238678
spevak,1,1,4.238678
jambas,1,5,4.238678
gehr,1,1,4.238678
tribut,1,3,4.238678
heartbreak,1,1,4.238678
sundanc,1,2,4.238678
exec,1,1,4.238678
abramovitch,1,1,4.238678
deadic,1,2,4.238678
tamarkin,1,1,4.238678
sing,1,1,4.238678
swampadel,1,1,4.238678
murawski,1,1,4.238678
hutchinson,1,1,4.238678
micki,1,1,4.238678
patton,1,1,4.238678
strike,1,1,4.238678
sisario,1,1,4.238678
metroact,1,1,4.238678
bjerkli,1,1,4.238678
giroux,1,1,4.238678
strau,1,1,4.238678
farrar,1,1,4.238678
kool,1,1,4.238678
kori,1,1,4.238678
exit,1,1,4.238678
coscarelli,1,1,4.238678
aren,1,1,4.238678
brandl,1,1,4.238678
leopold,1,1,4.238678
halperin,1,1,4.238678
sallo,1,1,4.238678
unsung,1,1,4.238678
parel,1,1,4.238678
whimsi,1,1,4.238678
robertchristgau,1,1,4.238678
artsit,1,2,4.238678
malvinni,1,1,4.238678
regal,1,1,4.238678
thrillingli,1,1,4.238678
jarnow,1,1,4.238678
favourit,1,1,4.238678
hangout,1,1,4.238678
depress,1,1,4.238678
mcgee,1,2,4.238678
hilli,1,1,4.238678
jed,1,1,4.238678
fest,1,1,4.238678
cowboy,1,1,4.238678
willman,1,1,4.238678
joyou,1,1,4.238678
siegel,1,1,4.238678
neviu,1,1,4.238678
hybridtechcar,1,2,4.238678
salvat,1,1,4.238678
guzman,1,1,4.238678
videogam,1,1,4.238678
rief,1,1,4.238678
liberator,1,1,4.238678
resurrect,1,1,4.238678
tara,1,1,4.238678
pepper,1,1,4.238678
everlast,1,1,4.238678
cotron,1,1,4.238678
afterlif,1,1,4.238678
paumgarten,1,1,4.238678
brightman,1,2,4.238678
lostlivedead,1,1,4.238678
itinerari,1,1,4.238678
smugmug,1,2,4.238678
pechner,1,2,4.238678
leahi,1,1,4.238678
unbroken,1,1,4.238678
novack,1,1,4.238678
burlington,1,1,4.238678
hallenbeck,1,1,4.238678
deadlist,1,2,4.238678
bleed,1,1,4.238678
lillian,1,1,4.238678
roxon,1,2,4.238678
bienenstock,1,1,4.238678
deadspin,1,1,4.238678
subcultur,1,1,4.238678
huber,1,1,4.238678
rieh,1,1,4.238678
rocchio,1,1,4.238678
thebear,1,2,4.238678
deaddisc,1,1,4.238678
lac,1,1,4.238678
holiday,1,2,4.238678
hlligan,1,1,4.238678
pepe,1,1,4.238678
vada,1,1,4.238678
gintauta,1,1,4.238678
marko,1,1,4.238678
ratliff,1,1,4.238678
daley,1,1,4.238678
sweet,1,1,4.238678
ace,1,2,4.238678
decapo,1,1,4.238678
bruuuc,1,1,4.238678
nedcast,1,1,4.238678
nedbas,1,2,4.238678
charismat,1,1,4.238678
fuckin,1,1,4.238678
daylight,1,2,4.238678
parrish,1,1,4.238678
snider,1,1,4.238678
permeat,1,1,4.238678
zeidler,1,1,4.238678
rappaport,1,1,4.238678
spiritu,1,1,4.238678
apichella,1,1,4.238678
brock,1,1,4.238678
miskiewicz,1,1,4.238678
flatiron,1,1,4.238678
hank,1,3,4.238678
harrison,1,2,4.238678
morrow,1,1,4.238678
greenfield,1,1,4.238678
nutt,1,1,4.238678
gerould,1,1,4.238678
diana,1,2,4.238678
spauld,1,1,4.238678
dodd,1,1,4.238678
capo,1,2,4.238678
gasp,1,1,4.238678
jerilyn,1,2,4.238678
brandeliu,1,2,4.238678
outskirt,1,1,4.238678
hang,1,1,4.238678
postcard,1,1,4.238678
nightfal,1,1,4.238678
gentlemen,1,1,4.238678
ladi,1,1,4.238678
knick,1,1,4.238678
dozin,1,1,4.238678
infrar,1,2,4.238678
vintag,1,1,4.238678
fbi,1,2,4.238678
discog,1,1,4.238678
mcfarland,1,1,4.238678
tuedio,1,1,4.238678
layden,1,1,4.238678
parish,1,1,4.238678
sciver,1,1,4.238678
ringer,1,1,4.238678
gratest,1,1,4.238678
hcir,1,1,4.238678
flashback,1,1,4.238678
closet,1,1,4.238678
merriweath,1,1,4.238678
rfk,1,1,4.238678
lyceum,1,2,4.238678
aud,1,1,4.238678
shrine,1,1,4.238678
daydream,1,2,4.238678
glad,1,1,4.238678
cradl,1,1,4.238678
soundtrack,1,1,4.238678
rhein,1,1,4.238678
steppin,1,1,4.238678
bucket,1,1,4.238678
foolish,1,1,4.238678
prophet,1,1,4.238678
dupre,1,1,4.238678
dire,1,1,4.238678
cumberland,1,1,4.238678
puff,1,1,4.238678
cream,1,2,4.238678
cassidi,1,1,4.238678
candyman,1,1,4.238678
brokedown,1,1,4.238678
throat,1,1,4.238678
bertha,1,1,4.238678
getaway,1,1,4.238678
downhil,1,1,4.238678
backstag,1,1,4.238678
hummingbird,1,2,4.238678
strix,1,1,4.238678
ecir,1,1,4.238678
dorl,1,1,4.238678
serialpod,1,2,4.238678
jgb,1,1,4.238678
sphere,1,1,4.238678
throw,1,1,4.238678
sugare,1,1,4.238678
stella,1,1,4.238678
begonia,1,1,4.238678
rippl,1,1,4.238678
picasso,1,1,4.238678
boogi,1,1,4.238678
speedway,1,1,4.238678
mexicali,1,1,4.238678
dawg,1,2,4.238678
shadi,1,1,4.238678
turbul,1,1,4.238678
hooterol,1,1,4.238678
shurtliff,1,1,4.238678
seidemann,1,1,4.238678
merl,1,5,4.238678
carolyn,1,2,4.238678
cantor,1,1,4.238678
betti,1,1,4.238678
candac,1,1,4.238678
bralov,1,1,4.238678
vend,1,1,4.238678
pickin,1,1,4.238678
comix,1,1,4.238678
kindersley,1,1,4.238678
ramu,1,1,4.238678
superorgan,1,1,4.238678
tremendum,1,1,4.238678
mysterium,1,1,4.238678
diga,1,1,4.238678
dice,1,1,4.238678
trichrom,1,3,4.238678
crossroad,1,1,4.238678
tamalpai,1,1,4.238678
brightli,1,1,4.238678
wasserman,1,1,4.238678
kickin,1,1,4.238678
koon,1,1,4.238678
kahn,1,2,4.238678
fantasi,1,1,4.238678
keyston,1,4,4.238678
stravinski,1,1,4.238678
stern,1,1,4.238678
domino,1,1,4.238678
caruso,1,1,4.238678
acuff,1,1,4.238678
segovia,1,1,4.238678
benni,1,2,4.238678
charli,1,2,4.238678
chuck,1,1,4.238678
mahalia,1,1,4.238678
irv,1,1,4.238678
fitzgerald,1,1,4.238678
ella,1,2,4.238678
crosbi,1,2,4.238678
fo,1,1,4.238678
supralingua,1,1,4.238678
kitti,1,1,4.238678
lennon,1,2,4.238678
mccartney,1,2,4.238678
horowitz,1,1,4.238678
vaughan,1,1,4.238678
bessi,1,1,4.238678
leontyn,1,1,4.238678
lena,1,1,4.238678
heifetz,1,1,4.238678
jascha,1,1,4.238678
gillespi,1,1,4.238678
dizzi,1,1,4.238678
casal,1,1,4.238678
astair,1,1,4.238678
toscanini,1,1,4.238678
arturo,1,2,4.238678
brubeck,1,1,4.238678
streisand,1,2,4.238678
barbra,1,2,4.238678
mancini,1,1,4.238678
peggi,1,1,4.238678
cline,1,1,4.238678
patsi,1,1,4.238678
rubinstein,1,1,4.238678
aretha,1,2,4.238678
seeger,1,1,4.238678
monk,1,1,4.238678
theloni,1,1,4.238678
atkin,1,1,4.238678
chet,1,1,4.238678
muddi,1,1,4.238678
jimi,1,1,4.238678
diddley,1,1,4.238678
cern,1,1,4.238678
spoerri,1,1,4.238678
korfhag,1,3,4.238678
crouch,1,1,4.238678
zappa,1,1,4.238678
oscar,1,1,4.238678
mingu,1,1,4.238678
buddi,1,2,4.238678
grappelli,1,1,4.238678
garland,1,1,4.238678
judi,1,1,4.238678
everli,1,1,4.238678
wonder,1,2,4.238678
stevi,1,2,4.238678
solti,1,1,4.238678
mathi,1,1,4.238678
etta,1,1,4.238678
joni,1,3,4.238678
clooney,1,2,4.238678
rosemari,1,1,4.238678
marley,1,2,4.238678
sammi,1,1,4.238678
mitch,1,1,4.238678
hooker,1,1,4.238678
guthri,1,1,4.238678
belafont,1,1,4.238678
torm,1,1,4.238678
smokey,1,2,4.238678
oti,1,2,4.238678
robeson,1,1,4.238678
orbison,1,1,4.238678
stapl,1,1,4.238678
pinetop,1,1,4.238678
disconnect,1,1,4.238678
elhil,1,1,4.238678
microsearch,1,1,4.238678
jelli,1,1,4.238678
zeppelin,1,1,4.238678
gould,1,2,4.238678
morton,1,2,4.238678
blakey,1,1,4.238678
eddi,1,2,4.238678
arti,1,1,4.238678
cliburn,1,1,4.238678
garfunkel,1,1,4.238678
puent,1,1,4.238678
tito,1,1,4.238678
autri,1,1,4.238678
oddi,1,1,4.238678
tama,1,1,4.238678
roach,1,1,4.238678
perlman,1,1,4.238678
itzhak,1,1,4.238678
calloway,1,1,4.238678
bacharach,1,1,4.238678
burt,1,1,4.238678
calla,1,1,4.238678
booker,1,1,4.238678
baez,1,2,4.238678
pryor,1,1,4.238678
jessy,1,1,4.238678
haggard,1,1,4.238678
bowi,1,1,4.238678
chenier,1,1,4.238678
temptat,1,1,4.238678
lightnin,1,1,4.238678
haden,1,1,4.238678
heron,1,1,4.238678
jobim,1,1,4.238678
shea,1,1,4.238678
parton,1,2,4.238678
dolli,1,2,4.238678
trio,1,1,4.238678
quartet,1,1,4.238678
juilliard,1,1,4.238678
previn,1,1,4.238678
honeyboy,1,1,4.238678
cohen,1,1,4.238678
paxton,1,1,4.238678
dmc,1,1,4.238678
ronstadt,1,1,4.238678
hancock,1,1,4.238678
herbi,1,1,4.238678
ruth,1,1,4.238678
louvin,1,1,4.238678
flaco,1,1,4.238678
boulez,1,1,4.238678
gee,1,1,4.238678
maud,1,1,4.238678
manzanero,1,1,4.238678
armando,1,1,4.238678
kristofferson,1,1,4.238678
kri,1,1,4.238678
kraftwerk,1,1,4.238678
isley,1,1,4.238678
julio,1,1,4.238678
hathaway,1,1,4.238678
donni,1,1,4.238678
eckstin,1,1,4.238678
funkadel,1,1,4.238678
sabbath,1,1,4.238678
turner,1,1,4.238678
meter,1,1,4.238678
emmyl,1,1,4.238678
blain,1,1,4.238678
sli,1,1,4.238678
nina,1,1,4.238678
charley,1,1,4.238678
jamal,1,1,4.238678
ahmad,1,1,4.238678
caesar,1,1,4.238678
slick,1,1,4.238678
rainey,1,1,4.238678
nirvana,1,1,4.238678
mcferrin,1,1,4.238678
pepa,1,1,4.238678
marilyn,1,1,4.238678
furiou,1,1,4.238678
flash,1,1,4.238678
tharp,1,1,4.238678
rosetta,1,1,4.238678
prine,1,1,4.238678
iggi,1,1,4.238678
flack,1,1,4.238678
roberta,1,1,4.238678
dionn,1,2,4.238678
iglesia,1,1,4.238678
santana,1,1,4.238678
kuti,1,1,4.238678
fela,1,1,4.238678
chaka,1,1,4.238678
cher,1,1,4.238678
valli,1,1,4.238678
shant,1,1,4.238678
roxann,1,1,4.238678
mahal,1,1,4.238678
taj,1,1,4.238678
franki,1,2,4.238678
wynett,1,1,4.238678
tammi,1,1,4.238678
gladi,1,2,4.238678
lauri,1,1,4.238678
nile,1,1,4.238678
crystal,1,1,4.238678
tania,1,1,4.238678
cacm,1,1,4.238678
jasi,1,1,4.238678
corn,1,1,4.238678
jardin,1,2,4.238678
midler,1,1,4.238678
bett,1,1,4.238678
lorn,1,1,4.238678
gordi,1,2,4.238678
justino,1,1,4.238678
dyke,1,1,4.238678
midori,1,1,4.238678
garth,1,2,4.238678
debbi,1,1,4.238678
honore,1,1,4.238678
aerosmith,1,1,4.238678
fleetwood,1,1,4.238678
petti,1,1,4.238678
springsteen,1,1,4.238678
henley,1,1,4.238678
sting,1,1,4.238678
elton,1,2,4.238678
pavarotti,1,1,4.238678
estefan,1,1,4.238678
musicar,1,1,4.238678
stallon,1,1,4.238678
sylvest,1,1,4.238678
gaynor,1,1,4.238678
gloria,1,2,4.238678
sandov,1,1,4.238678
latifah,1,1,4.238678
theodor,1,1,4.238678
sdc,1,1,4.238678
twx,1,1,4.238678
dixon,1,1,4.238678
robbi,1,1,4.238678
manuel,1,1,4.238678
helm,1,1,4.238678
levon,1,1,4.238678
danko,1,1,4.238678
hilton,1,1,4.238678
cha,1,1,4.238678
burdon,1,1,4.238678
carey,1,1,4.238678
mariah,1,1,4.238678
jovi,1,1,4.238678
bon,1,1,4.238678
msc,1,1,4.238678
radc,1,1,4.238678
sammon,1,2,4.238678
superconverg,1,1,4.238678
postprocess,1,1,4.238678
veloc,1,4,4.238678
polygon,1,1,4.238678
galerkin,1,1,4.238678
mismatch,1,1,4.238678
easytimelin,1,1,4.238678
proto,1,1,4.238678
jammi,1,1,4.238678
septet,1,1,4.238678
sextet,1,1,4.238678
disestablish,1,2,4.238678
ertegun,1,1,4.238678
psychoacoust,1,1,4.238678
mayo,1,1,4.238678
intrex,1,1,4.238678
mathjax,1,2,4.238678
arxivlab,1,5,4.238678
txyz,1,2,4.238678
sciencecast,1,3,4.238678
huggingfac,1,2,4.238678
gotit,1,1,4.238678
gotitpub,1,2,4.238678
dagshub,1,3,4.238678
catalyzex,1,2,4.238678
alphaxiv,1,3,4.238678
scite,1,2,4.238678
litmap,1,3,4.238678
prev,1,1,4.238678
fingerprint,1,2,4.238678
hum,1,1,4.238678
polyphon,1,1,4.238678
mono,1,1,4.238678
timbr,1,1,4.238678
mfcc,1,1,4.238678
cepstral,1,1,4.238678
lossi,1,1,4.238678
ogg,1,2,4.238678
impract,1,1,4.238678
appreci,1,1,4.238678
polyphoni,1,1,4.238678
onset,1,1,4.238678
karaok,1,1,4.238678
unheard,1,1,4.238678
labori,1,1,4.238678
urbano,1,1,4.238678
mez,1,1,4.238678
oslo,1,1,4.238678
iasa,1,1,4.238678
iaml,1,1,4.238678
incipit,1,1,4.238678
fingerhut,1,1,4.238678
dafx,1,1,4.238678
reiss,1,1,4.238678
ronan,1,1,4.238678
klapuri,1,1,4.238678
ethnomusicolog,1,1,4.238678
icassp,1,1,4.238678
ismir,1,1,4.238678
traceabl,1,1,4.238678
downgrad,1,1,4.238678
dom,1,4,4.238678
runtim,1,2,4.238678
wikitext,1,13,4.238678
checkout,1,7,4.238678
diaris,1,1,4.238678
auditori,1,1,4.238678
peachnot,1,1,4.238678
whistl,1,1,4.238678
musipedia,1,1,4.238678
choi,1,1,4.238678
keunwoo,1,1,4.238678
spijkervet,1,1,4.238678
jann,1,1,4.238678
minz,1,1,4.238678
audiocontentanalysi,1,1,4.238678
lesaffr,1,1,4.238678
flawless,1,1,4.238678
php,1,21,4.238678
lari,1,1,4.238678
maron,1,4,4.238678
backlog,1,1,4.238678
giannelo,1,1,4.238678
yianni,1,1,4.238678
sastri,1,1,4.238678
subramanya,1,1,4.238678
leger,1,1,4.238678
mateu,1,1,4.238678
hurbain,1,1,4.238678
ananian,1,2,4.238678
breault,1,1,4.238678
arlo,1,1,4.238678
rdfa,1,3,4.238678
preg,1,1,4.238678
classnam,1,3,4.238678
bagley,1,1,4.238678
wfinterceptparsoidload,1,2,4.238678
parsoidinstalldir,1,8,4.238678
vagrant,1,1,4.238678
git,1,8,4.238678
endpoint,1,1,4.238678
wfloadextens,1,6,4.238678
localset,1,2,4.238678
wmf,1,63,4.238678
languageconvert,1,2,4.238678
spec,1,2,4.238678
tightli,1,1,4.238678
restbas,1,5,4.238678
dirti,1,1,4.238678
xapian,1,1,4.238678
sphinx,1,1,4.238678
microfilm,1,1,4.238678
photoelectr,1,1,4.238678
hostnam,1,1,4.238678
wgscriptpath,1,1,4.238678
var,1,1,4.238678
bellow,1,1,4.238678
yml,1,3,4.238678
docker,1,5,4.238678
nginx,1,1,4.238678
unset,1,1,4.238678
src,1,2,4.238678
registernamespac,1,2,4.238678
autoload,1,6,4.238678
filenam,1,3,4.238678
preprocessor,1,1,4.238678
contriv,1,1,4.238678
testreduc,1,1,4.238678
pst,1,1,4.238678
parsoidtestfilesuit,1,1,4.238678
mwparsoid,1,1,4.238678
apitest,1,1,4.238678
theoric,1,1,4.238678
repo,1,1,4.238678
clone,1,4,4.238678
quibbl,1,2,4.238678
servicewir,1,3,4.238678
foo,1,1,4.238678
parsertest,1,1,4.238678
mocha,1,1,4.238678
wgcanonicalserv,1,1,4.238678
parsoidrend,1,1,4.238678
wgparsermigrationenableparsoiddiscussiontool,1,1,4.238678
wgparsermigrationenableparsoidarticlepag,1,1,4.238678
useparsoid,1,1,4.238678
parsermigr,1,2,4.238678
footer,1,1,4.238678
lt,1,1,4.238678
config,1,1,4.238678
builder,1,1,4.238678
codfw,1,1,4.238678
eqiad,1,1,4.238678
prometheu,1,2,4.238678
grafana,1,2,4.238678
kibana,1,1,4.238678
retarget,1,1,4.238678
programat,1,1,4.238678
heddl,1,4,4.238678
drawloom,1,1,4.238678
punchcard,1,3,4.238678
knitwear,1,1,4.238678
lace,1,1,4.238678
matelass,1,2,4.238678
damask,1,4,4.238678
brocad,1,2,4.238678
prayer,1,4,4.238678
phabric,1,1,4.238678
mwparserfromhel,1,1,4.238678
jsapi,1,1,4.238678
parsoidbatchapi,1,1,4.238678
prefixindex,1,1,4.238678
rollout,1,1,4.238678
dblist,1,1,4.238678
frenchman,1,1,4.238678
dobbi,1,8,4.238678
unmov,1,1,4.238678
swing,1,1,4.238678
fasten,1,1,4.238678
schemat,1,1,4.238678
apparatu,1,1,4.238678
knot,1,2,4.238678
har,1,2,4.238678
upright,1,1,4.238678
prism,1,1,4.238678
tread,1,1,4.238678
lash,1,1,4.238678
yarn,1,2,4.238678
calabrai,1,1,4.238678
calabria,1,2,4.238678
inch,1,1,4.238678
cle,1,2,4.238678
xvie,1,2,4.238678
xive,1,2,4.238678
manuscrit,1,2,4.238678
enluminur,1,2,4.238678
apr,1,2,4.238678
tiss,1,3,4.238678
pri,1,4,4.238678
livr,1,4,4.238678
pinnacl,1,1,4.238678
apparel,1,1,4.238678
naperi,1,1,4.238678
linen,1,5,4.238678
symmetr,1,1,4.238678
itma,1,4,4.238678
avec,1,1,4.238678
manticor,1,1,4.238678
manate,1,1,4.238678
elasticsearch,1,1,4.238678
solr,1,1,4.238678
lemur,1,1,4.238678
shade,1,1,4.238678
ill,1,1,4.238678
reproduit,1,1,4.238678
jocelyn,1,2,4.238678
tir,1,2,4.238678
laboureur,1,2,4.238678
hervier,1,1,4.238678
universel,1,1,4.238678
laird,1,1,4.238678
border,1,1,4.238678
fife,1,1,4.238678
pinlaw,1,1,4.238678
keranen,1,1,4.238678
macclesfield,1,1,4.238678
schoenherr,1,1,4.238678
hobsbawm,1,1,4.238678
mahc,1,1,4.238678
garment,1,1,4.238678
constructeur,1,1,4.238678
comit,1,1,4.238678
cematex,1,3,4.238678
ferguson,1,2,4.238678
plugboard,1,1,4.238678
knew,1,1,4.238678
diteur,1,1,4.238678
tair,1,1,4.238678
bradburi,1,1,4.238678
photoshop,1,1,4.238678
transcend,1,1,4.238678
bhakti,1,1,4.238678
ziek,1,1,4.238678
schlein,1,1,4.238678
vieux,1,1,4.238678
tisser,1,1,4.238678
letteraria,1,1,4.238678
attivit,1,1,4.238678
lontani,1,1,4.238678
echi,1,1,4.238678
catanzaro,1,2,4.238678
seta,1,1,4.238678
rubino,1,1,4.238678
parrillo,1,1,4.238678
charvet,1,1,4.238678
basketweav,1,1,4.238678
facsimil,1,1,4.238678
hint,1,2,4.238678
posselt,1,4,4.238678
hector,1,1,4.238678
sailrit,1,1,4.238678
ugc,1,1,4.238678
rangsang,1,1,4.238678
dogo,1,1,4.238678
sare,1,1,4.238678
handloom,1,1,4.238678
panneerselvam,1,1,4.238678
greer,1,1,4.238678
depot,1,1,4.238678
heywood,1,1,4.238678
fingerweav,1,1,4.238678
chilkat,1,1,4.238678
salish,1,1,4.238678
braid,1,1,4.238678
beamer,1,1,4.238678
knotter,1,1,4.238678
colman,1,1,4.238678
barber,1,1,4.238678
twill,1,1,4.238678
swivel,1,1,4.238678
satin,1,1,4.238678
piqu,1,1,4.238678
leno,1,1,4.238678
lampa,1,1,4.238678
gabardin,1,1,4.238678
coverlet,1,1,4.238678
acesa,1,1,4.238678
rapier,1,1,4.238678
northrop,1,1,4.238678
lancashir,1,1,4.238678
horrock,1,1,4.238678
hattersley,1,1,4.238678
dandi,1,1,4.238678
jet,1,2,4.238678
resin,1,1,4.238678
wicker,1,1,4.238678
wattl,1,1,4.238678
talim,1,1,4.238678
tablet,1,1,4.238678
pibion,1,1,4.238678
kasuri,1,1,4.238678
ikat,1,1,4.238678
mairet,1,1,4.238678
ethel,1,1,4.238678
lieb,1,1,4.238678
karimov,1,1,4.238678
latif,1,1,4.238678
karagheusian,1,1,4.238678
arshag,1,1,4.238678
forsel,1,1,4.238678
elisabeth,1,1,4.238678
dietz,1,1,4.238678
brunsson,1,1,4.238678
johanna,1,1,4.238678
beauchemin,1,1,4.238678
berger,1,1,4.238678
otti,1,1,4.238678
alber,1,1,4.238678
dealt,1,1,4.238678
revit,1,1,4.238678
lucki,1,1,4.238678
bancroft,1,1,4.238678
zetterberg,1,1,4.238678
vo,1,1,4.238678
judocu,1,1,4.238678
lzl,1,1,4.238678
gunta,1,1,4.238678
scherzenfeldt,1,1,4.238678
brigitta,1,1,4.238678
ryland,1,1,4.238678
reichardt,1,1,4.238678
margaretha,1,2,4.238678
lilli,1,1,4.238678
elisabet,1,1,4.238678
nii,1,1,4.238678
counterpart,1,3,4.238678
trecvid,1,1,4.238678
assessor,1,1,4.238678
factoid,1,1,4.238678
microblog,1,2,4.238678
liveqa,1,1,4.238678
diffeo,1,1,4.238678
streamcorpu,1,1,4.238678
kba,1,2,4.238678
binarili,1,1,4.238678
fedweb,1,1,4.238678
spun,1,1,4.238678
ntcir,1,3,4.238678
clef,1,4,4.238678
deeper,1,1,4.238678
colbert,1,4,4.238678
scalar,1,1,4.238678
complementari,1,1,4.238678
borda,1,1,4.238678
combsum,1,1,4.238678
reliv,1,1,4.238678
webber,1,1,4.238678
homepag,1,1,4.238678
landon,1,1,4.238678
chowdhuri,1,1,4.238678
rti,1,2,4.238678
simoni,1,1,4.238678
diglio,1,1,4.238678
deepqa,1,2,4.238678
baselin,1,2,4.238678
rtii,1,1,4.238678
registro,1,1,4.238678
soggettario,1,2,4.238678
nuovo,1,2,4.238678
spmabn,1,1,4.238678
fra,1,1,4.238678
lexem,1,3,4.238678
lexicograph,1,1,4.238678
tomlinson,1,1,4.238678
hedin,1,1,4.238678
oard,1,1,4.238678
nyberg,1,1,4.238678
lalli,1,1,4.238678
aditya,1,1,4.238678
kalyanpur,1,1,4.238678
gondek,1,1,4.238678
ferrucci,1,1,4.238678
informationss,1,5,4.238678
informationretriev,1,2,4.238678
kbpedia,1,2,4.238678
isko,1,1,4.238678
iat,1,1,4.238678
informasjonsgjenfin,1,2,4.238678
dump,1,1,4.238678
freebas,1,2,4.238678
linkag,1,1,4.238678
eurovoc,1,2,4.238678
bncf,1,1,4.238678
informac,1,2,4.238678
vyhl,1,1,4.238678
aut,1,1,4.238678
monolingu,1,6,4.238678
materia,1,1,4.238678
cbdab,1,1,4.238678
wikiuml,1,1,4.238678
cui,1,1,4.238678
wikibas,1,3,4.238678
tdkiv,1,4,4.238678
tadirah,1,1,4.238678
vyhledavani,1,1,4.238678
svkkl,1,1,4.238678
quora,1,2,4.238678
psh,1,1,4.238678
estonian,1,1,4.238678
infoots,1,2,4.238678
postime,1,1,4.238678
omegawiki,1,1,4.238678
nalt,1,1,4.238678
gning,1,2,4.238678
nformasiya,1,1,4.238678
azwiki,1,1,4.238678
arwiki,1,1,4.238678
sitelink,1,1,4.238678
kdjqx,1,1,4.238678
tervin,1,1,4.238678
kunskapss,1,1,4.238678
yso,1,2,4.238678
tietotekniikka,1,1,4.238678
haku,1,3,4.238678
ysa,1,1,4.238678
tiedonhaku,1,6,4.238678
kning,1,4,4.238678
sami,1,2,4.238678
uohcan,1,2,4.238678
yle,1,1,4.238678
berreskurapen,1,1,4.238678
informazioaren,1,1,4.238678
euwiki,1,1,4.238678
etwiki,1,1,4.238678
eswiki,1,1,4.238678
rehavigo,1,1,4.238678
informo,1,1,4.238678
eowiki,1,1,4.238678
enwiki,1,1,4.238678
elwiki,1,1,4.238678
dewiki,1,1,4.238678
dawiki,1,1,4.238678
cswiki,1,1,4.238678
cawiki,1,1,4.238678
bgwiki,1,1,4.238678
axtar,1,1,4.238678
kowiki,1,1,4.238678
jawiki,1,1,4.238678
itwiki,1,1,4.238678
informasi,1,1,4.238678
balik,1,1,4.238678
temu,1,1,4.238678
idwiki,1,1,4.238678
hiwiki,1,1,4.238678
glwiki,1,1,4.238678
ise,1,1,4.238678
faisn,1,1,4.238678
aisghabh,1,1,4.238678
gawiki,1,1,4.238678
frwiki,1,1,4.238678
fiwiki,1,1,4.238678
fawiki,1,1,4.238678
simplewiki,1,1,4.238678
ruwiki,1,1,4.238678
informa,1,1,4.238678
recupera,1,1,4.238678
ptwiki,1,1,4.238678
informacji,1,1,4.238678
wyszukiwani,1,1,4.238678
plwiki,1,1,4.238678
informasjonsattfin,1,1,4.238678
nnwiki,1,1,4.238678
nlwiki,1,1,4.238678
maklumat,1,1,4.238678
kembali,1,1,4.238678
dapatan,1,1,4.238678
mswiki,1,1,4.238678
mnwiki,1,1,4.238678
zuwiki,1,1,4.238678
zhwiki,1,1,4.238678
yuewiki,1,1,4.238678
tin,1,1,4.238678
truy,1,1,4.238678
viwiki,1,1,4.238678
ukwiki,1,1,4.238678
bilgi,1,1,4.238678
trwiki,1,1,4.238678
tgwiki,1,1,4.238678
tawiki,1,1,4.238678
svwiki,1,1,4.238678
informacija,1,1,4.238678
ivanj,1,1,4.238678
pretra,1,1,4.238678
srwiki,1,1,4.238678
verbergen,1,4,4.238678
verschieben,1,4,4.238678
seitenleist,1,4,4.238678
hauptmen,1,2,4.238678
springen,1,1,4.238678
inhalt,1,6,4.238678
zum,1,17,4.238678
entityschema,1,1,4.238678
enwikiquot,1,1,4.238678
behandelen,1,1,4.238678
informatieverzoeken,1,1,4.238678
informatievoorzien,1,1,4.238678
nlwikibook,1,1,4.238678
jawikibook,1,1,4.238678
kokwaziswa,1,1,4.238678
ukulandwa,1,1,4.238678
such,1,4,4.238678
kontakt,1,2,4.238678
nderungen,1,3,4.238678
letzt,1,1,4.238678
hilf,1,3,4.238678
autorenport,1,1,4.238678
anlegen,1,1,4.238678
neuen,1,1,4.238678
verbessern,1,1,4.238678
mitmachen,1,1,4.238678
spezialseiten,1,1,4.238678
artikel,1,7,4.238678
lliger,1,1,4.238678
zuf,1,1,4.238678
themenportal,1,1,4.238678
hauptseit,1,1,4.238678
kommerziel,1,2,4.238678
deutschland,1,3,4.238678
umschalten,1,9,4.238678
unterabschnitt,1,7,4.238678
geschicht,1,3,4.238678
anwendungsbereich,1,2,4.238678
anfang,1,2,4.238678
inhaltsverzeichni,1,3,4.238678
werkzeug,1,3,4.238678
mein,1,1,4.238678
anmelden,1,2,4.238678
erstellen,1,2,4.238678
benutzerkonto,1,2,4.238678
spenden,1,2,4.238678
erscheinungsbild,1,2,4.238678
suchen,1,8,4.238678
aspekt,1,3,4.238678
tzlichkeit,1,2,4.238678
pertinenz,1,6,4.238678
relevanz,1,13,4.238678
informationsbarrieren,1,2,4.238678
pushdienst,1,4,4.238678
kognit,1,2,4.238678
dokumentationseinheit,1,4,4.238678
bezugseinheit,1,3,4.238678
dokumentarisch,1,3,4.238678
rfni,1,5,4.238678
informationsb,1,10,4.238678
informationsbedarf,1,11,4.238678
grundbegriff,1,3,4.238678
suchwerkzeug,1,2,4.238678
informationsdienst,1,2,4.238678
struktur,1,3,4.238678
retrievalsystemen,1,3,4.238678
typologi,1,3,4.238678
informel,1,4,4.238678
textdokument,1,3,4.238678
publiziert,1,9,4.238678
objekt,1,7,4.238678
nicht,1,53,4.238678
textuel,1,9,4.238678
informetrisch,1,3,4.238678
logistisch,1,2,4.238678
inver,1,2,4.238678
verteilung,1,8,4.238678
relevanzverteilungen,1,2,4.238678
ansatz,1,4,4.238678
rer,1,2,4.238678
architektur,1,3,4.238678
chenweb,1,4,4.238678
oberfl,1,4,4.238678
nutzungsmodel,1,4,4.238678
nutzer,1,24,4.238678
clustermodel,1,2,4.238678
linktopologisch,1,3,4.238678
textstatistik,1,5,4.238678
boolesch,1,6,4.238678
retrievalmodel,1,4,4.238678
textbearbeitung,1,3,4.238678
informationslinguistisch,1,4,4.238678
kontrol,1,9,4.238678
terminologisch,1,8,4.238678
retrievalsystem,1,9,4.238678
texten,1,10,4.238678
lesen,1,5,4.238678
diskuss,1,1,4.238678
bearbeiten,1,110,4.238678
sprachen,1,2,4.238678
einzelnachweis,1,2,4.238678
weblink,1,2,4.238678
retrievalmodellen,1,2,4.238678
klassifik,1,5,4.238678
indexieren,1,7,4.238678
speichern,1,4,4.238678
thematisch,1,4,4.238678
fifo,1,3,4.238678
datenbasi,1,5,4.238678
neuer,1,7,4.238678
aufnahm,1,3,4.238678
zeichen,1,5,4.238678
druckvers,1,1,4.238678
herunterladen,1,1,4.238678
exportieren,1,1,4.238678
drucken,1,1,4.238678
wechseln,1,1,4.238678
kurzlink,1,1,4.238678
zitieren,1,1,4.238678
informationen,1,16,4.238678
seiten,1,13,4.238678
verlinkten,1,1,4.238678
seit,1,7,4.238678
dies,1,24,4.238678
allgemein,1,1,4.238678
aktionen,1,1,4.238678
versionsgeschicht,1,2,4.238678
quelltext,1,54,4.238678
abruf,1,2,4.238678
durch,1,13,4.238678
meist,1,2,4.238678
wiederauffinden,1,2,4.238678
betrifft,1,1,4.238678
ung,1,2,4.238678
informationserschli,1,2,4.238678
oder,1,49,4.238678
ckgewinnung,1,1,4.238678
informationsr,1,1,4.238678
auch,1,14,4.238678
enzyklop,1,1,4.238678
freien,1,1,4.238678
datenobjekt,1,1,4.238678
projekten,1,1,4.238678
anderen,1,9,4.238678
informatik,1,3,4.238678
informationswissenschaft,1,9,4.238678
bereich,1,3,4.238678
llt,1,3,4.238678
rtern,1,4,4.238678
einzelw,1,1,4.238678
inhalten,1,1,4.238678
komplexen,1,1,4.238678
nach,1,18,4.238678
tztem,1,1,4.238678
computergest,1,1,4.238678
sich,1,34,4.238678
ftigt,1,2,4.238678
besch,1,3,4.238678
fachgebiet,1,1,4.238678
datenbanken,1,9,4.238678
geht,1,8,4.238678
beim,1,7,4.238678
bzw,1,7,4.238678
bedeutet,1,6,4.238678
wort,1,6,4.238678
abrufbar,1,1,4.238678
nglich,1,1,4.238678
zug,1,1,4.238678
chst,1,2,4.238678
zun,1,1,4.238678
enstehend,1,1,4.238678
werden,1,54,4.238678
gespeichert,1,2,4.238678
bilddaten,1,1,4.238678
komplex,1,2,4.238678
computerlinguistik,1,3,4.238678
verwendet,1,4,4.238678
wie,1,17,4.238678
suchmaschinen,1,11,4.238678
beispielsweis,1,11,4.238678
methoden,1,2,4.238678
dokumentenretriev,1,1,4.238678
zur,1,16,4.238678
geh,1,6,4.238678
strukturen,1,2,4.238678
entdecken,1,1,4.238678
ander,1,3,4.238678
etwa,1,10,4.238678
aufzufinden,1,1,4.238678
wieder,1,3,4.238678
bestehend,1,1,4.238678
darum,1,1,4.238678
mag,1,2,4.238678
datenbank,1,12,4.238678
einer,1,24,4.238678
unsicherheit,1,1,4.238678
erschli,1,1,4.238678
schwierig,1,2,4.238678
techniken,1,1,4.238678
verwenden,1,2,4.238678
spamfilt,1,1,4.238678
antwortsystem,1,1,4.238678
bildsuchmaschinen,1,1,4.238678
sowi,1,5,4.238678
literatursuch,1,1,4.238678
bibliotheken,1,2,4.238678
digitalen,1,4,4.238678
nutzt,1,1,4.238678
beschreibungen,1,1,4.238678
mangelt,1,1,4.238678
antworten,1,1,4.238678
gar,1,2,4.238678
fehlerhaft,1,1,4.238678
mangelhaft,1,1,4.238678
erh,1,2,4.238678
befragt,1,1,4.238678
worden,1,2,4.238678
musik,1,2,4.238678
bilder,1,5,4.238678
enthaltenen,1,2,4.238678
ber,1,29,4.238678
angaben,1,4,4.238678
kein,1,8,4.238678
dass,1,26,4.238678
fassen,1,1,4.238678
suchbegriff,1,1,4.238678
hrend,1,2,4.238678
zielf,1,1,4.238678
zise,1,2,4.238678
sucht,1,1,4.238678
kann,1,15,4.238678
benutz,1,6,4.238678
vagheit,1,1,4.238678
synonymen,1,2,4.238678
sitzgelegenheit,1,1,4.238678
geldinstitut,1,2,4.238678
geschrieben,1,3,4.238678
gleich,1,2,4.238678
rter,1,10,4.238678
homographen,1,1,4.238678
beteiligt,1,1,4.238678
personenkreis,1,1,4.238678
berschneidend,1,1,4.238678
nden,1,1,4.238678
umst,1,1,4.238678
unter,1,11,4.238678
zwei,1,13,4.238678
generel,1,1,4.238678
quell,1,3,4.238678
schematisch,1,1,4.238678
bedingungen,1,3,4.238678
vage,1,1,4.238678
daher,1,6,4.238678
enth,1,2,4.238678
suchanfrag,1,15,4.238678
relationalen,1,2,4.238678
eingestellten,1,2,4.238678
praktizieren,1,1,4.238678
lassen,1,4,4.238678
auslesen,1,1,4.238678
informationssystemen,1,1,4.238678
einspeichern,1,1,4.238678
selbst,1,1,4.238678
entwed,1,9,4.238678
gespeicherten,1,1,4.238678
einem,1,18,4.238678
autoren,1,2,4.238678
personenkrei,1,1,4.238678
erst,1,1,4.238678
recht,1,1,4.238678
abbildung,1,3,4.238678
vgl,1,1,4.238678
akut,1,1,4.238678
arbeit,1,4,4.238678
zeitpunkt,1,2,4.238678
bestimmt,1,2,4.238678
anwend,1,2,4.238678
benutzergrupp,1,1,4.238678
zweit,1,1,4.238678
umgewandelt,1,2,4.238678
dokumentenrepr,1,2,4.238678
nstige,1,1,4.238678
verarbeitung,1,1,4.238678
dokumenten,1,18,4.238678
sentat,1,4,4.238678
internen,1,1,4.238678
gem,1,2,4.238678
vom,1,12,4.238678
ngt,1,2,4.238678
formuliert,1,4,4.238678
formulieren,1,4,4.238678
anfragen,1,8,4.238678
quaten,1,1,4.238678
ihr,1,6,4.238678
ssen,1,8,4.238678
daf,1,3,4.238678
decken,1,1,4.238678
chten,1,1,4.238678
rfniss,1,6,4.238678
fehlen,1,2,4.238678
ihnen,1,2,4.238678
deren,1,4,4.238678
aufgaben,1,3,4.238678
ziel,1,2,4.238678
vergleichen,1,1,4.238678
sentationen,1,2,4.238678
verwendung,1,3,4.238678
aufgab,1,4,4.238678
dann,1,4,4.238678
festgelegt,1,1,4.238678
wird,1,31,4.238678
suchbegriffen,1,1,4.238678
eingab,1,1,4.238678
einfach,1,1,4.238678
uft,1,4,4.238678
interakt,1,4,4.238678
modellierung,1,1,4.238678
vorgang,1,2,4.238678
verwendeten,1,2,4.238678
dabei,1,8,4.238678
nur,1,11,4.238678
nnen,1,18,4.238678
glichkeiten,1,5,4.238678
drei,1,6,4.238678
anschli,1,1,4.238678
bewertungen,1,1,4.238678
bewerten,1,1,4.238678
hin,1,1,4.238678
sungsrelevanz,1,1,4.238678
seiner,1,2,4.238678
gefundenen,1,5,4.238678
vor,1,9,4.238678
nun,1,3,4.238678
steht,1,4,4.238678
ckzugeben,1,1,4.238678
passenden,1,1,4.238678
nken,1,1,4.238678
einzuschr,1,1,4.238678
weiter,1,12,4.238678
suchergebni,1,1,4.238678
zumeist,1,1,4.238678
formulierten,1,1,4.238678
verfeinern,1,1,4.238678
definieren,1,1,4.238678
indexierung,1,1,4.238678
sselw,1,1,4.238678
schl,1,1,4.238678
indem,1,5,4.238678
vornehmen,1,1,4.238678
modifikationen,1,1,4.238678
rahmen,1,1,4.238678
engen,1,1,4.238678
anfrag,1,3,4.238678
reformulierung,1,1,4.238678
gibt,1,8,4.238678
beispiel,1,4,4.238678
modifikationsformen,1,1,4.238678
ablauf,1,2,4.238678
genau,1,2,4.238678
tigen,1,1,4.238678
eingestuft,1,1,4.238678
zuvor,1,1,4.238678
ihrer,1,6,4.238678
feststellen,1,1,4.238678
hren,1,2,4.238678
durchf,1,1,4.238678
weil,1,2,4.238678
ndern,1,1,4.238678
einsatz,1,2,4.238678
wissen,1,9,4.238678
vorhandenen,1,1,4.238678
nutzung,1,4,4.238678
beschrieb,1,1,4.238678
erstmal,1,1,4.238678
wurd,1,10,4.238678
begriff,1,2,4.238678
reformulieren,1,1,4.238678
automatisiert,1,1,4.238678
dokumentenbewertungen,1,1,4.238678
mitgeteilt,1,1,4.238678
irgendein,1,1,4.238678
explizit,1,2,4.238678
tzen,1,2,4.238678
unterst,1,3,4.238678
retrievalwerkzeugen,1,1,4.238678
dacht,1,1,4.238678
glichen,1,2,4.238678
erm,1,4,4.238678
gezielt,1,1,4.238678
mittel,1,3,4.238678
gern,1,1,4.238678
wissenstr,1,1,4.238678
arten,1,3,4.238678
all,1,11,4.238678
sollt,1,2,4.238678
memex,1,1,4.238678
hie,1,1,4.238678
nne,1,1,4.238678
revolutionieren,1,1,4.238678
wissensspeichern,1,1,4.238678
beseitigt,1,1,4.238678
erfolgreich,1,4,4.238678
welch,1,8,4.238678
augen,1,1,4.238678
weltraumforschung,1,1,4.238678
ndigkeit,1,3,4.238678
ckst,1,1,4.238678
eigen,1,1,4.238678
amerikanern,1,1,4.238678
hielt,1,1,4.238678
russisch,1,1,4.238678
sputnikschock,1,1,4.238678
erhielt,1,1,4.238678
schub,1,1,4.238678
entscheidenden,1,1,4.238678
einen,1,18,4.238678
gegenteil,1,1,4.238678
informiertheit,1,1,4.238678
hrt,1,2,4.238678
mehr,1,4,4.238678
amerikanischen,1,1,4.238678
ngst,1,1,4.238678
russischen,1,1,4.238678
sselungscod,1,1,4.238678
entschl,1,1,4.238678
obwohl,1,1,4.238678
knacken,1,1,4.238678
signalcod,1,1,4.238678
halb,1,1,4.238678
dauert,1,1,4.238678
punkt,1,1,4.238678
entscheidend,1,2,4.238678
jahren,1,2,4.238678
arbeitet,1,4,4.238678
wissenschaftl,1,1,4.238678
ltigen,1,1,4.238678
bew,1,1,4.238678
tigt,1,4,4.238678
experten,1,1,4.238678
erkl,1,2,4.238678
informationsexplos,1,2,4.238678
berichtet,1,1,4.238678
diesem,1,2,4.238678
gutachten,1,1,4.238678
gegeben,1,1,4.238678
auftrag,1,1,4.238678
sidenten,1,1,4.238678
sogenannt,1,5,4.238678
bermittlung,1,1,4.238678
wege,1,1,4.238678
verschiedenen,1,4,4.238678
zitierindic,1,1,4.238678
ern,1,1,4.238678
geboren,1,1,4.238678
hervorzuheben,1,1,4.238678
suchterm,1,2,4.238678
anzulegen,1,1,4.238678
informationsprofil,1,2,4.238678
individuel,1,1,4.238678
darstellen,1,1,4.238678
zusammenfassen,1,1,4.238678
automatisch,1,9,4.238678
verfahren,1,1,4.238678
textstatistischen,1,1,4.238678
automatischen,1,1,4.238678
passat,1,2,4.238678
ermittlungsmethod,1,1,4.238678
listenorganisiert,1,1,4.238678
speicherorientiert,1,1,4.238678
golem,1,1,4.238678
siemen,1,1,4.238678
entwickelt,1,2,4.238678
kommerziellen,1,1,4.238678
ersten,1,2,4.238678
ndete,1,1,4.238678
inhaltsverzeichniss,1,1,4.238678
kopiert,1,2,4.238678
dazu,1,4,4.238678
widerzuspiegeln,1,1,4.238678
zeitschriften,1,1,4.238678
regierungsdatenbanken,1,1,4.238678
orientiert,1,1,4.238678
wirtschaftlich,1,1,4.238678
maschin,1,1,4.238678
zwischen,1,13,4.238678
etabliert,1,1,4.238678
gilt,1,2,4.238678
gewichtet,1,1,4.238678
rterbuch,1,1,4.238678
mithilf,1,1,4.238678
wortst,1,1,4.238678
bildet,1,1,4.238678
stoppw,1,1,4.238678
ausschluss,1,2,4.238678
stichw,1,1,4.238678
selekt,1,1,4.238678
colex,1,2,4.238678
codenamen,1,1,4.238678
finden,1,6,4.238678
ufe,1,1,4.238678
testl,1,1,4.238678
verschieden,1,6,4.238678
circ,1,1,4.238678
leitung,1,1,4.238678
vorangetrieben,1,1,4.238678
entwicklung,1,1,4.238678
forschung,1,1,4.238678
questel,1,1,4.238678
heut,1,1,4.238678
oribit,1,1,4.238678
projekt,1,2,4.238678
nti,1,1,4.238678
endet,1,1,4.238678
initiiert,1,1,4.238678
rechtsanwaltskamm,1,1,4.238678
obar,1,1,4.238678
medizindatenbank,1,1,4.238678
bibliographisch,1,1,4.238678
suchsystem,1,1,4.238678
medizininformationen,1,1,4.238678
verlagert,1,1,4.238678
ter,1,3,4.238678
forschungen,1,1,4.238678
schwerpunkt,1,2,4.238678
ufer,1,2,4.238678
vorl,1,2,4.238678
direkt,1,4,4.238678
statt,1,2,4.238678
mosaic,1,1,4.238678
ncsa,1,1,4.238678
hen,1,1,4.238678
glicht,1,2,4.238678
verteilt,1,1,4.238678
wai,1,2,4.238678
verbreitet,1,2,4.238678
nomen,1,1,4.238678
massenph,1,1,4.238678
funktioniert,1,4,4.238678
urteil,1,1,4.238678
volltextsuch,1,1,4.238678
basiert,1,2,4.238678
rechtsinformationen,1,1,4.238678
schwerpunktm,1,1,4.238678
erfasst,1,4,4.238678
problemorientiert,1,2,4.238678
konkret,1,3,4.238678
handlungsrelevantem,1,1,4.238678
bedarf,1,5,4.238678
veriti,1,1,4.238678
convera,1,1,4.238678
russland,1,1,4.238678
yandex,1,1,4.238678
derzeit,1,1,4.238678
rsten,1,1,4.238678
bekanntesten,1,1,4.238678
bergingen,1,1,4.238678
aufkamen,1,1,4.238678
bevor,1,1,4.238678
protokol,1,1,4.238678
netscap,1,1,4.238678
ergibt,1,2,4.238678
gegebenenfal,1,1,4.238678
gedeckt,1,1,4.238678
ganz,1,2,4.238678
zudem,1,2,4.238678
stillen,1,1,4.238678
mehrer,1,5,4.238678
hier,1,6,4.238678
problemorientierten,1,1,4.238678
ndig,1,3,4.238678
vollst,1,4,4.238678
deckt,1,1,4.238678
antwort,1,1,4.238678
hauptstadt,1,1,4.238678
fakteninform,1,1,4.238678
konkreten,1,3,4.238678
muss,1,9,4.238678
eigentlich,1,3,4.238678
sste,1,2,4.238678
glich,1,6,4.238678
subjekt,1,3,4.238678
anfragenden,1,1,4.238678
spiegelt,1,1,4.238678
betrachtet,1,1,4.238678
sachverhalt,1,2,4.238678
hei,1,4,4.238678
abstrahiert,1,1,4.238678
nglichen,1,1,4.238678
urspr,1,1,4.238678
modifik,1,1,4.238678
sogar,1,1,4.238678
erhaltenen,1,1,4.238678
schauspiel,1,1,4.238678
gesucht,1,2,4.238678
mprehens,1,2,4.238678
ead,1,2,4.238678
chine,1,2,4.238678
onfer,1,1,4.238678
trieval,1,1,4.238678
ext,1,1,4.238678
suchanfrageformulierungen,1,1,4.238678
einig,1,2,4.238678
gelesen,1,1,4.238678
rlichsprachig,1,5,4.238678
verfassen,1,1,4.238678
quat,1,2,4.238678
vorhanden,1,4,4.238678
basiswissen,1,1,4.238678
angesprochen,1,1,4.238678
programmiersprach,1,1,4.238678
kaffe,1,1,4.238678
insel,1,1,4.238678
erkennen,1,3,4.238678
mehrdeutigkeiten,1,1,4.238678
begrifforientiert,1,2,4.238678
unterscheiden,1,3,4.238678
jeweil,1,4,4.238678
suchanfrageformulierung,1,1,4.238678
zwar,1,3,4.238678
retrievalprozess,1,1,4.238678
adj,1,1,4.238678
chocolat,1,4,4.238678
kinofilm,1,1,4.238678
depp,1,4,4.238678
beid,1,2,4.238678
originaldoku,1,1,4.238678
noch,1,5,4.238678
dbe,1,10,4.238678
weder,1,1,4.238678
davon,1,1,4.238678
teil,1,2,4.238678
komplett,1,1,4.238678
wiedergegeben,1,1,4.238678
verdichtet,1,2,4.238678
jahrgang,1,1,4.238678
autor,1,3,4.238678
dar,1,11,4.238678
mehrwert,1,3,4.238678
informationellen,1,1,4.238678
stellt,1,2,4.238678
abgespeichert,1,2,4.238678
welcher,1,2,4.238678
entscheidet,1,3,4.238678
erstellt,1,3,4.238678
befunden,1,1,4.238678
rdig,1,1,4.238678
dokumentenw,1,1,4.238678
kriterienkatalog,1,1,4.238678
inhaltlich,1,1,4.238678
findet,1,3,4.238678
gepr,1,6,4.238678
rdigkeit,1,1,4.238678
dokumentationsw,1,1,4.238678
zuerst,1,2,4.238678
desselben,1,1,4.238678
stellvertret,1,3,4.238678
treffen,1,4,4.238678
entscheidung,1,3,4.238678
dokumentationsprozess,1,1,4.238678
somit,1,4,4.238678
sentiert,1,1,4.238678
dient,1,4,4.238678
informationel,1,2,4.238678
dieser,1,14,4.238678
beschrieben,1,1,4.238678
prozess,1,5,4.238678
informationspraktisch,1,1,4.238678
schlie,1,5,4.238678
ganzen,1,1,4.238678
genommen,1,1,4.238678
kapitel,1,1,4.238678
einzeln,1,2,4.238678
beschreibt,1,5,4.238678
anstellen,1,1,4.238678
nutzeranalysen,1,1,4.238678
beziehen,1,2,4.238678
usw,1,1,4.238678
sprachkenntniss,1,1,4.238678
hintergrund,1,3,4.238678
konomischen,1,1,4.238678
sozio,1,1,4.238678
vorkenntniss,1,1,4.238678
empirischen,1,1,4.238678
abgestimmt,1,1,4.238678
aufeinand,1,2,4.238678
eben,1,2,4.238678
anfordert,1,1,4.238678
gebrauchen,1,1,4.238678
verf,1,3,4.238678
beral,1,1,4.238678
pulldienst,1,1,4.238678
modifiziert,1,2,4.238678
aufgrund,1,3,4.238678
angefragt,1,1,4.238678
voll,1,1,4.238678
korb,1,1,4.238678
damit,1,4,4.238678
respekt,1,1,4.238678
strauch,1,1,4.238678
reicht,1,1,4.238678
cken,1,1,4.238678
pfl,1,1,4.238678
beeren,1,2,4.238678
berrypick,1,1,4.238678
sprach,1,3,4.238678
ort,1,2,4.238678
zeit,1,1,4.238678
solch,1,1,4.238678
faktoren,1,2,4.238678
behindern,1,1,4.238678
informationsfluss,1,1,4.238678
eintreffen,1,1,4.238678
informieren,1,1,4.238678
suchanfragen,1,1,4.238678
profildienst,1,1,4.238678
abgespeicherten,1,1,4.238678
versorgen,1,1,4.238678
aktiv,1,1,4.238678
gestellt,1,1,4.238678
gung,1,2,4.238678
bez,1,1,4.238678
trefferlist,1,5,4.238678
selektierten,1,1,4.238678
relevanten,1,5,4.238678
aller,1,4,4.238678
anteil,1,2,4.238678
genauigkeit,1,1,4.238678
berechnet,1,3,4.238678
dagegen,1,1,4.238678
treffermeng,1,2,4.238678
angezeigten,1,1,4.238678
bezeichnet,1,4,4.238678
beurteilung,1,1,4.238678
hauptartikel,1,1,4.238678
finanzierung,1,1,4.238678
gesetz,1,1,4.238678
wurden,1,5,4.238678
ballast,1,1,4.238678
nichtrelevant,1,1,4.238678
treffer,1,1,4.238678
gefunden,1,4,4.238678
selektieren,1,1,4.238678
zutreffend,1,2,4.238678
rde,1,2,4.238678
kennzahlen,1,1,4.238678
bilden,1,2,4.238678
handelt,1,1,4.238678
dokumentensammlung,1,2,4.238678
gesamtzahl,1,1,4.238678
hingegen,1,1,4.238678
bedeutungsvollen,1,1,4.238678
aufgabenstellung,1,1,4.238678
ausgegeben,1,1,4.238678
passend,1,1,4.238678
aber,1,11,4.238678
faktenfrag,1,1,4.238678
allerd,1,6,4.238678
umgekehrt,1,1,4.238678
ert,1,1,4.238678
vergr,1,1,4.238678
kosten,1,1,4.238678
angezeigt,1,2,4.238678
tten,1,1,4.238678
kennt,1,2,4.238678
sofern,1,1,4.238678
viel,1,2,4.238678
messbar,1,1,4.238678
verlust,1,1,4.238678
richtig,1,2,4.238678
voraussetzungen,1,1,4.238678
erf,1,3,4.238678
hwarnfunkt,1,2,4.238678
cke,1,3,4.238678
wissensl,1,2,4.238678
vorbereitung,1,2,4.238678
subjektiv,1,1,4.238678
befriedigung,1,2,4.238678
informationsnachfrag,1,1,4.238678
objektiv,1,2,4.238678
sicht,1,2,4.238678
bezieht,1,1,4.238678
lust,1,1,4.238678
ihn,1,1,4.238678
wenn,1,8,4.238678
unbedingt,1,1,4.238678
realit,1,2,4.238678
sagt,1,2,4.238678
systemseitigen,1,1,4.238678
thema,1,4,4.238678
bezug,1,1,4.238678
umsetzt,1,1,4.238678
praxi,1,3,4.238678
erzeugt,1,1,4.238678
handlungsrelevant,1,1,4.238678
darau,1,1,4.238678
tzlich,1,6,4.238678
besitzt,1,1,4.238678
wobei,1,1,4.238678
umfang,1,1,4.238678
richtigen,1,6,4.238678
gewichtungswert,1,3,4.238678
desto,1,3,4.238678
vorkommt,1,4,4.238678
ufig,1,5,4.238678
vorkommen,1,2,4.238678
ketten,1,2,4.238678
mehreren,1,2,4.238678
gebildet,1,1,4.238678
themenketten,1,1,4.238678
jede,1,2,4.238678
wahrscheinlichkeit,1,4,4.238678
berechnung,1,2,4.238678
grundgedank,1,1,4.238678
relevanzregionen,1,1,4.238678
eher,1,2,4.238678
spricht,1,1,4.238678
regelm,1,3,4.238678
eventuel,1,1,4.238678
kleineren,1,1,4.238678
kommen,1,2,4.238678
zustand,1,1,4.238678
dokumentenmengen,1,2,4.238678
eren,1,1,4.238678
anzumerken,1,1,4.238678
herauskristallisiert,1,1,4.238678
verteilungen,1,2,4.238678
untersuchungen,1,1,4.238678
kett,1,2,4.238678
keiner,1,1,4.238678
wert,1,2,4.238678
liegt,1,5,4.238678
kommt,1,3,4.238678
recherchierst,1,1,4.238678
bitt,1,2,4.238678
entfernt,1,1,4.238678
demn,1,1,4.238678
nnten,1,1,4.238678
beleg,1,3,4.238678
ausreichenden,1,1,4.238678
ohn,1,7,4.238678
ausgestattet,1,1,4.238678
einzelnachweisen,1,1,4.238678
belegen,1,1,4.238678
hinreichend,1,1,4.238678
abschnitt,1,2,4.238678
nachfolgend,1,1,4.238678
relevancerank,1,2,4.238678
igkeiten,1,1,4.238678
hingewiesen,1,1,4.238678
darauf,1,1,4.238678
einmal,1,3,4.238678
sei,1,1,4.238678
zweitplatziert,1,1,4.238678
erstplatziert,1,1,4.238678
konstant,1,2,4.238678
zahl,1,3,4.238678
eulersch,1,1,4.238678
rangplatz,1,2,4.238678
angeben,1,1,4.238678
herleiten,1,1,4.238678
woher,1,1,4.238678
gst,1,1,4.238678
einf,1,2,4.238678
gute,1,2,4.238678
buckland,1,1,4.238678
wahrnehmung,1,1,4.238678
erarbeitung,1,1,4.238678
bedeutung,1,1,4.238678
gewissen,1,1,4.238678
intentionalit,1,1,4.238678
vorhandensein,1,2,4.238678
lich,1,3,4.238678
einschli,1,1,4.238678
materialit,1,1,4.238678
kriterien,1,1,4.238678
vier,1,2,4.238678
entscheiden,1,1,4.238678
wann,1,1,4.238678
ausgangsdoku,1,1,4.238678
unterschieden,1,1,4.238678
lektor,1,1,4.238678
ffentlichung,1,1,4.238678
durchlaufen,1,1,4.238678
ffentlichungsprozess,1,1,4.238678
formalen,1,1,4.238678
foto,1,1,4.238678
brauchen,1,1,4.238678
vorliegenden,1,2,4.238678
nennt,1,2,4.238678
bildern,1,1,4.238678
audiosequenz,1,1,4.238678
videosequenz,1,1,4.238678
besteht,1,1,4.238678
medienformen,1,1,4.238678
auftreten,1,3,4.238678
textform,1,1,4.238678
richtet,1,1,4.238678
regel,1,4,4.238678
exemplar,1,1,4.238678
stell,1,2,4.238678
buch,1,1,4.238678
manifestiert,1,1,4.238678
bersetzungen,1,1,4.238678
realisierung,1,2,4.238678
ausdruck,1,1,4.238678
gefolgt,1,1,4.238678
pfung,1,1,4.238678
publizierten,1,3,4.238678
ebenen,1,1,4.238678
existieren,1,2,4.238678
ffentlicht,1,3,4.238678
graue,1,1,4.238678
digitalisierbaren,1,3,4.238678
gruppen,1,1,4.238678
unterscheidet,1,3,4.238678
textuellen,1,1,4.238678
gemacht,1,1,4.238678
ffentlich,1,1,4.238678
extranet,1,1,4.238678
bericht,1,1,4.238678
rechnung,1,1,4.238678
hlen,1,4,4.238678
hierzu,1,1,4.238678
kooperativ,1,1,4.238678
formel,1,1,4.238678
zwischenstuf,1,1,4.238678
allem,1,1,4.238678
ausnahmen,1,1,4.238678
oftmal,1,1,4.238678
vertreten,1,1,4.238678
wirtschaft,1,1,4.238678
medizin,1,1,4.238678
chemi,1,1,4.238678
disziplinen,1,1,4.238678
entstammen,1,1,4.238678
meisten,1,1,4.238678
museumsobjekt,1,1,4.238678
patienten,1,1,4.238678
reaktionen,1,1,4.238678
eigenschaften,1,3,4.238678
stoff,1,1,4.238678
chemisch,1,1,4.238678
fakten,1,1,4.238678
letzteren,1,1,4.238678
hinzugef,1,2,4.238678
daten,1,2,4.238678
strukturiert,1,2,4.238678
seitenzahlen,1,1,4.238678
abbildungen,1,1,4.238678
berschriften,1,1,4.238678
titel,1,1,4.238678
kapitelnummern,1,1,4.238678
gewiss,1,1,4.238678
textdokumenten,1,1,4.238678
schwach,1,3,4.238678
strukturierten,1,5,4.238678
differenziert,1,1,4.238678
dargestellt,1,1,4.238678
audiodateien,1,1,4.238678
zu,1,5,4.238678
intellektuel,1,6,4.238678
sowohl,1,3,4.238678
ergeben,1,3,4.238678
arbeiten,1,5,4.238678
weiterverarbeiten,1,1,4.238678
korrekt,1,2,4.238678
menschlich,1,1,4.238678
anbiet,1,1,4.238678
bevorzugen,1,1,4.238678
interpretiert,1,1,4.238678
vierfach,1,1,4.238678
satz,1,2,4.238678
sinnzusammenhang,1,2,4.238678
syntaktisch,1,1,4.238678
beachten,1,1,4.238678
kaum,1,2,4.238678
homonymen,1,1,4.238678
formulierungsm,1,1,4.238678
ausdr,1,1,4.238678
dieselben,1,1,4.238678
rechercheur,1,2,4.238678
liegen,1,3,4.238678
vorteil,1,1,4.238678
ontologien,1,1,4.238678
schlagwortmethod,1,1,4.238678
klassifikationen,1,1,4.238678
dokumentationssprachen,1,1,4.238678
erfolgt,1,4,4.238678
vokabular,1,9,4.238678
kontrolliertem,1,2,4.238678
bearbeitung,1,2,4.238678
reinen,1,1,4.238678
wirkt,1,2,4.238678
fachleut,1,1,4.238678
kontrolliert,1,6,4.238678
insgesamt,1,1,4.238678
teurer,1,1,4.238678
sehr,1,3,4.238678
prei,1,1,4.238678
rlich,1,1,4.238678
spielt,1,1,4.238678
angewandt,1,2,4.238678
jedem,1,1,4.238678
kunstsprachen,1,1,4.238678
sprachentwicklungen,1,1,4.238678
cksichtigung,1,1,4.238678
mangelnd,1,1,4.238678
nachteil,1,1,4.238678
schriftsystem,1,2,4.238678
folgt,1,5,4.238678
vorau,1,1,4.238678
setzt,1,1,4.238678
gekannt,1,1,4.238678
nutzern,1,2,4.238678
terminologi,1,1,4.238678
kleinen,1,1,4.238678
gearbeitet,1,1,4.238678
volltexten,1,1,4.238678
besten,1,1,4.238678
bersetzungsarbeit,1,1,4.238678
leistet,1,1,4.238678
unterbegriffen,1,2,4.238678
ober,1,2,4.238678
suchanfrageerweiterung,1,2,4.238678
bildung,1,1,4.238678
eigennamenerkennung,1,1,4.238678
korrektur,1,1,4.238678
eingabefehlererkennung,1,1,4.238678
stoppwortmarkierung,1,1,4.238678
egal,1,1,4.238678
worterkennung,1,1,4.238678
gramm,1,1,4.238678
zerlegung,1,1,4.238678
getrennt,1,1,4.238678
voneinand,1,2,4.238678
spracherkennung,1,1,4.238678
danach,1,1,4.238678
arabisch,1,1,4.238678
lateinisch,1,1,4.238678
erkannt,1,3,4.238678
tig,1,1,4.238678
anaphoraaufl,1,1,4.238678
bersetzung,1,1,4.238678
schritt,1,3,4.238678
beiden,1,2,4.238678
letzten,1,1,4.238678
untersucht,1,1,4.238678
hnlichkeit,1,2,4.238678
umfeld,1,2,4.238678
semantisch,1,2,4.238678
abgeglichen,1,1,4.238678
homonym,1,1,4.238678
zerlegt,1,1,4.238678
komposita,1,1,4.238678
stammformen,1,1,4.238678
grund,1,5,4.238678
seinem,1,1,4.238678
textnutzung,1,1,4.238678
netzwerkmodel,1,1,4.238678
algorithmu,1,2,4.238678
linktopologischen,1,1,4.238678
beruhen,1,1,4.238678
probabilistisch,1,5,4.238678
vektorraummodel,1,3,4.238678
erweitert,1,3,4.238678
modellen,1,13,4.238678
diesen,1,1,4.238678
ausschli,1,2,4.238678
keinesweg,1,1,4.238678
konkurrierend,1,1,4.238678
tritt,1,2,4.238678
verbindung,1,1,4.238678
vorkommenden,1,1,4.238678
anzahl,1,6,4.238678
wdf,1,4,4.238678
gewichtungsfaktoren,1,1,4.238678
analysiert,1,1,4.238678
auftretenden,1,1,4.238678
uminterpretiert,1,1,4.238678
mussten,1,1,4.238678
relevanzrank,1,1,4.238678
sortierung,1,1,4.238678
operatoren,1,2,4.238678
funktionen,1,1,4.238678
logik,1,2,4.238678
untersuchen,1,1,4.238678
standort,1,2,4.238678
spezifischen,1,1,4.238678
zusatzinformationen,1,1,4.238678
zutrifft,1,1,4.238678
probabilistischen,1,1,4.238678
vektoren,1,2,4.238678
winkel,1,1,4.238678
zueinand,1,3,4.238678
raum,1,2,4.238678
dimensionalen,1,1,4.238678
spannen,1,1,4.238678
klassischen,1,1,4.238678
kleiner,1,1,4.238678
bestimmten,1,3,4.238678
gesamt,1,1,4.238678
englisch,1,1,4.238678
dokumenth,1,1,4.238678
ufigkeit,1,5,4.238678
beziehung,1,1,4.238678
klassifizieren,1,1,4.238678
versuchen,1,1,4.238678
clusterverfahren,1,1,4.238678
surfend,1,1,4.238678
zufallsprinzip,1,1,4.238678
gelinkt,1,1,4.238678
guten,1,1,4.238678
inwiefern,1,1,4.238678
entstehen,1,2,4.238678
eingehend,1,1,4.238678
ausgehend,1,1,4.238678
verlinkt,1,1,4.238678
miteinand,1,3,4.238678
untereinand,1,1,4.238678
hnlich,1,3,4.238678
bedeutend,1,1,4.238678
spielen,1,1,4.238678
hnlichkeiten,1,4,4.238678
neben,1,1,4.238678
selektiert,1,1,4.238678
zugriff,1,2,4.238678
einzigen,1,1,4.238678
nstigsten,1,1,4.238678
mtlich,1,1,4.238678
suchverfahren,1,1,4.238678
beschleunigung,1,1,4.238678
dadurch,1,5,4.238678
zusammengefasst,1,1,4.238678
dokumentenpool,1,1,4.238678
gemeinsamen,1,1,4.238678
stehend,1,1,4.238678
berschneidungsr,1,1,4.238678
bestehen,1,1,4.238678
extremfal,1,1,4.238678
bi,1,1,4.238678
wachsen,1,1,4.238678
umgekehrten,1,1,4.238678
hoch,1,1,4.238678
homogenen,1,1,4.238678
dokumentationen,1,1,4.238678
speziellen,1,1,4.238678
resultierend,1,1,4.238678
zusammenfassung,1,1,4.238678
sentieren,1,1,4.238678
behauptung,1,1,4.238678
bemerkung,1,1,4.238678
kommentar,1,1,4.238678
suchoberfl,1,1,4.238678
erreichbar,1,1,4.238678
kostenlo,1,1,4.238678
ehe,1,1,4.238678
markieren,1,1,4.238678
ergebniss,1,1,4.238678
aufgefordert,1,1,4.238678
wiederholt,1,2,4.238678
laufen,1,1,4.238678
ckkopplungsschleifen,1,1,4.238678
systematischen,1,1,4.238678
geographischen,1,1,4.238678
hintergrundinformationen,1,1,4.238678
flie,1,1,4.238678
rangkriterium,1,1,4.238678
kontrollierbar,1,1,4.238678
erarbeitet,1,1,4.238678
sichtloskarten,1,1,4.238678
bibliothekskatalog,1,1,4.238678
steilkarten,1,1,4.238678
speichermedien,1,2,4.238678
webseit,1,1,4.238678
arbeitenden,1,1,4.238678
bezugsquel,1,1,4.238678
einstiegsseit,1,1,4.238678
ansprechen,1,1,4.238678
ihren,1,2,4.238678
metasuchmaschinen,1,1,4.238678
webkatalog,1,2,4.238678
algorithmisch,1,2,4.238678
kostenpflichtig,1,1,4.238678
erreichen,1,1,4.238678
treten,1,1,4.238678
soll,1,2,4.238678
erleichtern,1,1,4.238678
datei,1,5,4.238678
invertiert,1,2,4.238678
dokumentendatei,1,3,4.238678
zweifach,1,1,4.238678
verarbeitet,1,2,4.238678
feldschema,1,1,4.238678
einordnung,1,2,4.238678
schnittstel,1,1,4.238678
schnittstellen,1,1,4.238678
hinau,1,5,4.238678
funktion,1,1,4.238678
dateistruktur,1,1,4.238678
ftigungsbereich,1,1,4.238678
welt,1,1,4.238678
berhaupt,1,1,4.238678
umfasst,1,1,4.238678
zeichensatz,1,1,4.238678
bislang,1,1,4.238678
abbilden,1,3,4.238678
erfassen,1,2,4.238678
konnt,1,1,4.238678
entstand,1,1,4.238678
lokal,1,1,4.238678
anzeigen,1,2,4.238678
dokumentationseinheiten,1,1,4.238678
sst,1,1,4.238678
anfrageformulierung,1,1,4.238678
verfasst,1,1,4.238678
folgend,1,2,4.238678
sortiert,1,1,4.238678
scht,1,1,4.238678
gel,1,1,4.238678
dubletten,1,3,4.238678
jeweiligen,1,1,4.238678
webseiten,1,1,4.238678
webdokumenten,1,1,4.238678
bekannt,1,1,4.238678
grundlag,1,1,4.238678
aufgenommen,1,1,4.238678
verantwortlich,1,1,4.238678
intellektuellen,1,1,4.238678
varianten,1,1,4.238678
sprachspezifisch,1,1,4.238678
regelt,1,1,4.238678
genutzt,1,1,4.238678
verschli,1,1,4.238678
gegen,1,1,4.238678
glichkeit,1,2,4.238678
seitenbetreib,1,1,4.238678
jeder,1,1,4.238678
relevanzurteil,1,1,4.238678
zieht,1,1,4.238678
ankertexten,1,1,4.238678
verfeinert,1,1,4.238678
konzentrieren,1,1,4.238678
denen,1,1,4.238678
nkt,1,1,4.238678
beschr,1,1,4.238678
erster,1,2,4.238678
eingehenden,1,1,4.238678
popularit,1,1,4.238678
sinnvollsten,1,1,4.238678
stichwortfeldern,1,1,4.238678
gelangen,1,1,4.238678
nge,1,1,4.238678
jahrg,1,1,4.238678
reih,1,1,4.238678
jahrgangsfeld,1,1,4.238678
derart,1,1,4.238678
suchargument,1,1,4.238678
wichtig,1,1,4.238678
kostenlosen,1,1,4.238678
trefferlisten,1,1,4.238678
verstehen,1,3,4.238678
suchmask,1,2,4.238678
llen,1,1,4.238678
anforderungen,1,1,4.238678
takt,1,1,4.238678
dritt,1,1,4.238678
traction,1,1,4.238678
suboptim,1,1,4.238678
zufal,1,1,4.238678
besuch,1,2,4.238678
unm,1,1,4.238678
bersteigen,1,1,4.238678
weit,1,1,4.238678
ressourcen,1,1,4.238678
besucht,1,1,4.238678
abstand,1,1,4.238678
selben,1,1,4.238678
halten,1,1,4.238678
aktuel,1,1,4.238678
glichst,1,1,4.238678
disziplin,1,1,4.238678
welchen,1,2,4.238678
auswahl,1,1,4.238678
zweiten,1,1,4.238678
trifft,1,1,4.238678
abarbeitet,1,1,4.238678
crawlern,1,1,4.238678
auftritt,1,1,4.238678
versteckt,1,2,4.238678
gestaltet,1,1,4.238678
vermeidung,1,1,4.238678
pfade,1,1,4.238678
erkennung,1,1,4.238678
nutzerzentriert,1,1,4.238678
aufruf,1,1,4.238678
seitenzentriert,1,1,4.238678
semiautomatisch,1,1,4.238678
eruieren,1,1,4.238678
nutzen,1,1,4.238678
musterdokument,1,2,4.238678
taxonomien,1,2,4.238678
ausgangspunkt,1,1,4.238678
nstigen,1,1,4.238678
derweil,1,1,4.238678
verfolgt,1,1,4.238678
getunnelten,1,1,4.238678
dennoch,1,1,4.238678
getunnelt,1,1,4.238678
identifiziert,1,1,4.238678
fachexperten,1,1,4.238678
geeignet,1,1,4.238678
spezialisiert,1,1,4.238678
besser,1,1,4.238678
wesentlich,1,1,4.238678
eignet,1,1,4.238678
autorenfeld,1,1,4.238678
feld,1,1,4.238678
phrasenindex,1,2,4.238678
wortindex,1,2,4.238678
aufgelistet,1,1,4.238678
sortierkriterium,1,1,4.238678
geordnet,1,1,4.238678
phrasen,1,3,4.238678
invertierten,1,3,4.238678
angelegt,1,1,4.238678
dateien,1,1,4.238678
begriffsordnung,1,1,4.238678
aktualisiert,1,1,4.238678
beobachten,1,1,4.238678
ngigkeit,1,3,4.238678
abh,1,1,4.238678
nachstehend,1,1,4.238678
zeigt,1,1,4.238678
zweidimensional,1,1,4.238678
datenbankindex,1,1,4.238678
speicherung,1,1,4.238678
linkstrukturierung,1,1,4.238678
offen,1,1,4.238678
abgelegt,1,1,4.238678
ckw,1,1,4.238678
reihenfolg,1,1,4.238678
gewichten,1,1,4.238678
angegeben,1,1,4.238678
strukturinformationen,1,2,4.238678
hnlichkeitsbestimmung,1,1,4.238678
mengen,1,1,4.238678
rlichsprachlich,1,2,4.238678
zeichnen,1,3,4.238678
mengentheoretisch,1,1,4.238678
berf,1,1,4.238678
hnlichkeitsma,1,1,4.238678
eindimensional,1,1,4.238678
rechenoperationen,1,1,4.238678
endlich,1,1,4.238678
paarweisen,1,1,4.238678
tupel,1,1,4.238678
matrizen,1,1,4.238678
stellen,1,1,4.238678
algebraisch,1,2,4.238678
mathematisch,1,1,4.238678
termen,1,8,4.238678
interdependenzen,1,2,4.238678
terminterdependenzen,1,12,4.238678
immanenten,1,4,4.238678
ckgegriffen,1,1,4.238678
insbesonder,1,1,4.238678
wahrscheinlichkeiten,1,1,4.238678
zufallsexperi,1,1,4.238678
mehrstufig,1,1,4.238678
bestimmung,1,1,4.238678
dokumentensuch,1,1,4.238678
sehen,1,1,4.238678
ckf,1,1,4.238678
mengenoperationen,1,1,4.238678
anwendung,1,1,4.238678
lini,1,1,4.238678
kookkurrenz,1,2,4.238678
indirekt,1,2,4.238678
klass,1,1,4.238678
innewohnend,1,1,4.238678
abgeleitet,1,3,4.238678
dokumentenbestand,1,2,4.238678
interdependenz,1,2,4.238678
ausma,1,1,4.238678
transzendenten,1,4,4.238678
grenzen,1,1,4.238678
ngig,1,1,4.238678
unabh,1,3,4.238678
annahm,1,3,4.238678
implizit,1,1,4.238678
unterschi,1,2,4.238678
cksichtigen,1,1,4.238678
erhalb,1,1,4.238678
terminterdependenz,1,1,4.238678
auspr,1,1,4.238678
modelliert,1,2,4.238678
transzend,1,1,4.238678
hinausgehend,1,1,4.238678
liegend,1,1,4.238678
orthogonalit,1,2,4.238678
angesehen,1,1,4.238678
verbunden,1,1,4.238678
keinesfal,1,1,4.238678
unterschiedlich,1,1,4.238678
vollkommen,1,1,4.238678
modellklass,1,1,4.238678
zweier,1,1,4.238678
versteht,1,1,4.238678
ontologi,1,1,4.238678
dpunkt,1,1,4.238678
ferber,1,1,4.238678
reginald,1,1,4.238678
hove,1,1,4.238678
eysenck,1,1,4.238678
baddeley,1,1,4.238678
dezemb,1,1,4.238678
memento,1,2,4.238678
carballo,1,1,4.238678
perez,1,1,4.238678
wahrscheinlichkeitstheori,1,1,4.238678
gebieten,1,1,4.238678
querbez,1,1,4.238678
vorgegeben,1,1,4.238678
menschen,1,1,4.238678
marten,1,1,4.238678
wien,1,1,4.238678
nchen,1,1,4.238678
oldenbourg,1,1,4.238678
grundlagen,1,2,4.238678
hrung,1,1,4.238678
poetzsch,1,2,4.238678
eleonor,1,1,4.238678
schrift,1,1,4.238678
dgi,1,1,4.238678
informationssuch,1,1,4.238678
technologien,1,1,4.238678
nfd,1,1,4.238678
wissenschaft,1,1,4.238678
lewandowski,1,3,4.238678
dirk,1,4,4.238678
karin,1,1,4.238678
materialien,1,1,4.238678
essen,1,1,4.238678
duisburg,1,1,4.238678
vorlesung,1,1,4.238678
fachgrupp,1,1,4.238678
arbeitsbuch,1,1,4.238678
lehr,1,1,4.238678
dert,1,1,4.238678
winfri,1,1,4.238678
lepski,1,1,4.238678
nagelschmidt,1,1,4.238678
matthia,1,1,4.238678
norderstedt,1,1,4.238678
bod,1,1,4.238678
visualisierung,1,1,4.238678
lobid,1,1,4.238678
sachbegriff,1,1,4.238678
normdaten,1,1,4.238678
macgil,1,1,4.238678
medieninformatik,1,1,4.238678
lehrstuhl,1,1,4.238678
januar,1,1,4.238678
henrich,1,1,4.238678
anwendungen,1,1,4.238678
juni,1,2,4.238678
informationswirtschaft,1,1,4.238678
handbuch,1,1,4.238678
virtuellen,1,1,4.238678
saarland,1,1,4.238678
luckhardt,1,1,4.238678
haenelt,1,1,4.238678
gbar,1,1,4.238678
gleichen,1,1,4.238678
weitergab,1,1,4.238678
namensnennung,1,1,4.238678
lizenz,1,1,4.238678
abrufstatistik,1,1,4.238678
gerendert,1,1,4.238678
bearbeitet,1,1,4.238678
uhr,1,1,4.238678
zuletzt,1,1,4.238678
kategori,1,1,4.238678
wirtschaftsinformatik,1,1,4.238678
kategorien,1,1,4.238678
abgerufen,1,2,4.238678
ak,1,1,4.238678
ognd,1,1,4.238678
impressum,1,1,4.238678
haftungsausschluss,1,1,4.238678
datenschutz,1,1,4.238678
eingetragen,1,1,4.238678
einverstanden,1,1,4.238678
datenschutzrichtlini,1,1,4.238678
nutzungsbedingungen,1,1,4.238678
tzlichen,1,1,4.238678
unterliegen,1,1,4.238678
glicherweis,1,1,4.238678
anklicken,1,1,4.238678
regelfal,1,1,4.238678
mediendateien,1,1,4.238678
eingebunden,1,1,4.238678
lizenzstatu,1,1,4.238678
urhebern,1,1,4.238678
newsiness,1,3,4.238678
newsblast,1,1,4.238678
iresearch,1,3,4.238678
unread,1,1,4.238678
reviewchomp,1,2,4.238678
dangl,1,1,4.238678
deserv,1,1,4.238678
themat,1,2,4.238678
cope,1,1,4.238678
hinzuf,1,1,4.238678
ansicht,1,1,4.238678
stellungnahm,1,1,4.238678
statistiken,1,1,4.238678
entwickl,1,1,4.238678
verhaltenskodex,1,1,4.238678
sicherheit,1,1,4.238678
hirschberg,1,1,4.238678
elson,1,1,4.238678
passonneau,1,1,4.238678
hovi,1,1,4.238678
mckeown,1,2,4.238678
tam,1,1,4.238678
gorzata,1,1,4.238678
sti,1,1,4.238678
hongyan,1,1,4.238678
dragomir,1,2,4.238678
salienc,1,1,4.238678
lexrank,1,1,4.238678
radev,1,3,4.238678
erkan,1,1,4.238678
jistweb,1,1,4.238678
newsfe,1,2,4.238678
slash,1,1,4.238678
indec,1,4,4.238678
isrc,1,3,4.238678
pidgin,1,1,4.238678
ghanaian,1,1,4.238678
newsfeedresearch,1,1,4.238678
nlpir,1,1,4.238678
esum,1,1,4.238678
sreenivasa,1,1,4.238678
ravindranath,1,1,4.238678
chowdari,1,1,4.238678
duc,1,1,4.238678
soubbotin,1,2,4.238678
multidocu,1,1,4.238678
elhadad,1,1,4.238678
barzilay,1,1,4.238678
cnri,1,3,4.238678
expir,1,1,4.238678
ark,1,1,4.238678
overse,1,1,4.238678
openurl,1,2,4.238678
changeabl,1,1,4.238678
medra,1,2,4.238678
ilibrari,1,1,4.238678
eidr,1,1,4.238678
istic,1,1,4.238678
jalc,1,2,4.238678
taiwanes,1,1,4.238678
airiti,1,1,4.238678
http,1,7,4.238678
nnnn,1,3,4.238678
insensit,1,1,4.238678
ansi,1,2,4.238678
niso,1,3,4.238678
infouri,1,1,4.238678
ietf,1,2,4.238678
di,1,1,4.238678
dona,1,2,4.238678
policymak,1,1,4.238678
disadvantag,1,1,4.238678
in,1,2,4.238678
plug,1,2,4.238678
on,1,1,4.238678
bielefeld,1,1,4.238678
pmh,1,2,4.238678
oai,1,2,4.238678
rebrand,1,1,4.238678
ncri,1,1,4.238678
jeslib,1,1,4.238678
satori,1,2,4.238678
ransform,1,1,4.238678
epresent,1,1,4.238678
ncoder,1,1,4.238678
idirect,1,1,4.238678
jia,1,1,4.238678
businessweek,1,1,4.238678
iheduc,1,1,4.238678
langston,1,1,4.238678
bainbridg,1,1,4.238678
factsheet,1,3,4.238678
uksg,1,1,4.238678
uuid,1,1,4.238678
pii,1,1,4.238678
permalink,1,1,4.238678
whi,1,1,4.238678
twyman,1,1,4.238678
kennison,1,1,4.238678
susann,1,1,4.238678
derisi,1,1,4.238678
discont,1,1,4.238678
sec,1,1,4.238678
japanlinkcent,1,1,4.238678
pressnew,1,1,4.238678
chrissiecw,1,1,4.238678
ukoln,1,1,4.238678
squid,1,1,4.238678
jchdi,1,1,4.238678
kimberli,1,1,4.238678
lloyd,1,1,4.238678
paskin,1,1,4.238678
iec,1,2,4.238678
isin,1,1,4.238678
abcd,1,1,4.238678
shortdoi,1,1,4.238678
iana,1,1,4.238678
oadoi,1,1,4.238678
heather,1,1,4.238678
piwowar,1,1,4.238678
schonfeld,1,1,4.238678
capsh,1,1,4.238678
doai,1,1,4.238678
wsdl,1,1,4.238678
sompel,1,1,4.238678
mahon,1,1,4.238678
ttemeier,1,1,4.238678
pbio,1,1,4.238678
unfre,1,2,4.238678
wip,1,1,4.238678
altavista,1,1,4.238678
catalyz,1,1,4.238678
ipi,1,1,4.238678
cae,1,1,4.238678
isci,1,1,4.238678
istc,1,1,4.238678
lei,1,1,4.238678
isli,1,1,4.238678
iswc,1,1,4.238678
isan,1,1,4.238678
ismn,1,1,4.238678
bic,1,1,4.238678
iin,1,1,4.238678
issuer,1,1,4.238678
euractiv,1,1,4.238678
comedi,1,1,4.238678
cosponsor,1,1,4.238678
autumn,1,1,4.238678
stolton,1,1,4.238678
atlanti,1,1,4.238678
folli,1,1,4.238678
carr,1,1,4.238678
kari,1,1,4.238678
youth,1,1,4.238678
prc,1,1,4.238678
demot,1,1,4.238678
dsa,1,3,4.238678
weaken,1,1,4.238678
goldsmith,1,2,4.238678
sterner,1,2,4.238678
psilocybin,1,1,4.238678
prostitut,1,1,4.238678
happi,1,1,4.238678
brotherhood,1,1,4.238678
lgbtq,1,1,4.238678
decrimin,1,2,4.238678
haircut,1,1,4.238678
toilet,1,1,4.238678
sanit,1,1,4.238678
asylum,1,1,4.238678
topfreedom,1,1,4.238678
liberta,1,1,4.238678
personif,1,1,4.238678
freethought,1,1,4.238678
diplomat,1,1,4.238678
thediplomat,1,1,4.238678
aparen,1,2,4.238678
cerca,1,8,4.238678
ajuda,1,1,4.238678
taverna,1,1,4.238678
canvi,1,3,4.238678
viquipedista,1,1,4.238678
comunitat,1,2,4.238678
gine,1,2,4.238678
qualitat,1,1,4.238678
atzar,1,1,4.238678
amaga,1,4,4.238678
mou,1,4,4.238678
contingut,1,5,4.238678
lliur,1,2,4.238678
enciclop,1,2,4.238678
viquip,1,4,4.238678
correcci,1,3,4.238678
rendiment,1,5,4.238678
mesur,1,9,4.238678
propietat,1,4,4.238678
segona,1,2,4.238678
commuta,1,4,4.238678
tipu,1,3,4.238678
ria,1,7,4.238678
hist,1,2,4.238678
descripci,1,2,4.238678
inici,1,1,4.238678
sessi,1,2,4.238678
inicia,1,2,4.238678
compt,1,3,4.238678
crea,1,3,4.238678
donatiu,1,2,4.238678
aquest,1,5,4.238678
citau,1,1,4.238678
relacionat,1,2,4.238678
mostra,1,4,4.238678
discussi,1,1,4.238678
el,1,26,4.238678
modifica,1,17,4.238678
lleng,1,2,4.238678
taula,1,3,4.238678
enlla,1,7,4.238678
bibliografia,1,2,4.238678
nci,1,5,4.238678
mitjana,1,11,4.238678
mesura,1,13,4.238678
fallada,1,4,4.238678
reclam,1,27,4.238678
recurso,1,2,4.238678
obtenc,1,1,4.238678
activitat,1,1,4.238678
altr,1,4,4.238678
impressora,1,1,4.238678
baixa,1,1,4.238678
llibr,1,3,4.238678
exporta,1,1,4.238678
imprimeix,1,1,4.238678
antic,1,1,4.238678
ctic,1,1,4.238678
sint,1,1,4.238678
analitzador,1,1,4.238678
canvia,1,1,4.238678
abreujada,1,1,4.238678
obt,1,1,4.238678
universitat,1,2,4.238678
molt,1,3,4.238678
infoxicaci,1,1,4.238678
anomenat,1,2,4.238678
reduir,1,1,4.238678
utilitzen,1,2,4.238678
automatitzat,1,2,4.238678
sistem,1,9,4.238678
metadad,1,1,4.238678
basar,1,1,4.238678
poden,1,5,4.238678
cerqu,1,1,4.238678
lecci,1,6,4.238678
col,1,6,4.238678
partir,1,2,4.238678
necessitat,1,3,4.238678
resposta,1,2,4.238678
diverso,1,1,4.238678
holmstrom,1,3,4.238678
exempl,1,4,4.238678
declaracion,1,1,4.238678
introdueix,1,1,4.238678
usuari,1,4,4.238678
quan,1,3,4.238678
comen,1,2,4.238678
conegut,1,1,4.238678
cercador,1,2,4.238678
revist,1,1,4.238678
acc,1,2,4.238678
proporcionar,1,2,4.238678
bliqu,1,1,4.238678
bibliotequ,1,1,4.238678
computen,1,1,4.238678
majoria,1,1,4.238678
representat,1,1,4.238678
directa,1,1,4.238678
emmagatzemat,1,1,4.238678
estan,1,3,4.238678
deo,1,1,4.238678
mape,1,1,4.238678
imatg,1,1,4.238678
arxiu,1,1,4.238678
dade,1,2,4.238678
identitat,1,1,4.238678
rellev,1,29,4.238678
difer,1,3,4.238678
amb,1,16,4.238678
sovint,1,3,4.238678
realitzaren,1,1,4.238678
presentat,1,1,4.238678
arran,1,1,4.238678
popularitzar,1,1,4.238678
trosso,1,1,4.238678
recerca,1,3,4.238678
ordinador,1,2,4.238678
seva,1,1,4.238678
desitja,1,1,4.238678
repetir,1,1,4.238678
pot,1,4,4.238678
mostrat,1,1,4.238678
seu,1,3,4.238678
acord,1,2,4.238678
respon,1,1,4.238678
nqu,1,8,4.238678
encara,1,1,4.238678
elevat,1,1,4.238678
abast,1,1,4.238678
avaluaci,1,2,4.238678
subministrar,1,1,4.238678
ajudar,1,1,4.238678
aix,1,2,4.238678
patrocinar,1,1,4.238678
tecnologia,1,3,4.238678
ndard,1,1,4.238678
conjunta,1,1,4.238678
departa,1,1,4.238678
principi,1,1,4.238678
utilitzar,1,1,4.238678
cniqu,1,1,4.238678
grup,1,1,4.238678
llista,1,3,4.238678
algun,1,4,4.238678
ara,1,1,4.238678
troba,1,1,4.238678
programari,1,1,4.238678
mitj,1,1,4.238678
utilitzat,1,1,4.238678
perqu,1,1,4.238678
deixa,1,1,4.238678
succeeix,1,1,4.238678
obsolesc,1,1,4.238678
fenomen,1,1,4.238678
portat,1,1,4.238678
emmagatzemar,1,1,4.238678
tode,1,1,4.238678
capacitat,1,1,4.238678
sinon,1,1,4.238678
causa,1,3,4.238678
raon,1,2,4.238678
provocat,1,1,4.238678
plantegen,1,1,4.238678
vegad,1,3,4.238678
aquesta,1,5,4.238678
destacat,1,1,4.238678
assolida,1,1,4.238678
quantitat,1,1,4.238678
veritat,1,1,4.238678
giqu,1,2,4.238678
regl,1,1,4.238678
inclogui,1,1,4.238678
algoritm,1,1,4.238678
llenguatg,1,2,4.238678
conjunt,1,4,4.238678
teoria,1,1,4.238678
basat,1,1,4.238678
categoritzaci,1,2,4.238678
due,1,3,4.238678
categoritzat,1,1,4.238678
lustra,1,1,4.238678
dreta,1,1,4.238678
fic,1,1,4.238678
transformat,1,1,4.238678
gie,1,1,4.238678
efectiva,1,1,4.238678
itat,1,1,4.238678
homografia,1,1,4.238678
sorol,1,1,4.238678
mia,1,2,4.238678
permeten,1,1,4.238678
fossin,1,1,4.238678
creen,1,1,4.238678
xarx,1,2,4.238678
donada,1,2,4.238678
sigui,1,2,4.238678
probabilitat,1,2,4.238678
calculad,1,1,4.238678
tracten,1,2,4.238678
stic,1,2,4.238678
generalitzat,1,1,4.238678
tenim,1,1,4.238678
qual,1,2,4.238678
matriu,1,1,4.238678
paraul,1,1,4.238678
representen,1,2,4.238678
nom,1,1,4.238678
tall,1,2,4.238678
punt,1,1,4.238678
tamb,1,2,4.238678
tot,1,6,4.238678
retornat,1,5,4.238678
pel,1,4,4.238678
dividit,1,2,4.238678
recuperat,1,17,4.238678
matiso,1,1,4.238678
haver,1,2,4.238678
assumeixen,1,1,4.238678
descriuen,1,1,4.238678
necessiten,1,1,4.238678
avaluar,1,2,4.238678
proposad,1,1,4.238678
haurien,1,1,4.238678
tecnol,1,1,4.238678
fiqu,1,1,4.238678
cient,1,1,4.238678
branqu,1,1,4.238678
definici,1,1,4.238678
difereix,1,1,4.238678
significat,1,1,4.238678
observi,1,1,4.238678
puntuaci,1,2,4.238678
junt,1,1,4.238678
utilitzad,1,2,4.238678
percentatg,1,1,4.238678
juntament,1,1,4.238678
utilitza,1,1,4.238678
anomena,1,2,4.238678
aproximada,1,1,4.238678
precisio,1,4,4.238678
bioinform,1,1,4.238678
biosign,1,1,4.238678
mmir,1,2,4.238678
retorna,1,1,4.238678
obtenir,1,1,4.238678
fora,1,1,4.238678
anomenada,1,1,4.238678
prou,1,1,4.238678
qualsevol,1,1,4.238678
retornen,1,1,4.238678
aconseguir,1,1,4.238678
vist,1,1,4.238678
sensibilitat,1,1,4.238678
classificaci,1,2,4.238678
triqu,1,1,4.238678
peso,1,1,4.238678
ponderada,1,1,4.238678
segon,1,1,4.238678
considera,1,1,4.238678
efectivitat,1,2,4.238678
mfasi,1,1,4.238678
pe,1,1,4.238678
posa,1,2,4.238678
negatiu,1,1,4.238678
biaix,1,1,4.238678
criticada,1,1,4.238678
aritm,1,1,4.238678
dividida,1,1,4.238678
quadrat,1,1,4.238678
general,1,1,4.238678
sciplor,1,1,4.238678
sota,1,2,4.238678
refereix,1,1,4.238678
obtenen,1,1,4.238678
noteu,1,1,4.238678
altrament,1,1,4.238678
tote,1,1,4.238678
reempla,1,1,4.238678
corba,1,2,4.238678
plotejar,1,1,4.238678
podem,1,1,4.238678
presenten,1,1,4.238678
ordr,1,1,4.238678
desitj,1,1,4.238678
tota,1,1,4.238678
basad,1,1,4.238678
estudi,1,2,4.238678
informacion,1,1,4.238678
comporta,1,1,4.238678
nia,1,1,4.238678
duth,1,1,4.238678
relatiu,1,1,4.238678
multim,1,1,4.238678
agost,1,1,4.238678
voc,1,1,4.238678
zisserman,1,1,4.238678
winn,1,1,4.238678
gool,1,1,4.238678
everingham,1,1,4.238678
scholer,1,1,4.238678
octubr,1,1,4.238678
arxivat,1,5,4.238678
privacitat,1,1,4.238678
preservaci,1,1,4.238678
modelitzaci,1,1,4.238678
mem,1,2,4.238678
lectual,1,2,4.238678
llibertat,1,1,4.238678
censura,1,1,4.238678
biblioteconomia,1,1,4.238678
bibliometria,1,1,4.238678
subcamp,1,1,4.238678
taxonomia,1,1,4.238678
coneix,1,1,4.238678
organitzaci,1,1,4.238678
ontologia,1,1,4.238678
filosofia,1,1,4.238678
societat,1,2,4.238678
addicion,1,1,4.238678
aplicar,1,1,4.238678
compartir,1,1,4.238678
reconeix,1,1,4.238678
llic,1,1,4.238678
renderitzat,1,1,4.238678
vegada,1,1,4.238678
darrera,1,1,4.238678
modificada,1,1,4.238678
commonscat,1,1,4.238678
plantilla,1,1,4.238678
ocult,1,1,4.238678
categoria,1,1,4.238678
obtingut,1,1,4.238678
snl,1,1,4.238678
autoritat,1,2,4.238678
forbid,1,1,4.238678
misappropri,1,10,4.238678
infring,1,33,4.238678
afegeix,1,1,4.238678
bil,1,1,4.238678
stiqu,1,1,4.238678
desenvolupador,1,1,4.238678
codi,1,1,4.238678
seguretat,1,1,4.238678
responsabilitat,1,1,4.238678
rrec,1,1,4.238678
desc,1,1,4.238678
quant,1,1,4.238678
privadesa,1,1,4.238678
condicion,1,1,4.238678
vegeu,1,1,4.238678
commonplac,1,1,4.238678
intellect,1,2,4.238678
intang,1,14,4.238678
orphan,1,4,4.238678
biopiraci,1,3,4.238678
bioprospect,1,3,4.238678
troll,1,4,4.238678
abandonwar,1,1,4.238678
supplementari,1,2,4.238678
breeder,1,3,4.238678
peasant,1,1,4.238678
farmer,1,2,4.238678
copyleft,1,6,4.238678
sandal,1,1,4.238678
nkie,1,1,4.238678
mcdnoald,1,1,4.238678
eigentum,1,1,4.238678
geistigen,1,1,4.238678
schutz,1,1,4.238678
becket,1,1,4.238678
donaldson,1,2,4.238678
millar,1,1,4.238678
firmli,1,1,4.238678
monopoli,1,20,4.238678
ingeni,1,1,4.238678
codifi,1,1,4.238678
venetian,1,1,4.238678
statut,1,5,4.238678
buyer,1,2,4.238678
landown,1,2,4.238678
indivis,1,2,4.238678
unauthor,1,1,4.238678
vul,1,1,4.238678
hasagat,1,1,4.238678
auteur,1,1,4.238678
droit,1,1,4.238678
intellectuel,1,1,4.238678
rear,1,1,4.238678
cultiv,1,1,4.238678
wheat,1,1,4.238678
woodburi,1,1,4.238678
davol,1,1,4.238678
prerog,1,1,4.238678
dole,1,1,4.238678
bayh,1,1,4.238678
lemley,1,6,4.238678
bureaux,1,1,4.238678
secretariat,1,1,4.238678
trader,1,3,4.238678
handicraft,1,1,4.238678
thereof,1,1,4.238678
clariti,1,1,4.238678
pddl,1,1,4.238678
odbl,1,1,4.238678
odc,1,2,4.238678
expiri,1,1,4.238678
wto,1,5,4.238678
distort,1,2,4.238678
morin,1,6,4.238678
ric,1,6,4.238678
luxuri,1,1,4.238678
sybari,1,2,4.238678
bce,1,1,4.238678
encroach,1,1,4.238678
prosper,1,2,4.238678
deserved,1,1,4.238678
lockean,1,1,4.238678
third,1,1,4.238678
counterfeit,1,4,4.238678
deliber,1,1,4.238678
statutori,1,6,4.238678
afta,1,1,4.238678
boldrin,1,5,4.238678
commodif,1,3,4.238678
rightshold,1,1,4.238678
lubric,1,1,4.238678
cola,1,1,4.238678
coca,1,1,4.238678
penalti,1,4,4.238678
prescrib,1,1,4.238678
litig,1,4,4.238678
confusingli,1,1,4.238678
incarcer,1,1,4.238678
piraci,1,6,4.238678
stifl,1,1,4.238678
aggressor,1,1,4.238678
immor,1,1,4.238678
discover,1,2,4.238678
perpetu,1,3,4.238678
spooner,1,4,4.238678
lysand,1,3,4.238678
stolen,1,1,4.238678
hegel,1,1,4.238678
presumpt,1,1,4.238678
tangibl,1,5,4.238678
durabl,1,1,4.238678
orwel,1,1,4.238678
oliva,1,2,4.238678
falkving,1,3,4.238678
kinsella,1,8,4.238678
rivalr,1,2,4.238678
lessig,1,4,4.238678
interf,1,1,4.238678
incident,1,1,4.238678
lump,1,1,4.238678
catch,1,1,4.238678
disallow,1,1,4.238678
overreach,1,1,4.238678
badg,1,1,4.238678
bilater,1,2,4.238678
equit,1,1,4.238678
espionag,1,1,4.238678
anarcho,1,2,4.238678
ipr,1,5,4.238678
recoup,1,1,4.238678
draho,1,2,4.238678
compulsori,1,2,4.238678
bianchi,1,2,4.238678
baten,1,2,4.238678
petra,1,4,4.238678
thicket,1,1,4.238678
faunc,1,3,4.238678
birgitt,1,3,4.238678
protection,1,1,4.238678
backronym,1,2,4.238678
drm,1,5,4.238678
newspeak,1,2,4.238678
dialect,1,1,4.238678
remix,1,2,4.238678
bennet,1,2,4.238678
adelphi,1,1,4.238678
darken,1,1,4.238678
lessen,1,1,4.238678
peculiar,1,1,4.238678
divulg,1,1,4.238678
mcpherson,1,2,4.238678
groundlessli,1,1,4.238678
arbitrarili,1,1,4.238678
homestead,1,3,4.238678
cabin,1,2,4.238678
magnon,1,2,4.238678
galt,1,2,4.238678
magin,1,1,4.238678
capitalist,1,2,4.238678
trigger,1,1,4.238678
pursuant,1,1,4.238678
ratifi,1,1,4.238678
exemplifi,1,1,4.238678
harmonis,1,1,4.238678
circumventor,1,1,4.238678
hinder,1,1,4.238678
circumvent,1,4,4.238678
prosecut,1,1,4.238678
napster,1,1,4.238678
gnutella,1,1,4.238678
kazaa,1,1,4.238678
mpaa,1,3,4.238678
amicu,1,1,4.238678
mpa,1,1,4.238678
seventi,1,1,4.238678
heighten,1,1,4.238678
reced,1,1,4.238678
multilater,1,1,4.238678
spiral,1,1,4.238678
underrepresent,1,1,4.238678
sexism,1,1,4.238678
underrepres,1,1,4.238678
gaap,1,1,4.238678
vat,1,1,4.238678
tcja,1,1,4.238678
gilti,1,1,4.238678
timet,1,1,4.238678
bep,1,12,4.238678
eros,1,2,4.238678
multin,1,3,4.238678
moscovici,1,1,4.238678
profus,1,1,4.238678
niggard,1,1,4.238678
bentli,1,1,4.238678
publ,1,1,4.238678
mikul,1,1,4.238678
teich,1,1,4.238678
pericl,1,1,4.238678
lada,1,4,4.238678
heinemann,1,1,4.238678
moberli,1,1,4.238678
rees,1,3,4.238678
tind,1,2,4.238678
brow,1,1,4.238678
sweat,1,1,4.238678
copyfraud,1,2,4.238678
erod,1,1,4.238678
franzosi,1,1,4.238678
toshiko,1,1,4.238678
takenaka,1,1,4.238678
atheneu,1,1,4.238678
tabular,1,1,4.238678
mytholog,1,1,4.238678
anthon,1,1,4.238678
jlaw,1,1,4.238678
heinonlin,1,2,4.238678
llp,1,1,4.238678
inv,1,1,4.238678
merw,1,1,4.238678
robb,1,1,4.238678
woodb,1,1,4.238678
mossoff,1,2,4.238678
hast,1,3,4.238678
farah,1,4,4.238678
uspto,1,2,4.238678
congresst,1,1,4.238678
zirpoli,1,1,4.238678
secreci,1,2,4.238678
utsa,1,1,4.238678
lii,1,1,4.238678
wolter,1,1,4.238678
menel,1,1,4.238678
markenamt,1,1,4.238678
repress,1,1,4.238678
appel,1,1,4.238678
halrev,1,1,4.238678
hasanuddin,1,1,4.238678
kholi,1,1,4.238678
roisah,1,1,4.238678
brenkert,1,5,4.238678
westview,1,2,4.238678
bettig,1,4,4.238678
sonecon,1,1,4.238678
blinder,1,1,4.238678
nam,1,2,4.238678
pham,1,2,4.238678
brassel,1,1,4.238678
chemotherapi,1,1,4.238678
bollyki,1,1,4.238678
capp,1,1,4.238678
innova,1,1,4.238678
schroeder,1,1,4.238678
transnat,1,2,4.238678
unsatisfi,1,2,4.238678
tremolada,1,3,4.238678
hatch,1,1,4.238678
mrksich,1,1,4.238678
sahu,1,1,4.238678
pradip,1,1,4.238678
epc,1,1,4.238678
hanna,1,1,4.238678
ostapenko,1,1,4.238678
duncan,1,1,4.238678
pearc,1,1,4.238678
prabhash,1,1,4.238678
ranjan,1,1,4.238678
criminolog,1,1,4.238678
bitton,1,1,4.238678
signet,1,1,4.238678
spinello,1,1,4.238678
beauchamp,1,5,4.238678
fsfe,1,1,4.238678
torrentfreak,1,1,4.238678
silli,1,1,4.238678
cori,1,2,4.238678
doctorow,1,2,4.238678
misinterpret,1,1,4.238678
mirag,1,1,4.238678
seduct,1,1,4.238678
techdirt,1,3,4.238678
masnick,1,2,4.238678
irina,1,1,4.238678
darrel,1,1,4.238678
panethier,1,1,4.238678
ipl,1,1,4.238678
aba,1,1,4.238678
waxman,1,1,4.238678
feudal,1,1,4.238678
jdeveco,1,1,4.238678
wwi,1,1,4.238678
freez,1,1,4.238678
moratorium,1,1,4.238678
stiglitz,1,2,4.238678
ravich,1,1,4.238678
ufrj,1,1,4.238678
redesist,1,1,4.238678
sorenson,1,2,4.238678
nov,1,1,4.238678
mil,1,2,4.238678
terceiro,1,2,4.238678
desenvolvimento,1,2,4.238678
inova,1,2,4.238678
defectivebydesign,1,1,4.238678
aleksandra,1,1,4.238678
przegalinska,1,1,4.238678
dariusz,1,1,4.238678
jemielniak,1,1,4.238678
lewrockwel,1,1,4.238678
cato,1,1,4.238678
rothbard,1,2,4.238678
amato,1,1,4.238678
compass,1,1,4.238678
jorn,1,1,4.238678
sonderholm,1,1,4.238678
cptech,1,1,4.238678
jiel,1,1,4.238678
audrey,1,1,4.238678
ohchr,1,1,4.238678
earthscan,1,1,4.238678
wharton,1,1,4.238678
docket,1,1,4.238678
misunderstand,1,1,4.238678
ashcroft,1,2,4.238678
eldr,1,2,4.238678
shouldn,1,1,4.238678
helprin,1,1,4.238678
deterr,1,2,4.238678
infinitum,1,1,4.238678
rip,1,2,4.238678
vid,1,2,4.238678
katharina,1,1,4.238678
freund,1,1,4.238678
bruckman,1,1,4.238678
feuston,1,1,4.238678
fiesler,1,1,4.238678
tilburg,1,1,4.238678
ucla,1,1,4.238678
uclalawreview,1,1,4.238678
fordham,1,1,4.238678
fordhamiplj,1,1,4.238678
rochel,1,1,4.238678
toplenski,1,1,4.238678
pletcher,1,1,4.238678
christa,1,1,4.238678
beckman,1,1,4.238678
gplv,1,1,4.238678
brett,1,1,4.238678
ruprecht,1,1,4.238678
vandenhoeck,1,1,4.238678
eigentumskulturen,1,1,4.238678
rebel,1,1,4.238678
shaun,1,1,4.238678
connel,1,1,4.238678
ipcentr,1,1,4.238678
weblog,1,1,4.238678
nber,1,1,4.238678
foley,1,1,4.238678
fisman,1,1,4.238678
branstett,1,1,4.238678
aei,1,1,4.238678
hahn,1,1,4.238678
dkleve,1,1,4.238678
hisamitsu,1,1,4.238678
arai,1,1,4.238678
thejourn,1,1,4.238678
trump,1,2,4.238678
zew,1,1,4.238678
giuffr,1,1,4.238678
iss,1,2,4.238678
valencia,1,1,4.238678
blanch,1,1,4.238678
tirant,1,1,4.238678
dica,1,1,4.238678
jur,1,1,4.238678
incertidumbr,1,1,4.238678
empresarial,1,1,4.238678
oportunidad,1,1,4.238678
comercio,1,1,4.238678
martinez,1,1,4.238678
tarruella,1,1,4.238678
aurelio,1,1,4.238678
cima,1,1,4.238678
rebirthofffreedom,1,1,4.238678
perelman,1,1,4.238678
stockholm,1,1,4.238678
rozanski,1,1,4.238678
wadsworth,1,2,4.238678
raphael,1,1,4.238678
mazzon,1,1,4.238678
maskusarticl,1,1,4.238678
jil,1,1,4.238678
masku,1,1,4.238678
accralaw,1,1,4.238678
dklevin,1,1,4.238678
lai,1,1,4.238678
greenhalgh,1,1,4.238678
treasuri,1,2,4.238678
majesti,1,1,4.238678
gower,1,2,4.238678
suber,1,1,4.238678
elbakyan,1,1,4.238678
piratbyr,1,1,4.238678
genesi,1,1,4.238678
mashup,1,1,4.238678
gripe,1,1,4.238678
cosplay,1,1,4.238678
anarchist,1,3,4.238678
siva,1,1,4.238678
vaidhyanathan,1,1,4.238678
marsh,1,1,4.238678
mtholyok,1,1,4.238678
schneider,1,1,4.238678
schechter,1,1,4.238678
reisman,1,1,4.238678
confisc,1,1,4.238678
probat,1,1,4.238678
tenant,1,1,4.238678
landlord,1,1,4.238678
jurimetr,1,1,4.238678
cyberlaw,1,1,4.238678
bankruptci,1,1,4.238678
amnesti,1,1,4.238678
tort,1,1,4.238678
restitut,1,1,4.238678
deed,1,1,4.238678
chokepoint,1,1,4.238678
afk,1,1,4.238678
tpb,1,1,4.238678
valenti,1,1,4.238678
swartz,1,1,4.238678
sund,1,1,4.238678
socialist,1,1,4.238678
byzantin,1,1,4.238678
sharia,1,1,4.238678
parsi,1,1,4.238678
concordat,1,1,4.238678
ratif,1,1,4.238678
promulg,1,1,4.238678
rulemak,1,1,4.238678
deleg,1,1,4.238678
proclam,1,1,4.238678
edict,1,1,4.238678
codif,1,1,4.238678
legitimaci,1,1,4.238678
unenforc,1,1,4.238678
refuge,1,1,4.238678
liabil,1,1,4.238678
barrist,1,2,4.238678
juri,1,1,4.238678
kangaroo,1,1,4.238678
magistr,1,1,4.238678
repar,1,1,4.238678
proportion,1,1,4.238678
penolog,1,1,4.238678
remedi,1,1,4.238678
fiqh,1,1,4.238678
disbar,1,1,4.238678
martial,1,1,4.238678
constitution,1,1,4.238678
adjud,1,1,4.238678
pseudolaw,1,1,4.238678
yassa,1,1,4.238678
xeer,1,1,4.238678
primogenitur,1,1,4.238678
plunder,1,2,4.238678
georgism,1,1,4.238678
fictiti,1,1,4.238678
unown,1,1,4.238678
customari,1,1,4.238678
crown,1,1,4.238678
judiciari,1,1,4.238678
ecclesiast,1,1,4.238678
bench,1,1,4.238678
bureaucraci,1,1,4.238678
verdict,1,1,4.238678
vire,1,1,4.238678
trier,1,1,4.238678
solicitor,1,1,4.238678
prosecutor,1,1,4.238678
bergreg,1,1,4.238678
littor,1,1,4.238678
squat,1,1,4.238678
aborigin,1,1,4.238678
pannag,1,1,4.238678
graze,1,1,4.238678
dwell,1,1,4.238678
easement,1,1,4.238678
executor,1,1,4.238678
huerta,1,1,4.238678
agrarian,1,1,4.238678
ejido,1,1,4.238678
watercours,1,1,4.238678
anticommon,1,1,4.238678
tragedi,1,1,4.238678
usufruct,1,1,4.238678
hardin,1,1,4.238678
garrett,1,1,4.238678
engel,1,1,4.238678
coas,1,1,4.238678
bastiat,1,1,4.238678
spousal,1,1,4.238678
traffick,1,1,4.238678
bride,1,1,4.238678
poach,1,1,4.238678
repatri,1,1,4.238678
farhud,1,1,4.238678
expropri,1,1,4.238678
evict,1,1,4.238678
enclosur,1,1,4.238678
disposess,1,1,4.238678
riparian,1,1,4.238678
dtunkelang,1,1,4.238678
wouldn,1,1,4.238678
passion,1,1,4.238678
novoid,1,1,4.238678
gardenmoth,1,2,4.238678
webglimps,1,2,4.238678
glimps,1,2,4.238678
pend,1,1,4.238678
nara,1,1,4.238678
rousseau,1,1,4.238678
proudhon,1,1,4.238678
ostrom,1,1,4.238678
elinor,1,1,4.238678
mauss,1,1,4.238678
kapit,1,1,4.238678
marx,1,1,4.238678
soergel,1,1,4.238678
dagobert,1,1,4.238678
arist,1,1,4.238678
cronin,1,1,4.238678
blais,1,1,4.238678
bestow,1,1,4.238678
ft,1,1,4.238678
dspattison,1,1,4.238678
noob,1,1,4.238678
termdiscrimin,1,1,4.238678
jidanni,1,1,4.238678
jackyr,1,1,4.238678
techonolog,1,1,4.238678
lastrainson,1,1,4.238678
amz,1,2,4.238678
nybbl,1,1,4.238678
laterthanyouthink,1,1,4.238678
streamunrealglow,1,1,4.238678
shahmati,1,1,4.238678
webometr,1,8,4.238678
iamamz,1,1,4.238678
unsign,1,3,4.238678
pgr,1,1,4.238678
frankli,1,1,4.238678
wheel,1,1,4.238678
keen,1,1,4.238678
decent,1,1,4.238678
helplessli,1,1,4.238678
frontal,1,1,4.238678
kypark,1,2,4.238678
bourn,1,1,4.238678
taub,1,1,4.238678
mairal,1,1,4.238678
guez,1,1,4.238678
rodr,1,1,4.238678
ucca,1,2,4.238678
strauss,1,1,4.238678
lexico,1,1,4.238678
wordsey,1,1,4.238678
sproat,1,1,4.238678
coyn,1,1,4.238678
yucong,1,1,4.238678
macquari,1,1,4.238678
clt,1,1,4.238678
msi,1,1,4.238678
rbdota,1,2,4.238678
quarl,1,1,4.238678
akaibu,1,1,4.238678
